<?xml version="1.0" encoding="UTF-8"?>
<gpx creator="Garmin Connect" version="1.1"
  xsi:schemaLocation="http://www.topografix.com/GPX/1/1 http://www.topografix.com/GPX/11.xsd"
  xmlns:ns3="http://www.garmin.com/xmlschemas/TrackPointExtension/v1"
  xmlns="http://www.topografix.com/GPX/1/1"
  xmlns:xsi="http://www.w3.org/2001/XMLSchema-instance" xmlns:ns2="http://www.garmin.com/xmlschemas/GpxExtensions/v3">
  <metadata>
    <link href="connect.garmin.com">
      <text>Garmin Connect</text>
    </link>
    <time>2026-09-26T06:02:00.000Z</time>
  </metadata>
  <trk>
    <name>Москва Бег</name>
    <type>running</type>
    <trkseg>
      <trkpt lat="55.6321784667670726776123046875" lon="37.31193677522242069244384765625">
        <ele>196.399993896484375</ele>
        <time>2026-09-26T06:02:00.000Z</time>
        <extensions>
          <ns3:TrackPointExtension>
            <ns3:hr>72</ns3:hr>
            <ns3:cad>0</ns3:cad>
          </ns3:TrackPointExtension>
        </extensions>
      </trkpt>
      <trkpt lat="55.63217268325388431549072265625" lon="37.31193711049854755401611328125">
        <ele>196.399993896484375</ele>
        <time>2026-09-26T06:02:01.000Z</time>
        <extensions>
          <ns3:TrackPointExtension>
            <ns3:hr>72</ns3:hr>
            <ns3:cad>0</ns3:cad>
          </ns3:TrackPointExtension>
        </extensions>
      </trkpt>
      <trkpt lat="55.63218223862349987030029296875" lon="37.31190743856132030487060546875">
        <ele>196.399993896484375</ele>
        <time>2026-09-26T06:02:02.000Z</time>
        <extensions>
          <ns3:TrackPointExtension>
            <ns3:hr>71</ns3:hr>
            <ns3:cad>0</ns3:cad>
          </ns3:TrackPointExtension>
        </extensions>
      </trkpt>
      <trkpt lat="55.6321962364017963409423828125" lon="37.311895787715911865234375">
        <ele>196.600006103515625</ele>
        <time>2026-09-26T06:02:03.000Z</time>
        <extensions>
          <ns3:TrackPointExtension>
            <ns3:hr>72</ns3:hr>
            <ns3:cad>0</ns3:cad>
          </ns3:TrackPointExtension>
        </extensions>
      </trkpt>
      <trkpt lat="55.63221392221748828887939453125" lon="37.31187173165380954742431640625">
        <ele>196.600006103515625</ele>
        <time>2026-09-26T06:02:04.000Z</time>
        <extensions>
          <ns3:TrackPointExtension>
            <ns3:hr>73</ns3:hr>
            <ns3:cad>0</ns3:cad>
          </ns3:TrackPointExtension>
        </extensions>
      </trkpt>
      <trkpt lat="55.63222649507224559783935546875" lon="37.31185488402843475341796875">
        <ele>196.8000030517578125</ele>
        <time>2026-09-26T06:02:05.000Z</time>
        <extensions>
          <ns3:TrackPointExtension>
            <ns3:hr>73</ns3:hr>
            <ns3:cad>0</ns3:cad>
          </ns3:TrackPointExtension>
        </extensions>
      </trkpt>
      <trkpt lat="55.63224392943084239959716796875" lon="37.31183216907083988189697265625">
        <ele>196.8000030517578125</ele>
        <time>2026-09-26T06:02:06.000Z</time>
        <extensions>
          <ns3:TrackPointExtension>
            <ns3:hr>74</ns3:hr>
            <ns3:cad>81</ns3:cad>
          </ns3:TrackPointExtension>
        </extensions>
      </trkpt>
      <trkpt lat="55.6322606094181537628173828125" lon="37.31181154958903789520263671875">
        <ele>196.8000030517578125</ele>
        <time>2026-09-26T06:02:07.000Z</time>
        <extensions>
          <ns3:TrackPointExtension>
            <ns3:hr>75</ns3:hr>
            <ns3:cad>83</ns3:cad>
          </ns3:TrackPointExtension>
        </extensions>
      </trkpt>
      <trkpt lat="55.6322703324258327484130859375" lon="37.31179587543010711669921875">
        <ele>196.600006103515625</ele>
        <time>2026-09-26T06:02:08.000Z</time>
        <extensions>
          <ns3:TrackPointExtension>
            <ns3:hr>76</ns3:hr>
            <ns3:cad>83</ns3:cad>
          </ns3:TrackPointExtension>
        </extensions>
      </trkpt>
      <trkpt lat="55.63228349201381206512451171875" lon="37.31177366338670253753662109375">
        <ele>196.399993896484375</ele>
        <time>2026-09-26T06:02:09.000Z</time>
        <extensions>
          <ns3:TrackPointExtension>
            <ns3:hr>79</ns3:hr>
            <ns3:cad>83</ns3:cad>
          </ns3:TrackPointExtension>
        </extensions>
      </trkpt>
      <trkpt lat="55.6322984956204891204833984375" lon="37.31175052933394908905029296875">
        <ele>196.399993896484375</ele>
        <time>2026-09-26T06:02:10.000Z</time>
        <extensions>
          <ns3:TrackPointExtension>
            <ns3:hr>82</ns3:hr>
            <ns3:cad>85</ns3:cad>
          </ns3:TrackPointExtension>
        </extensions>
      </trkpt>
      <trkpt lat="55.6323155947029590606689453125" lon="37.3117279820144176483154296875">
        <ele>196.1999969482421875</ele>
        <time>2026-09-26T06:02:11.000Z</time>
        <extensions>
          <ns3:TrackPointExtension>
            <ns3:hr>84</ns3:hr>
            <ns3:cad>86</ns3:cad>
          </ns3:TrackPointExtension>
        </extensions>
      </trkpt>
      <trkpt lat="55.63234669156372547149658203125" lon="37.3116877488791942596435546875">
        <ele>196</ele>
        <time>2026-09-26T06:02:12.000Z</time>
        <extensions>
          <ns3:TrackPointExtension>
            <ns3:hr>86</ns3:hr>
            <ns3:cad>86</ns3:cad>
          </ns3:TrackPointExtension>
        </extensions>
      </trkpt>
      <trkpt lat="55.63237200491130352020263671875" lon="37.3116595856845378875732421875">
        <ele>196</ele>
        <time>2026-09-26T06:02:13.000Z</time>
        <extensions>
          <ns3:TrackPointExtension>
            <ns3:hr>87</ns3:hr>
            <ns3:cad>86</ns3:cad>
          </ns3:TrackPointExtension>
        </extensions>
      </trkpt>
      <trkpt lat="55.6323960609734058380126953125" lon="37.31163251213729381561279296875">
        <ele>196</ele>
        <time>2026-09-26T06:02:14.000Z</time>
        <extensions>
          <ns3:TrackPointExtension>
            <ns3:hr>89</ns3:hr>
            <ns3:cad>87</ns3:cad>
          </ns3:TrackPointExtension>
        </extensions>
      </trkpt>
      <trkpt lat="55.6324168480932712554931640625" lon="37.3116082884371280670166015625">
        <ele>196</ele>
        <time>2026-09-26T06:02:15.000Z</time>
        <extensions>
          <ns3:TrackPointExtension>
            <ns3:hr>90</ns3:hr>
            <ns3:cad>87</ns3:cad>
          </ns3:TrackPointExtension>
        </extensions>
      </trkpt>
      <trkpt lat="55.6324393115937709808349609375" lon="37.3115864954888820648193359375">
        <ele>196</ele>
        <time>2026-09-26T06:02:16.000Z</time>
        <extensions>
          <ns3:TrackPointExtension>
            <ns3:hr>92</ns3:hr>
            <ns3:cad>87</ns3:cad>
          </ns3:TrackPointExtension>
        </extensions>
      </trkpt>
      <trkpt lat="55.6324631161987781524658203125" lon="37.3115620203316211700439453125">
        <ele>196</ele>
        <time>2026-09-26T06:02:17.000Z</time>
        <extensions>
          <ns3:TrackPointExtension>
            <ns3:hr>93</ns3:hr>
            <ns3:cad>87</ns3:cad>
          </ns3:TrackPointExtension>
        </extensions>
      </trkpt>
      <trkpt lat="55.632485412061214447021484375" lon="37.31154031120240688323974609375">
        <ele>196</ele>
        <time>2026-09-26T06:02:18.000Z</time>
        <extensions>
          <ns3:TrackPointExtension>
            <ns3:hr>95</ns3:hr>
            <ns3:cad>87</ns3:cad>
          </ns3:TrackPointExtension>
        </extensions>
      </trkpt>
      <trkpt lat="55.6325043551623821258544921875" lon="37.31152002699673175811767578125">
        <ele>196.1999969482421875</ele>
        <time>2026-09-26T06:02:19.000Z</time>
        <extensions>
          <ns3:TrackPointExtension>
            <ns3:hr>96</ns3:hr>
            <ns3:cad>87</ns3:cad>
          </ns3:TrackPointExtension>
        </extensions>
      </trkpt>
      <trkpt lat="55.63252530992031097412109375" lon="37.31149622239172458648681640625">
        <ele>196.399993896484375</ele>
        <time>2026-09-26T06:02:20.000Z</time>
        <extensions>
          <ns3:TrackPointExtension>
            <ns3:hr>98</ns3:hr>
            <ns3:cad>87</ns3:cad>
          </ns3:TrackPointExtension>
        </extensions>
      </trkpt>
      <trkpt lat="55.6325445882976055145263671875" lon="37.31147677637636661529541015625">
        <ele>196.399993896484375</ele>
        <time>2026-09-26T06:02:21.000Z</time>
        <extensions>
          <ns3:TrackPointExtension>
            <ns3:hr>100</ns3:hr>
            <ns3:cad>87</ns3:cad>
          </ns3:TrackPointExtension>
        </extensions>
      </trkpt>
      <trkpt lat="55.63256395049393177032470703125" lon="37.31145984493196010589599609375">
        <ele>196.399993896484375</ele>
        <time>2026-09-26T06:02:22.000Z</time>
        <extensions>
          <ns3:TrackPointExtension>
            <ns3:hr>102</ns3:hr>
            <ns3:cad>87</ns3:cad>
          </ns3:TrackPointExtension>
        </extensions>
      </trkpt>
      <trkpt lat="55.63258389942348003387451171875" lon="37.3114456795156002044677734375">
        <ele>196.399993896484375</ele>
        <time>2026-09-26T06:02:23.000Z</time>
        <extensions>
          <ns3:TrackPointExtension>
            <ns3:hr>103</ns3:hr>
            <ns3:cad>87</ns3:cad>
          </ns3:TrackPointExtension>
        </extensions>
      </trkpt>
      <trkpt lat="55.63260552473366260528564453125" lon="37.311433441936969757080078125">
        <ele>196.399993896484375</ele>
        <time>2026-09-26T06:02:24.000Z</time>
        <extensions>
          <ns3:TrackPointExtension>
            <ns3:hr>105</ns3:hr>
            <ns3:cad>87</ns3:cad>
          </ns3:TrackPointExtension>
        </extensions>
      </trkpt>
      <trkpt lat="55.63262882642447948455810546875" lon="37.31141575612127780914306640625">
        <ele>196.399993896484375</ele>
        <time>2026-09-26T06:02:25.000Z</time>
        <extensions>
          <ns3:TrackPointExtension>
            <ns3:hr>107</ns3:hr>
            <ns3:cad>87</ns3:cad>
          </ns3:TrackPointExtension>
        </extensions>
      </trkpt>
      <trkpt lat="55.6326525472104549407958984375" lon="37.311396896839141845703125">
        <ele>196.399993896484375</ele>
        <time>2026-09-26T06:02:26.000Z</time>
        <extensions>
          <ns3:TrackPointExtension>
            <ns3:hr>108</ns3:hr>
            <ns3:cad>87</ns3:cad>
          </ns3:TrackPointExtension>
        </extensions>
      </trkpt>
      <trkpt lat="55.6326743401587009429931640625" lon="37.311381138861179351806640625">
        <ele>196.399993896484375</ele>
        <time>2026-09-26T06:02:27.000Z</time>
        <extensions>
          <ns3:TrackPointExtension>
            <ns3:hr>110</ns3:hr>
            <ns3:cad>87</ns3:cad>
          </ns3:TrackPointExtension>
        </extensions>
      </trkpt>
      <trkpt lat="55.632695965468883514404296875" lon="37.3113635368645191192626953125">
        <ele>196.399993896484375</ele>
        <time>2026-09-26T06:02:28.000Z</time>
        <extensions>
          <ns3:TrackPointExtension>
            <ns3:hr>111</ns3:hr>
            <ns3:cad>88</ns3:cad>
          </ns3:TrackPointExtension>
        </extensions>
      </trkpt>
      <trkpt lat="55.63272220082581043243408203125" lon="37.3113363794982433319091796875">
        <ele>196.399993896484375</ele>
        <time>2026-09-26T06:02:29.000Z</time>
        <extensions>
          <ns3:TrackPointExtension>
            <ns3:hr>113</ns3:hr>
            <ns3:cad>89</ns3:cad>
          </ns3:TrackPointExtension>
        </extensions>
      </trkpt>
      <trkpt lat="55.632740221917629241943359375" lon="37.3113038577139377593994140625">
        <ele>196.1999969482421875</ele>
        <time>2026-09-26T06:02:30.000Z</time>
        <extensions>
          <ns3:TrackPointExtension>
            <ns3:hr>114</ns3:hr>
            <ns3:cad>89</ns3:cad>
          </ns3:TrackPointExtension>
        </extensions>
      </trkpt>
      <trkpt lat="55.632763020694255828857421875" lon="37.311278879642486572265625">
        <ele>196</ele>
        <time>2026-09-26T06:02:31.000Z</time>
        <extensions>
          <ns3:TrackPointExtension>
            <ns3:hr>116</ns3:hr>
            <ns3:cad>88</ns3:cad>
          </ns3:TrackPointExtension>
        </extensions>
      </trkpt>
      <trkpt lat="55.63277953304350376129150390625" lon="37.31125582940876483917236328125">
        <ele>196</ele>
        <time>2026-09-26T06:02:32.000Z</time>
        <extensions>
          <ns3:TrackPointExtension>
            <ns3:hr>117</ns3:hr>
            <ns3:cad>87</ns3:cad>
          </ns3:TrackPointExtension>
        </extensions>
      </trkpt>
      <trkpt lat="55.63280216418206691741943359375" lon="37.31123655103147029876708984375">
        <ele>196</ele>
        <time>2026-09-26T06:02:33.000Z</time>
        <extensions>
          <ns3:TrackPointExtension>
            <ns3:hr>118</ns3:hr>
            <ns3:cad>87</ns3:cad>
          </ns3:TrackPointExtension>
        </extensions>
      </trkpt>
      <trkpt lat="55.63282714225351810455322265625" lon="37.31122029013931751251220703125">
        <ele>196</ele>
        <time>2026-09-26T06:02:34.000Z</time>
        <extensions>
          <ns3:TrackPointExtension>
            <ns3:hr>119</ns3:hr>
            <ns3:cad>88</ns3:cad>
          </ns3:TrackPointExtension>
        </extensions>
      </trkpt>
      <trkpt lat="55.6328491866588592529296875" lon="37.31120352633297443389892578125">
        <ele>195.8000030517578125</ele>
        <time>2026-09-26T06:02:35.000Z</time>
        <extensions>
          <ns3:TrackPointExtension>
            <ns3:hr>120</ns3:hr>
            <ns3:cad>88</ns3:cad>
          </ns3:TrackPointExtension>
        </extensions>
      </trkpt>
      <trkpt lat="55.63287223689258098602294921875" lon="37.3111901991069316864013671875">
        <ele>195.8000030517578125</ele>
        <time>2026-09-26T06:02:36.000Z</time>
        <extensions>
          <ns3:TrackPointExtension>
            <ns3:hr>121</ns3:hr>
            <ns3:cad>88</ns3:cad>
          </ns3:TrackPointExtension>
        </extensions>
      </trkpt>
      <trkpt lat="55.632895790040493011474609375" lon="37.31117251329123973846435546875">
        <ele>195.8000030517578125</ele>
        <time>2026-09-26T06:02:37.000Z</time>
        <extensions>
          <ns3:TrackPointExtension>
            <ns3:hr>122</ns3:hr>
            <ns3:cad>87</ns3:cad>
          </ns3:TrackPointExtension>
        </extensions>
      </trkpt>
      <trkpt lat="55.63292018137872219085693359375" lon="37.31114954687654972076416015625">
        <ele>195.600006103515625</ele>
        <time>2026-09-26T06:02:38.000Z</time>
        <extensions>
          <ns3:TrackPointExtension>
            <ns3:hr>122</ns3:hr>
            <ns3:cad>87</ns3:cad>
          </ns3:TrackPointExtension>
        </extensions>
      </trkpt>
      <trkpt lat="55.6329442374408245086669921875" lon="37.31111987493932247161865234375">
        <ele>195.600006103515625</ele>
        <time>2026-09-26T06:02:39.000Z</time>
        <extensions>
          <ns3:TrackPointExtension>
            <ns3:hr>123</ns3:hr>
            <ns3:cad>87</ns3:cad>
          </ns3:TrackPointExtension>
        </extensions>
      </trkpt>
      <trkpt lat="55.63296628184616565704345703125" lon="37.31109640561044216156005859375">
        <ele>195.399993896484375</ele>
        <time>2026-09-26T06:02:40.000Z</time>
        <extensions>
          <ns3:TrackPointExtension>
            <ns3:hr>124</ns3:hr>
            <ns3:cad>88</ns3:cad>
          </ns3:TrackPointExtension>
        </extensions>
      </trkpt>
      <trkpt lat="55.6329884938895702362060546875" lon="37.31107662431895732879638671875">
        <ele>195.399993896484375</ele>
        <time>2026-09-26T06:02:41.000Z</time>
        <extensions>
          <ns3:TrackPointExtension>
            <ns3:hr>125</ns3:hr>
            <ns3:cad>88</ns3:cad>
          </ns3:TrackPointExtension>
        </extensions>
      </trkpt>
      <trkpt lat="55.633011125028133392333984375" lon="37.311053574085235595703125">
        <ele>195.1999969482421875</ele>
        <time>2026-09-26T06:02:42.000Z</time>
        <extensions>
          <ns3:TrackPointExtension>
            <ns3:hr>125</ns3:hr>
            <ns3:cad>87</ns3:cad>
          </ns3:TrackPointExtension>
        </extensions>
      </trkpt>
      <trkpt lat="55.63303115777671337127685546875" lon="37.31103052385151386260986328125">
        <ele>195.1999969482421875</ele>
        <time>2026-09-26T06:02:43.000Z</time>
        <extensions>
          <ns3:TrackPointExtension>
            <ns3:hr>126</ns3:hr>
            <ns3:cad>87</ns3:cad>
          </ns3:TrackPointExtension>
        </extensions>
      </trkpt>
      <trkpt lat="55.6330525316298007965087890625" lon="37.31101191602647304534912109375">
        <ele>195.1999969482421875</ele>
        <time>2026-09-26T06:02:44.000Z</time>
        <extensions>
          <ns3:TrackPointExtension>
            <ns3:hr>126</ns3:hr>
            <ns3:cad>87</ns3:cad>
          </ns3:TrackPointExtension>
        </extensions>
      </trkpt>
      <trkpt lat="55.63307373784482479095458984375" lon="37.3109833337366580963134765625">
        <ele>194.8000030517578125</ele>
        <time>2026-09-26T06:02:45.000Z</time>
        <extensions>
          <ns3:TrackPointExtension>
            <ns3:hr>127</ns3:hr>
            <ns3:cad>87</ns3:cad>
          </ns3:TrackPointExtension>
        </extensions>
      </trkpt>
      <trkpt lat="55.63309796154499053955078125" lon="37.31095693074166774749755859375">
        <ele>194.600006103515625</ele>
        <time>2026-09-26T06:02:46.000Z</time>
        <extensions>
          <ns3:TrackPointExtension>
            <ns3:hr>127</ns3:hr>
            <ns3:cad>87</ns3:cad>
          </ns3:TrackPointExtension>
        </extensions>
      </trkpt>
      <trkpt lat="55.63311916776001453399658203125" lon="37.3109320364892482757568359375">
        <ele>194.399993896484375</ele>
        <time>2026-09-26T06:02:47.000Z</time>
        <extensions>
          <ns3:TrackPointExtension>
            <ns3:hr>128</ns3:hr>
            <ns3:cad>88</ns3:cad>
          </ns3:TrackPointExtension>
        </extensions>
      </trkpt>
      <trkpt lat="55.63314364291727542877197265625" lon="37.31091133318841457366943359375">
        <ele>194.1999969482421875</ele>
        <time>2026-09-26T06:02:48.000Z</time>
        <extensions>
          <ns3:TrackPointExtension>
            <ns3:hr>129</ns3:hr>
            <ns3:cad>88</ns3:cad>
          </ns3:TrackPointExtension>
        </extensions>
      </trkpt>
      <trkpt lat="55.6331702135503292083740234375" lon="37.310888282954692840576171875">
        <ele>193.8000030517578125</ele>
        <time>2026-09-26T06:02:49.000Z</time>
        <extensions>
          <ns3:TrackPointExtension>
            <ns3:hr>130</ns3:hr>
            <ns3:cad>88</ns3:cad>
          </ns3:TrackPointExtension>
        </extensions>
      </trkpt>
      <trkpt lat="55.63319460488855838775634765625" lon="37.31086573563516139984130859375">
        <ele>193.600006103515625</ele>
        <time>2026-09-26T06:02:50.000Z</time>
        <extensions>
          <ns3:TrackPointExtension>
            <ns3:hr>130</ns3:hr>
            <ns3:cad>88</ns3:cad>
          </ns3:TrackPointExtension>
        </extensions>
      </trkpt>
      <trkpt lat="55.63321639783680438995361328125" lon="37.31084679253399372100830078125">
        <ele>193.600006103515625</ele>
        <time>2026-09-26T06:02:51.000Z</time>
        <extensions>
          <ns3:TrackPointExtension>
            <ns3:hr>131</ns3:hr>
            <ns3:cad>88</ns3:cad>
          </ns3:TrackPointExtension>
        </extensions>
      </trkpt>
      <trkpt lat="55.63323986716568470001220703125" lon="37.31082432903349399566650390625">
        <ele>193.399993896484375</ele>
        <time>2026-09-26T06:02:52.000Z</time>
        <extensions>
          <ns3:TrackPointExtension>
            <ns3:hr>132</ns3:hr>
            <ns3:cad>88</ns3:cad>
          </ns3:TrackPointExtension>
        </extensions>
      </trkpt>
      <trkpt lat="55.6332677789032459259033203125" lon="37.3108022846281528472900390625">
        <ele>193.399993896484375</ele>
        <time>2026-09-26T06:02:53.000Z</time>
        <extensions>
          <ns3:TrackPointExtension>
            <ns3:hr>132</ns3:hr>
            <ns3:cad>88</ns3:cad>
          </ns3:TrackPointExtension>
        </extensions>
      </trkpt>
      <trkpt lat="55.63329166732728481292724609375" lon="37.31078007258474826812744140625">
        <ele>193.1999969482421875</ele>
        <time>2026-09-26T06:02:54.000Z</time>
        <extensions>
          <ns3:TrackPointExtension>
            <ns3:hr>133</ns3:hr>
            <ns3:cad>88</ns3:cad>
          </ns3:TrackPointExtension>
        </extensions>
      </trkpt>
      <trkpt lat="55.6333187408745288848876953125" lon="37.31075224466621875762939453125">
        <ele>193.1999969482421875</ele>
        <time>2026-09-26T06:02:55.000Z</time>
        <extensions>
          <ns3:TrackPointExtension>
            <ns3:hr>133</ns3:hr>
            <ns3:cad>88</ns3:cad>
          </ns3:TrackPointExtension>
        </extensions>
      </trkpt>
      <trkpt lat="55.63334212638437747955322265625" lon="37.3107288591563701629638671875">
        <ele>193.1999969482421875</ele>
        <time>2026-09-26T06:02:56.000Z</time>
        <extensions>
          <ns3:TrackPointExtension>
            <ns3:hr>134</ns3:hr>
            <ns3:cad>88</ns3:cad>
          </ns3:TrackPointExtension>
        </extensions>
      </trkpt>
      <trkpt lat="55.6333653442561626434326171875" lon="37.3107062280178070068359375">
        <ele>193</ele>
        <time>2026-09-26T06:02:57.000Z</time>
        <extensions>
          <ns3:TrackPointExtension>
            <ns3:hr>134</ns3:hr>
            <ns3:cad>87</ns3:cad>
          </ns3:TrackPointExtension>
        </extensions>
      </trkpt>
      <trkpt lat="55.63338923268020153045654296875" lon="37.31068250723183155059814453125">
        <ele>192.8000030517578125</ele>
        <time>2026-09-26T06:02:58.000Z</time>
        <extensions>
          <ns3:TrackPointExtension>
            <ns3:hr>135</ns3:hr>
            <ns3:cad>87</ns3:cad>
          </ns3:TrackPointExtension>
        </extensions>
      </trkpt>
      <trkpt lat="55.6334146298468112945556640625" lon="37.31065970845520496368408203125">
        <ele>192.600006103515625</ele>
        <time>2026-09-26T06:02:59.000Z</time>
        <extensions>
          <ns3:TrackPointExtension>
            <ns3:hr>136</ns3:hr>
            <ns3:cad>87</ns3:cad>
          </ns3:TrackPointExtension>
        </extensions>
      </trkpt>
      <trkpt lat="55.63343726098537445068359375" lon="37.3106349818408489227294921875">
        <ele>192.1999969482421875</ele>
        <time>2026-09-26T06:03:00.000Z</time>
        <extensions>
          <ns3:TrackPointExtension>
            <ns3:hr>136</ns3:hr>
            <ns3:cad>87</ns3:cad>
          </ns3:TrackPointExtension>
        </extensions>
      </trkpt>
      <trkpt lat="55.63345871865749359130859375" lon="37.3106043040752410888671875">
        <ele>192</ele>
        <time>2026-09-26T06:03:01.000Z</time>
        <extensions>
          <ns3:TrackPointExtension>
            <ns3:hr>137</ns3:hr>
            <ns3:cad>87</ns3:cad>
          </ns3:TrackPointExtension>
        </extensions>
      </trkpt>
      <trkpt lat="55.63347254879772663116455078125" lon="37.3105655796825885772705078125">
        <ele>192</ele>
        <time>2026-09-26T06:03:02.000Z</time>
        <extensions>
          <ns3:TrackPointExtension>
            <ns3:hr>138</ns3:hr>
            <ns3:cad>87</ns3:cad>
          </ns3:TrackPointExtension>
        </extensions>
      </trkpt>
      <trkpt lat="55.63348956406116485595703125" lon="37.310522831976413726806640625">
        <ele>192</ele>
        <time>2026-09-26T06:03:03.000Z</time>
        <extensions>
          <ns3:TrackPointExtension>
            <ns3:hr>139</ns3:hr>
            <ns3:cad>88</ns3:cad>
          </ns3:TrackPointExtension>
        </extensions>
      </trkpt>
      <trkpt lat="55.63350574113428592681884765625" lon="37.31048762798309326171875">
        <ele>192</ele>
        <time>2026-09-26T06:03:04.000Z</time>
        <extensions>
          <ns3:TrackPointExtension>
            <ns3:hr>140</ns3:hr>
            <ns3:cad>88</ns3:cad>
          </ns3:TrackPointExtension>
        </extensions>
      </trkpt>
      <trkpt lat="55.633523426949977874755859375" lon="37.31045611202716827392578125">
        <ele>191.8000030517578125</ele>
        <time>2026-09-26T06:03:05.000Z</time>
        <extensions>
          <ns3:TrackPointExtension>
            <ns3:hr>141</ns3:hr>
            <ns3:cad>88</ns3:cad>
          </ns3:TrackPointExtension>
        </extensions>
      </trkpt>
      <trkpt lat="55.63353993929922580718994140625" lon="37.3104272782802581787109375">
        <ele>191.8000030517578125</ele>
        <time>2026-09-26T06:03:06.000Z</time>
        <extensions>
          <ns3:TrackPointExtension>
            <ns3:hr>142</ns3:hr>
            <ns3:cad>88</ns3:cad>
          </ns3:TrackPointExtension>
        </extensions>
      </trkpt>
      <trkpt lat="55.63355603255331516265869140625" lon="37.3104016296565532684326171875">
        <ele>191.600006103515625</ele>
        <time>2026-09-26T06:03:07.000Z</time>
        <extensions>
          <ns3:TrackPointExtension>
            <ns3:hr>143</ns3:hr>
            <ns3:cad>88</ns3:cad>
          </ns3:TrackPointExtension>
        </extensions>
      </trkpt>
      <trkpt lat="55.633577741682529449462890625" lon="37.3103816807270050048828125">
        <ele>191.399993896484375</ele>
        <time>2026-09-26T06:03:08.000Z</time>
        <extensions>
          <ns3:TrackPointExtension>
            <ns3:hr>143</ns3:hr>
            <ns3:cad>88</ns3:cad>
          </ns3:TrackPointExtension>
        </extensions>
      </trkpt>
      <trkpt lat="55.63359894789755344390869140625" lon="37.31036500073969364166259765625">
        <ele>191</ele>
        <time>2026-09-26T06:03:09.000Z</time>
        <extensions>
          <ns3:TrackPointExtension>
            <ns3:hr>144</ns3:hr>
            <ns3:cad>88</ns3:cad>
          </ns3:TrackPointExtension>
        </extensions>
      </trkpt>
      <trkpt lat="55.6336201541125774383544921875" lon="37.31034387834370136260986328125">
        <ele>190.8000030517578125</ele>
        <time>2026-09-26T06:03:10.000Z</time>
        <extensions>
          <ns3:TrackPointExtension>
            <ns3:hr>145</ns3:hr>
            <ns3:cad>88</ns3:cad>
          </ns3:TrackPointExtension>
        </extensions>
      </trkpt>
      <trkpt lat="55.633642114698886871337890625" lon="37.3103228397667407989501953125">
        <ele>190.399993896484375</ele>
        <time>2026-09-26T06:03:11.000Z</time>
        <extensions>
          <ns3:TrackPointExtension>
            <ns3:hr>145</ns3:hr>
            <ns3:cad>87</ns3:cad>
          </ns3:TrackPointExtension>
        </extensions>
      </trkpt>
      <trkpt lat="55.63366868533194065093994140625" lon="37.3102983646094799041748046875">
        <ele>189.8000030517578125</ele>
        <time>2026-09-26T06:03:12.000Z</time>
        <extensions>
          <ns3:TrackPointExtension>
            <ns3:hr>145</ns3:hr>
            <ns3:cad>87</ns3:cad>
          </ns3:TrackPointExtension>
        </extensions>
      </trkpt>
      <trkpt lat="55.63368880189955234527587890625" lon="37.31027212925255298614501953125">
        <ele>189.399993896484375</ele>
        <time>2026-09-26T06:03:13.000Z</time>
        <extensions>
          <ns3:TrackPointExtension>
            <ns3:hr>146</ns3:hr>
            <ns3:cad>88</ns3:cad>
          </ns3:TrackPointExtension>
        </extensions>
      </trkpt>
      <trkpt lat="55.63371059484779834747314453125" lon="37.3102396912872791290283203125">
        <ele>189.1999969482421875</ele>
        <time>2026-09-26T06:03:14.000Z</time>
        <extensions>
          <ns3:TrackPointExtension>
            <ns3:hr>146</ns3:hr>
            <ns3:cad>88</ns3:cad>
          </ns3:TrackPointExtension>
        </extensions>
      </trkpt>
      <trkpt lat="55.6337287835776805877685546875" lon="37.31020691804587841033935546875">
        <ele>188.8000030517578125</ele>
        <time>2026-09-26T06:03:15.000Z</time>
        <extensions>
          <ns3:TrackPointExtension>
            <ns3:hr>147</ns3:hr>
            <ns3:cad>88</ns3:cad>
          </ns3:TrackPointExtension>
        </extensions>
      </trkpt>
      <trkpt lat="55.633745379745960235595703125" lon="37.3101743124425411224365234375">
        <ele>188.600006103515625</ele>
        <time>2026-09-26T06:03:16.000Z</time>
        <extensions>
          <ns3:TrackPointExtension>
            <ns3:hr>147</ns3:hr>
            <ns3:cad>87</ns3:cad>
          </ns3:TrackPointExtension>
        </extensions>
      </trkpt>
      <trkpt lat="55.633759796619415283203125" lon="37.31013701297342777252197265625">
        <ele>188.399993896484375</ele>
        <time>2026-09-26T06:03:17.000Z</time>
        <extensions>
          <ns3:TrackPointExtension>
            <ns3:hr>147</ns3:hr>
            <ns3:cad>87</ns3:cad>
          </ns3:TrackPointExtension>
        </extensions>
      </trkpt>
      <trkpt lat="55.63377178274095058441162109375" lon="37.31009795330464839935302734375">
        <ele>188.1999969482421875</ele>
        <time>2026-09-26T06:03:18.000Z</time>
        <extensions>
          <ns3:TrackPointExtension>
            <ns3:hr>147</ns3:hr>
            <ns3:cad>87</ns3:cad>
          </ns3:TrackPointExtension>
        </extensions>
      </trkpt>
      <trkpt lat="55.63378049992024898529052734375" lon="37.3100589774549007415771484375">
        <ele>188</ele>
        <time>2026-09-26T06:03:19.000Z</time>
        <extensions>
          <ns3:TrackPointExtension>
            <ns3:hr>148</ns3:hr>
            <ns3:cad>87</ns3:cad>
          </ns3:TrackPointExtension>
        </extensions>
      </trkpt>
      <trkpt lat="55.63378670252859592437744140625" lon="37.3100204207003116607666015625">
        <ele>188</ele>
        <time>2026-09-26T06:03:20.000Z</time>
        <extensions>
          <ns3:TrackPointExtension>
            <ns3:hr>148</ns3:hr>
            <ns3:cad>87</ns3:cad>
          </ns3:TrackPointExtension>
        </extensions>
      </trkpt>
      <trkpt lat="55.63379055820405483245849609375" lon="37.30998077429831027984619140625">
        <ele>188</ele>
        <time>2026-09-26T06:03:21.000Z</time>
        <extensions>
          <ns3:TrackPointExtension>
            <ns3:hr>148</ns3:hr>
            <ns3:cad>87</ns3:cad>
          </ns3:TrackPointExtension>
        </extensions>
      </trkpt>
      <trkpt lat="55.63378435559570789337158203125" lon="37.3099433071911334991455078125">
        <ele>188</ele>
        <time>2026-09-26T06:03:22.000Z</time>
        <extensions>
          <ns3:TrackPointExtension>
            <ns3:hr>148</ns3:hr>
            <ns3:cad>87</ns3:cad>
          </ns3:TrackPointExtension>
        </extensions>
      </trkpt>
      <trkpt lat="55.63378117047250270843505859375" lon="37.30989754199981689453125">
        <ele>188</ele>
        <time>2026-09-26T06:03:23.000Z</time>
        <extensions>
          <ns3:TrackPointExtension>
            <ns3:hr>148</ns3:hr>
            <ns3:cad>86</ns3:cad>
          </ns3:TrackPointExtension>
        </extensions>
      </trkpt>
      <trkpt lat="55.63377765007317066192626953125" lon="37.30984725058078765869140625">
        <ele>188.1999969482421875</ele>
        <time>2026-09-26T06:03:24.000Z</time>
        <extensions>
          <ns3:TrackPointExtension>
            <ns3:hr>148</ns3:hr>
            <ns3:cad>86</ns3:cad>
          </ns3:TrackPointExtension>
        </extensions>
      </trkpt>
      <trkpt lat="55.63377412967383861541748046875" lon="37.30979788117110729217529296875">
        <ele>188.1999969482421875</ele>
        <time>2026-09-26T06:03:25.000Z</time>
        <extensions>
          <ns3:TrackPointExtension>
            <ns3:hr>148</ns3:hr>
            <ns3:cad>87</ns3:cad>
          </ns3:TrackPointExtension>
        </extensions>
      </trkpt>
      <trkpt lat="55.6337696872651576995849609375" lon="37.30975429527461528778076171875">
        <ele>188.1999969482421875</ele>
        <time>2026-09-26T06:03:26.000Z</time>
        <extensions>
          <ns3:TrackPointExtension>
            <ns3:hr>147</ns3:hr>
            <ns3:cad>87</ns3:cad>
          </ns3:TrackPointExtension>
        </extensions>
      </trkpt>
      <trkpt lat="55.63376474194228649139404296875" lon="37.3096992261707782745361328125">
        <ele>188.399993896484375</ele>
        <time>2026-09-26T06:03:27.000Z</time>
        <extensions>
          <ns3:TrackPointExtension>
            <ns3:hr>147</ns3:hr>
            <ns3:cad>87</ns3:cad>
          </ns3:TrackPointExtension>
        </extensions>
      </trkpt>
      <trkpt lat="55.6337576173245906829833984375" lon="37.30965488590300083160400390625">
        <ele>188.399993896484375</ele>
        <time>2026-09-26T06:03:28.000Z</time>
        <extensions>
          <ns3:TrackPointExtension>
            <ns3:hr>148</ns3:hr>
            <ns3:cad>88</ns3:cad>
          </ns3:TrackPointExtension>
        </extensions>
      </trkpt>
      <trkpt lat="55.63374797813594341278076171875" lon="37.30959780514240264892578125">
        <ele>188.600006103515625</ele>
        <time>2026-09-26T06:03:29.000Z</time>
        <extensions>
          <ns3:TrackPointExtension>
            <ns3:hr>148</ns3:hr>
            <ns3:cad>88</ns3:cad>
          </ns3:TrackPointExtension>
        </extensions>
      </trkpt>
      <trkpt lat="55.6337371654808521270751953125" lon="37.3095600865781307220458984375">
        <ele>188.8000030517578125</ele>
        <time>2026-09-26T06:03:30.000Z</time>
        <extensions>
          <ns3:TrackPointExtension>
            <ns3:hr>148</ns3:hr>
            <ns3:cad>88</ns3:cad>
          </ns3:TrackPointExtension>
        </extensions>
      </trkpt>
      <trkpt lat="55.6337237544357776641845703125" lon="37.3095211945474147796630859375">
        <ele>189</ele>
        <time>2026-09-26T06:03:31.000Z</time>
        <extensions>
          <ns3:TrackPointExtension>
            <ns3:hr>148</ns3:hr>
            <ns3:cad>88</ns3:cad>
          </ns3:TrackPointExtension>
        </extensions>
      </trkpt>
      <trkpt lat="55.6337103433907032012939453125" lon="37.309480793774127960205078125">
        <ele>189.1999969482421875</ele>
        <time>2026-09-26T06:03:32.000Z</time>
        <extensions>
          <ns3:TrackPointExtension>
            <ns3:hr>148</ns3:hr>
            <ns3:cad>88</ns3:cad>
          </ns3:TrackPointExtension>
        </extensions>
      </trkpt>
      <trkpt lat="55.63369986601173877716064453125" lon="37.3094400577247142791748046875">
        <ele>189.1999969482421875</ele>
        <time>2026-09-26T06:03:33.000Z</time>
        <extensions>
          <ns3:TrackPointExtension>
            <ns3:hr>148</ns3:hr>
            <ns3:cad>88</ns3:cad>
          </ns3:TrackPointExtension>
        </extensions>
      </trkpt>
      <trkpt lat="55.63369341194629669189453125" lon="37.30939873494207859039306640625">
        <ele>189.399993896484375</ele>
        <time>2026-09-26T06:03:34.000Z</time>
        <extensions>
          <ns3:TrackPointExtension>
            <ns3:hr>148</ns3:hr>
            <ns3:cad>88</ns3:cad>
          </ns3:TrackPointExtension>
        </extensions>
      </trkpt>
      <trkpt lat="55.63368595205247402191162109375" lon="37.30936042964458465576171875">
        <ele>189.8000030517578125</ele>
        <time>2026-09-26T06:03:35.000Z</time>
        <extensions>
          <ns3:TrackPointExtension>
            <ns3:hr>149</ns3:hr>
            <ns3:cad>88</ns3:cad>
          </ns3:TrackPointExtension>
        </extensions>
      </trkpt>
      <trkpt lat="55.63368276692926883697509765625" lon="37.309323213994503021240234375">
        <ele>189.8000030517578125</ele>
        <time>2026-09-26T06:03:36.000Z</time>
        <extensions>
          <ns3:TrackPointExtension>
            <ns3:hr>149</ns3:hr>
            <ns3:cad>87</ns3:cad>
          </ns3:TrackPointExtension>
        </extensions>
      </trkpt>
      <trkpt lat="55.633679665625095367431640625" lon="37.3092878423631191253662109375">
        <ele>190</ele>
        <time>2026-09-26T06:03:37.000Z</time>
        <extensions>
          <ns3:TrackPointExtension>
            <ns3:hr>149</ns3:hr>
            <ns3:cad>87</ns3:cad>
          </ns3:TrackPointExtension>
        </extensions>
      </trkpt>
      <trkpt lat="55.633676312863826751708984375" lon="37.309248112142086029052734375">
        <ele>190.1999969482421875</ele>
        <time>2026-09-26T06:03:38.000Z</time>
        <extensions>
          <ns3:TrackPointExtension>
            <ns3:hr>149</ns3:hr>
            <ns3:cad>87</ns3:cad>
          </ns3:TrackPointExtension>
        </extensions>
      </trkpt>
      <trkpt lat="55.6336694397032260894775390625" lon="37.30920125730335712432861328125">
        <ele>190.399993896484375</ele>
        <time>2026-09-26T06:03:39.000Z</time>
        <extensions>
          <ns3:TrackPointExtension>
            <ns3:hr>149</ns3:hr>
            <ns3:cad>87</ns3:cad>
          </ns3:TrackPointExtension>
        </extensions>
      </trkpt>
      <trkpt lat="55.633662901818752288818359375" lon="37.30915549211204051971435546875">
        <ele>190.600006103515625</ele>
        <time>2026-09-26T06:03:40.000Z</time>
        <extensions>
          <ns3:TrackPointExtension>
            <ns3:hr>150</ns3:hr>
            <ns3:cad>87</ns3:cad>
          </ns3:TrackPointExtension>
        </extensions>
      </trkpt>
      <trkpt lat="55.6336560286581516265869140625" lon="37.309111990034580230712890625">
        <ele>191</ele>
        <time>2026-09-26T06:03:41.000Z</time>
        <extensions>
          <ns3:TrackPointExtension>
            <ns3:hr>150</ns3:hr>
            <ns3:cad>87</ns3:cad>
          </ns3:TrackPointExtension>
        </extensions>
      </trkpt>
      <trkpt lat="55.63364957459270954132080078125" lon="37.30906882323324680328369140625">
        <ele>191</ele>
        <time>2026-09-26T06:03:42.000Z</time>
        <extensions>
          <ns3:TrackPointExtension>
            <ns3:hr>150</ns3:hr>
            <ns3:cad>87</ns3:cad>
          </ns3:TrackPointExtension>
        </extensions>
      </trkpt>
      <trkpt lat="55.63364136032760143280029296875" lon="37.3090196214616298675537109375">
        <ele>191</ele>
        <time>2026-09-26T06:03:43.000Z</time>
        <extensions>
          <ns3:TrackPointExtension>
            <ns3:hr>150</ns3:hr>
            <ns3:cad>86</ns3:cad>
          </ns3:TrackPointExtension>
        </extensions>
      </trkpt>
      <trkpt lat="55.6336350739002227783203125" lon="37.3089710064232349395751953125">
        <ele>191</ele>
        <time>2026-09-26T06:03:44.000Z</time>
        <extensions>
          <ns3:TrackPointExtension>
            <ns3:hr>150</ns3:hr>
            <ns3:cad>86</ns3:cad>
          </ns3:TrackPointExtension>
        </extensions>
      </trkpt>
      <trkpt lat="55.633631385862827301025390625" lon="37.3089217208325862884521484375">
        <ele>191</ele>
        <time>2026-09-26T06:03:45.000Z</time>
        <extensions>
          <ns3:TrackPointExtension>
            <ns3:hr>151</ns3:hr>
            <ns3:cad>86</ns3:cad>
          </ns3:TrackPointExtension>
        </extensions>
      </trkpt>
      <trkpt lat="55.63362493179738521575927734375" lon="37.30887352488934993743896484375">
        <ele>191</ele>
        <time>2026-09-26T06:03:46.000Z</time>
        <extensions>
          <ns3:TrackPointExtension>
            <ns3:hr>151</ns3:hr>
            <ns3:cad>86</ns3:cad>
          </ns3:TrackPointExtension>
        </extensions>
      </trkpt>
      <trkpt lat="55.63361696898937225341796875" lon="37.30882574804127216339111328125">
        <ele>191.1999969482421875</ele>
        <time>2026-09-26T06:03:47.000Z</time>
        <extensions>
          <ns3:TrackPointExtension>
            <ns3:hr>151</ns3:hr>
            <ns3:cad>87</ns3:cad>
          </ns3:TrackPointExtension>
        </extensions>
      </trkpt>
      <trkpt lat="55.633609257638454437255859375" lon="37.30877998284995555877685546875">
        <ele>191.1999969482421875</ele>
        <time>2026-09-26T06:03:48.000Z</time>
        <extensions>
          <ns3:TrackPointExtension>
            <ns3:hr>151</ns3:hr>
            <ns3:cad>88</ns3:cad>
          </ns3:TrackPointExtension>
        </extensions>
      </trkpt>
      <trkpt lat="55.6336000375449657440185546875" lon="37.3087322898209095001220703125">
        <ele>191.1999969482421875</ele>
        <time>2026-09-26T06:03:49.000Z</time>
        <extensions>
          <ns3:TrackPointExtension>
            <ns3:hr>151</ns3:hr>
            <ns3:cad>88</ns3:cad>
          </ns3:TrackPointExtension>
        </extensions>
      </trkpt>
      <trkpt lat="55.63359475694596767425537109375" lon="37.30869029648602008819580078125">
        <ele>191.1999969482421875</ele>
        <time>2026-09-26T06:03:50.000Z</time>
        <extensions>
          <ns3:TrackPointExtension>
            <ns3:hr>152</ns3:hr>
            <ns3:cad>87</ns3:cad>
          </ns3:TrackPointExtension>
        </extensions>
      </trkpt>
      <trkpt lat="55.633585788309574127197265625" lon="37.30864671058952808380126953125">
        <ele>191.1999969482421875</ele>
        <time>2026-09-26T06:03:51.000Z</time>
        <extensions>
          <ns3:TrackPointExtension>
            <ns3:hr>152</ns3:hr>
            <ns3:cad>87</ns3:cad>
          </ns3:TrackPointExtension>
        </extensions>
      </trkpt>
      <trkpt lat="55.63358151353895664215087890625" lon="37.30860295705497264862060546875">
        <ele>191.1999969482421875</ele>
        <time>2026-09-26T06:03:52.000Z</time>
        <extensions>
          <ns3:TrackPointExtension>
            <ns3:hr>152</ns3:hr>
            <ns3:cad>87</ns3:cad>
          </ns3:TrackPointExtension>
        </extensions>
      </trkpt>
      <trkpt lat="55.63357749022543430328369140625" lon="37.30855853296816349029541015625">
        <ele>191.1999969482421875</ele>
        <time>2026-09-26T06:03:53.000Z</time>
        <extensions>
          <ns3:TrackPointExtension>
            <ns3:hr>152</ns3:hr>
            <ns3:cad>88</ns3:cad>
          </ns3:TrackPointExtension>
        </extensions>
      </trkpt>
      <trkpt lat="55.63357095234096050262451171875" lon="37.30851897038519382476806640625">
        <ele>191.1999969482421875</ele>
        <time>2026-09-26T06:03:54.000Z</time>
        <extensions>
          <ns3:TrackPointExtension>
            <ns3:hr>153</ns3:hr>
            <ns3:cad>88</ns3:cad>
          </ns3:TrackPointExtension>
        </extensions>
      </trkpt>
      <trkpt lat="55.63356676138937473297119140625" lon="37.30848443694412708282470703125">
        <ele>191</ele>
        <time>2026-09-26T06:03:55.000Z</time>
        <extensions>
          <ns3:TrackPointExtension>
            <ns3:hr>153</ns3:hr>
            <ns3:cad>87</ns3:cad>
          </ns3:TrackPointExtension>
        </extensions>
      </trkpt>
      <trkpt lat="55.63356332480907440185546875" lon="37.30844923295080661773681640625">
        <ele>191</ele>
        <time>2026-09-26T06:03:56.000Z</time>
        <extensions>
          <ns3:TrackPointExtension>
            <ns3:hr>153</ns3:hr>
            <ns3:cad>87</ns3:cad>
          </ns3:TrackPointExtension>
        </extensions>
      </trkpt>
      <trkpt lat="55.63356072641909122467041015625" lon="37.30841184966266155242919921875">
        <ele>191</ele>
        <time>2026-09-26T06:03:57.000Z</time>
        <extensions>
          <ns3:TrackPointExtension>
            <ns3:hr>153</ns3:hr>
            <ns3:cad>87</ns3:cad>
          </ns3:TrackPointExtension>
        </extensions>
      </trkpt>
      <trkpt lat="55.6335546076297760009765625" lon="37.30837295763194561004638671875">
        <ele>191</ele>
        <time>2026-09-26T06:03:58.000Z</time>
        <extensions>
          <ns3:TrackPointExtension>
            <ns3:hr>153</ns3:hr>
            <ns3:cad>87</ns3:cad>
          </ns3:TrackPointExtension>
        </extensions>
      </trkpt>
      <trkpt lat="55.63354966230690479278564453125" lon="37.3083289526402950286865234375">
        <ele>191</ele>
        <time>2026-09-26T06:03:59.000Z</time>
        <extensions>
          <ns3:TrackPointExtension>
            <ns3:hr>153</ns3:hr>
            <ns3:cad>87</ns3:cad>
          </ns3:TrackPointExtension>
        </extensions>
      </trkpt>
      <trkpt lat="55.63354698009788990020751953125" lon="37.30828595347702503204345703125">
        <ele>191</ele>
        <time>2026-09-26T06:04:00.000Z</time>
        <extensions>
          <ns3:TrackPointExtension>
            <ns3:hr>153</ns3:hr>
            <ns3:cad>86</ns3:cad>
          </ns3:TrackPointExtension>
        </extensions>
      </trkpt>
      <trkpt lat="55.63354496844112873077392578125" lon="37.3082412779331207275390625">
        <ele>191</ele>
        <time>2026-09-26T06:04:01.000Z</time>
        <extensions>
          <ns3:TrackPointExtension>
            <ns3:hr>153</ns3:hr>
            <ns3:cad>86</ns3:cad>
          </ns3:TrackPointExtension>
        </extensions>
      </trkpt>
      <trkpt lat="55.63354052603244781494140625" lon="37.308201380074024200439453125">
        <ele>191</ele>
        <time>2026-09-26T06:04:02.000Z</time>
        <extensions>
          <ns3:TrackPointExtension>
            <ns3:hr>153</ns3:hr>
            <ns3:cad>86</ns3:cad>
          </ns3:TrackPointExtension>
        </extensions>
      </trkpt>
      <trkpt lat="55.63353558070957660675048828125" lon="37.30816550552845001220703125">
        <ele>191</ele>
        <time>2026-09-26T06:04:03.000Z</time>
        <extensions>
          <ns3:TrackPointExtension>
            <ns3:hr>153</ns3:hr>
            <ns3:cad>86</ns3:cad>
          </ns3:TrackPointExtension>
        </extensions>
      </trkpt>
      <trkpt lat="55.63352979719638824462890625" lon="37.30812652967870235443115234375">
        <ele>191</ele>
        <time>2026-09-26T06:04:04.000Z</time>
        <extensions>
          <ns3:TrackPointExtension>
            <ns3:hr>153</ns3:hr>
            <ns3:cad>86</ns3:cad>
          </ns3:TrackPointExtension>
        </extensions>
      </trkpt>
      <trkpt lat="55.63352845609188079833984375" lon="37.3080858774483203887939453125">
        <ele>191</ele>
        <time>2026-09-26T06:04:05.000Z</time>
        <extensions>
          <ns3:TrackPointExtension>
            <ns3:hr>154</ns3:hr>
            <ns3:cad>86</ns3:cad>
          </ns3:TrackPointExtension>
        </extensions>
      </trkpt>
      <trkpt lat="55.633523762226104736328125" lon="37.30804975144565105438232421875">
        <ele>191</ele>
        <time>2026-09-26T06:04:06.000Z</time>
        <extensions>
          <ns3:TrackPointExtension>
            <ns3:hr>153</ns3:hr>
            <ns3:cad>87</ns3:cad>
          </ns3:TrackPointExtension>
        </extensions>
      </trkpt>
      <trkpt lat="55.63351831398904323577880859375" lon="37.3080080933868885040283203125">
        <ele>191</ele>
        <time>2026-09-26T06:04:07.000Z</time>
        <extensions>
          <ns3:TrackPointExtension>
            <ns3:hr>153</ns3:hr>
            <ns3:cad>87</ns3:cad>
          </ns3:TrackPointExtension>
        </extensions>
      </trkpt>
      <trkpt lat="55.63351370394229888916015625" lon="37.30796777643263339996337890625">
        <ele>190.8000030517578125</ele>
        <time>2026-09-26T06:04:08.000Z</time>
        <extensions>
          <ns3:TrackPointExtension>
            <ns3:hr>153</ns3:hr>
            <ns3:cad>87</ns3:cad>
          </ns3:TrackPointExtension>
        </extensions>
      </trkpt>
      <trkpt lat="55.63350976444780826568603515625" lon="37.307926118373870849609375">
        <ele>190.8000030517578125</ele>
        <time>2026-09-26T06:04:09.000Z</time>
        <extensions>
          <ns3:TrackPointExtension>
            <ns3:hr>152</ns3:hr>
            <ns3:cad>88</ns3:cad>
          </ns3:TrackPointExtension>
        </extensions>
      </trkpt>
      <trkpt lat="55.63350523822009563446044921875" lon="37.30788194574415683746337890625">
        <ele>190.600006103515625</ele>
        <time>2026-09-26T06:04:10.000Z</time>
        <extensions>
          <ns3:TrackPointExtension>
            <ns3:hr>151</ns3:hr>
            <ns3:cad>88</ns3:cad>
          </ns3:TrackPointExtension>
        </extensions>
      </trkpt>
      <trkpt lat="55.6335009634494781494140625" lon="37.307835258543491363525390625">
        <ele>190.399993896484375</ele>
        <time>2026-09-26T06:04:11.000Z</time>
        <extensions>
          <ns3:TrackPointExtension>
            <ns3:hr>151</ns3:hr>
            <ns3:cad>87</ns3:cad>
          </ns3:TrackPointExtension>
        </extensions>
      </trkpt>
      <trkpt lat="55.63349761068820953369140625" lon="37.3077854700386524200439453125">
        <ele>190.1999969482421875</ele>
        <time>2026-09-26T06:04:12.000Z</time>
        <extensions>
          <ns3:TrackPointExtension>
            <ns3:hr>151</ns3:hr>
            <ns3:cad>87</ns3:cad>
          </ns3:TrackPointExtension>
        </extensions>
      </trkpt>
      <trkpt lat="55.6334914080798625946044921875" lon="37.3077385313808917999267578125">
        <ele>190</ele>
        <time>2026-09-26T06:04:13.000Z</time>
        <extensions>
          <ns3:TrackPointExtension>
            <ns3:hr>150</ns3:hr>
            <ns3:cad>87</ns3:cad>
          </ns3:TrackPointExtension>
        </extensions>
      </trkpt>
      <trkpt lat="55.633487217128276824951171875" lon="37.307691089808940887451171875">
        <ele>189.8000030517578125</ele>
        <time>2026-09-26T06:04:14.000Z</time>
        <extensions>
          <ns3:TrackPointExtension>
            <ns3:hr>151</ns3:hr>
            <ns3:cad>87</ns3:cad>
          </ns3:TrackPointExtension>
        </extensions>
      </trkpt>
      <trkpt lat="55.63348093070089817047119140625" lon="37.30764524079859256744384765625">
        <ele>189.8000030517578125</ele>
        <time>2026-09-26T06:04:15.000Z</time>
        <extensions>
          <ns3:TrackPointExtension>
            <ns3:hr>151</ns3:hr>
            <ns3:cad>87</ns3:cad>
          </ns3:TrackPointExtension>
        </extensions>
      </trkpt>
      <trkpt lat="55.63347321934998035430908203125" lon="37.30760081671178340911865234375">
        <ele>189.600006103515625</ele>
        <time>2026-09-26T06:04:16.000Z</time>
        <extensions>
          <ns3:TrackPointExtension>
            <ns3:hr>150</ns3:hr>
            <ns3:cad>87</ns3:cad>
          </ns3:TrackPointExtension>
        </extensions>
      </trkpt>
      <trkpt lat="55.6334645859897136688232421875" lon="37.30755639262497425079345703125">
        <ele>189.399993896484375</ele>
        <time>2026-09-26T06:04:17.000Z</time>
        <extensions>
          <ns3:TrackPointExtension>
            <ns3:hr>151</ns3:hr>
            <ns3:cad>87</ns3:cad>
          </ns3:TrackPointExtension>
        </extensions>
      </trkpt>
      <trkpt lat="55.63345494680106639862060546875" lon="37.307513058185577392578125">
        <ele>189.1999969482421875</ele>
        <time>2026-09-26T06:04:18.000Z</time>
        <extensions>
          <ns3:TrackPointExtension>
            <ns3:hr>150</ns3:hr>
            <ns3:cad>87</ns3:cad>
          </ns3:TrackPointExtension>
        </extensions>
      </trkpt>
      <trkpt lat="55.6334468163549900054931640625" lon="37.30746947228908538818359375">
        <ele>189</ele>
        <time>2026-09-26T06:04:19.000Z</time>
        <extensions>
          <ns3:TrackPointExtension>
            <ns3:hr>150</ns3:hr>
            <ns3:cad>86</ns3:cad>
          </ns3:TrackPointExtension>
        </extensions>
      </trkpt>
      <trkpt lat="55.63344321213662624359130859375" lon="37.30742446146905422210693359375">
        <ele>189</ele>
        <time>2026-09-26T06:04:20.000Z</time>
        <extensions>
          <ns3:TrackPointExtension>
            <ns3:hr>150</ns3:hr>
            <ns3:cad>86</ns3:cad>
          </ns3:TrackPointExtension>
        </extensions>
      </trkpt>
      <trkpt lat="55.633442960679531097412109375" lon="37.3073804564774036407470703125">
        <ele>188.8000030517578125</ele>
        <time>2026-09-26T06:04:21.000Z</time>
        <extensions>
          <ns3:TrackPointExtension>
            <ns3:hr>150</ns3:hr>
            <ns3:cad>86</ns3:cad>
          </ns3:TrackPointExtension>
        </extensions>
      </trkpt>
      <trkpt lat="55.63344262540340423583984375" lon="37.30733594857156276702880859375">
        <ele>188.600006103515625</ele>
        <time>2026-09-26T06:04:22.000Z</time>
        <extensions>
          <ns3:TrackPointExtension>
            <ns3:hr>150</ns3:hr>
            <ns3:cad>87</ns3:cad>
          </ns3:TrackPointExtension>
        </extensions>
      </trkpt>
      <trkpt lat="55.63343994319438934326171875" lon="37.3072919435799121856689453125">
        <ele>188.399993896484375</ele>
        <time>2026-09-26T06:04:23.000Z</time>
        <extensions>
          <ns3:TrackPointExtension>
            <ns3:hr>150</ns3:hr>
            <ns3:cad>87</ns3:cad>
          </ns3:TrackPointExtension>
        </extensions>
      </trkpt>
      <trkpt lat="55.63343591988086700439453125" lon="37.3072483576834201812744140625">
        <ele>188.1999969482421875</ele>
        <time>2026-09-26T06:04:24.000Z</time>
        <extensions>
          <ns3:TrackPointExtension>
            <ns3:hr>149</ns3:hr>
            <ns3:cad>87</ns3:cad>
          </ns3:TrackPointExtension>
        </extensions>
      </trkpt>
      <trkpt lat="55.633429549634456634521484375" lon="37.30720787309110164642333984375">
        <ele>188</ele>
        <time>2026-09-26T06:04:25.000Z</time>
        <extensions>
          <ns3:TrackPointExtension>
            <ns3:hr>149</ns3:hr>
            <ns3:cad>87</ns3:cad>
          </ns3:TrackPointExtension>
        </extensions>
      </trkpt>
      <trkpt lat="55.633420161902904510498046875" lon="37.3071695677936077117919921875">
        <ele>187.8000030517578125</ele>
        <time>2026-09-26T06:04:26.000Z</time>
        <extensions>
          <ns3:TrackPointExtension>
            <ns3:hr>149</ns3:hr>
            <ns3:cad>87</ns3:cad>
          </ns3:TrackPointExtension>
        </extensions>
      </trkpt>
      <trkpt lat="55.633402727544307708740234375" lon="37.3071335256099700927734375">
        <ele>187.600006103515625</ele>
        <time>2026-09-26T06:04:27.000Z</time>
        <extensions>
          <ns3:TrackPointExtension>
            <ns3:hr>149</ns3:hr>
            <ns3:cad>86</ns3:cad>
          </ns3:TrackPointExtension>
        </extensions>
      </trkpt>
      <trkpt lat="55.63338403590023517608642578125" lon="37.307107709348201751708984375">
        <ele>187.1999969482421875</ele>
        <time>2026-09-26T06:04:28.000Z</time>
        <extensions>
          <ns3:TrackPointExtension>
            <ns3:hr>149</ns3:hr>
            <ns3:cad>86</ns3:cad>
          </ns3:TrackPointExtension>
        </extensions>
      </trkpt>
      <trkpt lat="55.6333619914948940277099609375" lon="37.3070924542844295501708984375">
        <ele>187.1999969482421875</ele>
        <time>2026-09-26T06:04:29.000Z</time>
        <extensions>
          <ns3:TrackPointExtension>
            <ns3:hr>148</ns3:hr>
            <ns3:cad>87</ns3:cad>
          </ns3:TrackPointExtension>
        </extensions>
      </trkpt>
      <trkpt lat="55.633339695632457733154296875" lon="37.30707946233451366424560546875">
        <ele>187</ele>
        <time>2026-09-26T06:04:30.000Z</time>
        <extensions>
          <ns3:TrackPointExtension>
            <ns3:hr>148</ns3:hr>
            <ns3:cad>87</ns3:cad>
          </ns3:TrackPointExtension>
        </extensions>
      </trkpt>
      <trkpt lat="55.63332100398838520050048828125" lon="37.3070699907839298248291015625">
        <ele>187</ele>
        <time>2026-09-26T06:04:31.000Z</time>
        <extensions>
          <ns3:TrackPointExtension>
            <ns3:hr>148</ns3:hr>
            <ns3:cad>88</ns3:cad>
          </ns3:TrackPointExtension>
        </extensions>
      </trkpt>
      <trkpt lat="55.6332997977733612060546875" lon="37.3070649616420269012451171875">
        <ele>186.8000030517578125</ele>
        <time>2026-09-26T06:04:32.000Z</time>
        <extensions>
          <ns3:TrackPointExtension>
            <ns3:hr>148</ns3:hr>
            <ns3:cad>88</ns3:cad>
          </ns3:TrackPointExtension>
        </extensions>
      </trkpt>
      <trkpt lat="55.6332815252244472503662109375" lon="37.307059764862060546875">
        <ele>186.8000030517578125</ele>
        <time>2026-09-26T06:04:33.000Z</time>
        <extensions>
          <ns3:TrackPointExtension>
            <ns3:hr>149</ns3:hr>
            <ns3:cad>88</ns3:cad>
          </ns3:TrackPointExtension>
        </extensions>
      </trkpt>
      <trkpt lat="55.6332617439329624176025390625" lon="37.30706177651882171630859375">
        <ele>186.8000030517578125</ele>
        <time>2026-09-26T06:04:34.000Z</time>
        <extensions>
          <ns3:TrackPointExtension>
            <ns3:hr>148</ns3:hr>
            <ns3:cad>87</ns3:cad>
          </ns3:TrackPointExtension>
        </extensions>
      </trkpt>
      <trkpt lat="55.63324590213596820831298828125" lon="37.30707108043134212493896484375">
        <ele>187</ele>
        <time>2026-09-26T06:04:35.000Z</time>
        <extensions>
          <ns3:TrackPointExtension>
            <ns3:hr>148</ns3:hr>
            <ns3:cad>85</ns3:cad>
          </ns3:TrackPointExtension>
        </extensions>
      </trkpt>
      <trkpt lat="55.6332325749099254608154296875" lon="37.3070820607244968414306640625">
        <ele>187</ele>
        <time>2026-09-26T06:04:36.000Z</time>
        <extensions>
          <ns3:TrackPointExtension>
            <ns3:hr>148</ns3:hr>
            <ns3:cad>85</ns3:cad>
          </ns3:TrackPointExtension>
        </extensions>
      </trkpt>
      <trkpt lat="55.63321790657937526702880859375" lon="37.307083569467067718505859375">
        <ele>187</ele>
        <time>2026-09-26T06:04:37.000Z</time>
        <extensions>
          <ns3:TrackPointExtension>
            <ns3:hr>148</ns3:hr>
            <ns3:cad>85</ns3:cad>
          </ns3:TrackPointExtension>
        </extensions>
      </trkpt>
      <trkpt lat="55.63319913111627101898193359375" lon="37.30707577429711818695068359375">
        <ele>187</ele>
        <time>2026-09-26T06:04:38.000Z</time>
        <extensions>
          <ns3:TrackPointExtension>
            <ns3:hr>148</ns3:hr>
            <ns3:cad>85</ns3:cad>
          </ns3:TrackPointExtension>
        </extensions>
      </trkpt>
      <trkpt lat="55.63317649997770786285400390625" lon="37.30706471018493175506591796875">
        <ele>186.8000030517578125</ele>
        <time>2026-09-26T06:04:39.000Z</time>
        <extensions>
          <ns3:TrackPointExtension>
            <ns3:hr>148</ns3:hr>
            <ns3:cad>86</ns3:cad>
          </ns3:TrackPointExtension>
        </extensions>
      </trkpt>
      <trkpt lat="55.63315403647720813751220703125" lon="37.30706018395721912384033203125">
        <ele>186.8000030517578125</ele>
        <time>2026-09-26T06:04:40.000Z</time>
        <extensions>
          <ns3:TrackPointExtension>
            <ns3:hr>148</ns3:hr>
            <ns3:cad>86</ns3:cad>
          </ns3:TrackPointExtension>
        </extensions>
      </trkpt>
      <trkpt lat="55.63313014805316925048828125" lon="37.30706303380429744720458984375">
        <ele>186.8000030517578125</ele>
        <time>2026-09-26T06:04:41.000Z</time>
        <extensions>
          <ns3:TrackPointExtension>
            <ns3:hr>148</ns3:hr>
            <ns3:cad>86</ns3:cad>
          </ns3:TrackPointExtension>
        </extensions>
      </trkpt>
      <trkpt lat="55.63310927711427211761474609375" lon="37.30707141570746898651123046875">
        <ele>187</ele>
        <time>2026-09-26T06:04:42.000Z</time>
        <extensions>
          <ns3:TrackPointExtension>
            <ns3:hr>148</ns3:hr>
            <ns3:cad>85</ns3:cad>
          </ns3:TrackPointExtension>
        </extensions>
      </trkpt>
      <trkpt lat="55.6330879032611846923828125" lon="37.307083569467067718505859375">
        <ele>187</ele>
        <time>2026-09-26T06:04:43.000Z</time>
        <extensions>
          <ns3:TrackPointExtension>
            <ns3:hr>147</ns3:hr>
            <ns3:cad>85</ns3:cad>
          </ns3:TrackPointExtension>
        </extensions>
      </trkpt>
      <trkpt lat="55.633064769208431243896484375" lon="37.30709287337958812713623046875">
        <ele>187</ele>
        <time>2026-09-26T06:04:44.000Z</time>
        <extensions>
          <ns3:TrackPointExtension>
            <ns3:hr>146</ns3:hr>
            <ns3:cad>85</ns3:cad>
          </ns3:TrackPointExtension>
        </extensions>
      </trkpt>
      <trkpt lat="55.63304574228823184967041015625" lon="37.30709488503634929656982421875">
        <ele>186.8000030517578125</ele>
        <time>2026-09-26T06:04:45.000Z</time>
        <extensions>
          <ns3:TrackPointExtension>
            <ns3:hr>145</ns3:hr>
            <ns3:cad>86</ns3:cad>
          </ns3:TrackPointExtension>
        </extensions>
      </trkpt>
      <trkpt lat="55.633021853864192962646484375" lon="37.30709270574152469635009765625">
        <ele>186.600006103515625</ele>
        <time>2026-09-26T06:04:46.000Z</time>
        <extensions>
          <ns3:TrackPointExtension>
            <ns3:hr>144</ns3:hr>
            <ns3:cad>86</ns3:cad>
          </ns3:TrackPointExtension>
        </extensions>
      </trkpt>
      <trkpt lat="55.6329995580017566680908203125" lon="37.307096309959888458251953125">
        <ele>186.399993896484375</ele>
        <time>2026-09-26T06:04:47.000Z</time>
        <extensions>
          <ns3:TrackPointExtension>
            <ns3:hr>143</ns3:hr>
            <ns3:cad>86</ns3:cad>
          </ns3:TrackPointExtension>
        </extensions>
      </trkpt>
      <trkpt lat="55.63297457993030548095703125" lon="37.307098321616649627685546875">
        <ele>186.1999969482421875</ele>
        <time>2026-09-26T06:04:48.000Z</time>
        <extensions>
          <ns3:TrackPointExtension>
            <ns3:hr>143</ns3:hr>
            <ns3:cad>87</ns3:cad>
          </ns3:TrackPointExtension>
        </extensions>
      </trkpt>
      <trkpt lat="55.632949769496917724609375" lon="37.30710142292082309722900390625">
        <ele>186</ele>
        <time>2026-09-26T06:04:49.000Z</time>
        <extensions>
          <ns3:TrackPointExtension>
            <ns3:hr>143</ns3:hr>
            <ns3:cad>87</ns3:cad>
          </ns3:TrackPointExtension>
        </extensions>
      </trkpt>
      <trkpt lat="55.6329271383583545684814453125" lon="37.30710192583501338958740234375">
        <ele>185.8000030517578125</ele>
        <time>2026-09-26T06:04:50.000Z</time>
        <extensions>
          <ns3:TrackPointExtension>
            <ns3:hr>142</ns3:hr>
            <ns3:cad>86</ns3:cad>
          </ns3:TrackPointExtension>
        </extensions>
      </trkpt>
      <trkpt lat="55.63289855606853961944580078125" lon="37.3071021772921085357666015625">
        <ele>185.399993896484375</ele>
        <time>2026-09-26T06:04:51.000Z</time>
        <extensions>
          <ns3:TrackPointExtension>
            <ns3:hr>142</ns3:hr>
            <ns3:cad>86</ns3:cad>
          </ns3:TrackPointExtension>
        </extensions>
      </trkpt>
      <trkpt lat="55.6328748352825641632080078125" lon="37.307099997997283935546875">
        <ele>185.1999969482421875</ele>
        <time>2026-09-26T06:04:52.000Z</time>
        <extensions>
          <ns3:TrackPointExtension>
            <ns3:hr>141</ns3:hr>
            <ns3:cad>86</ns3:cad>
          </ns3:TrackPointExtension>
        </extensions>
      </trkpt>
      <trkpt lat="55.6328520365059375762939453125" lon="37.307090274989604949951171875">
        <ele>184.8000030517578125</ele>
        <time>2026-09-26T06:04:53.000Z</time>
        <extensions>
          <ns3:TrackPointExtension>
            <ns3:hr>141</ns3:hr>
            <ns3:cad>86</ns3:cad>
          </ns3:TrackPointExtension>
        </extensions>
      </trkpt>
      <trkpt lat="55.63283183611929416656494140625" lon="37.30708030052483081817626953125">
        <ele>184.600006103515625</ele>
        <time>2026-09-26T06:04:54.000Z</time>
        <extensions>
          <ns3:TrackPointExtension>
            <ns3:hr>141</ns3:hr>
            <ns3:cad>86</ns3:cad>
          </ns3:TrackPointExtension>
        </extensions>
      </trkpt>
      <trkpt lat="55.6328084506094455718994140625" lon="37.3070706613361835479736328125">
        <ele>184.1999969482421875</ele>
        <time>2026-09-26T06:04:55.000Z</time>
        <extensions>
          <ns3:TrackPointExtension>
            <ns3:hr>141</ns3:hr>
            <ns3:cad>86</ns3:cad>
          </ns3:TrackPointExtension>
        </extensions>
      </trkpt>
      <trkpt lat="55.63278615474700927734375" lon="37.307061441242694854736328125">
        <ele>184</ele>
        <time>2026-09-26T06:04:56.000Z</time>
        <extensions>
          <ns3:TrackPointExtension>
            <ns3:hr>141</ns3:hr>
            <ns3:cad>86</ns3:cad>
          </ns3:TrackPointExtension>
        </extensions>
      </trkpt>
      <trkpt lat="55.632761679589748382568359375" lon="37.30705632828176021575927734375">
        <ele>183.600006103515625</ele>
        <time>2026-09-26T06:04:57.000Z</time>
        <extensions>
          <ns3:TrackPointExtension>
            <ns3:hr>140</ns3:hr>
            <ns3:cad>85</ns3:cad>
          </ns3:TrackPointExtension>
        </extensions>
      </trkpt>
      <trkpt lat="55.63273795880377292633056640625" lon="37.30705180205404758453369140625">
        <ele>183.399993896484375</ele>
        <time>2026-09-26T06:04:58.000Z</time>
        <extensions>
          <ns3:TrackPointExtension>
            <ns3:hr>140</ns3:hr>
            <ns3:cad>85</ns3:cad>
          </ns3:TrackPointExtension>
        </extensions>
      </trkpt>
      <trkpt lat="55.63271214254200458526611328125" lon="37.30704777874052524566650390625">
        <ele>183</ele>
        <time>2026-09-26T06:04:59.000Z</time>
        <extensions>
          <ns3:TrackPointExtension>
            <ns3:hr>140</ns3:hr>
            <ns3:cad>85</ns3:cad>
          </ns3:TrackPointExtension>
        </extensions>
      </trkpt>
      <trkpt lat="55.63268364407122135162353515625" lon="37.30704744346439838409423828125">
        <ele>182.8000030517578125</ele>
        <time>2026-09-26T06:05:00.000Z</time>
        <extensions>
          <ns3:TrackPointExtension>
            <ns3:hr>140</ns3:hr>
            <ns3:cad>85</ns3:cad>
          </ns3:TrackPointExtension>
        </extensions>
      </trkpt>
      <trkpt lat="55.63265900127589702606201171875" lon="37.3070398159325122833251953125">
        <ele>182.399993896484375</ele>
        <time>2026-09-26T06:05:01.000Z</time>
        <extensions>
          <ns3:TrackPointExtension>
            <ns3:hr>140</ns3:hr>
            <ns3:cad>85</ns3:cad>
          </ns3:TrackPointExtension>
        </extensions>
      </trkpt>
      <trkpt lat="55.6326331011950969696044921875" lon="37.307033278048038482666015625">
        <ele>182</ele>
        <time>2026-09-26T06:05:02.000Z</time>
        <extensions>
          <ns3:TrackPointExtension>
            <ns3:hr>140</ns3:hr>
            <ns3:cad>85</ns3:cad>
          </ns3:TrackPointExtension>
        </extensions>
      </trkpt>
      <trkpt lat="55.6326086260378360748291015625" lon="37.30703093111515045166015625">
        <ele>181.8000030517578125</ele>
        <time>2026-09-26T06:05:03.000Z</time>
        <extensions>
          <ns3:TrackPointExtension>
            <ns3:hr>139</ns3:hr>
            <ns3:cad>85</ns3:cad>
          </ns3:TrackPointExtension>
        </extensions>
      </trkpt>
      <trkpt lat="55.6325836479663848876953125" lon="37.3070327751338481903076171875">
        <ele>181.600006103515625</ele>
        <time>2026-09-26T06:05:04.000Z</time>
        <extensions>
          <ns3:TrackPointExtension>
            <ns3:hr>139</ns3:hr>
            <ns3:cad>85</ns3:cad>
          </ns3:TrackPointExtension>
        </extensions>
      </trkpt>
      <trkpt lat="55.6325549818575382232666015625" lon="37.3070367984473705291748046875">
        <ele>181.1999969482421875</ele>
        <time>2026-09-26T06:05:05.000Z</time>
        <extensions>
          <ns3:TrackPointExtension>
            <ns3:hr>139</ns3:hr>
            <ns3:cad>86</ns3:cad>
          </ns3:TrackPointExtension>
        </extensions>
      </trkpt>
      <trkpt lat="55.63252740539610385894775390625" lon="37.30704174377024173736572265625">
        <ele>181</ele>
        <time>2026-09-26T06:05:06.000Z</time>
        <extensions>
          <ns3:TrackPointExtension>
            <ns3:hr>139</ns3:hr>
            <ns3:cad>86</ns3:cad>
          </ns3:TrackPointExtension>
        </extensions>
      </trkpt>
      <trkpt lat="55.63250108622014522552490234375" lon="37.30703772045671939849853515625">
        <ele>180.8000030517578125</ele>
        <time>2026-09-26T06:05:07.000Z</time>
        <extensions>
          <ns3:TrackPointExtension>
            <ns3:hr>139</ns3:hr>
            <ns3:cad>86</ns3:cad>
          </ns3:TrackPointExtension>
        </extensions>
      </trkpt>
      <trkpt lat="55.63247661106288433074951171875" lon="37.30703956447541713714599609375">
        <ele>180.600006103515625</ele>
        <time>2026-09-26T06:05:08.000Z</time>
        <extensions>
          <ns3:TrackPointExtension>
            <ns3:hr>138</ns3:hr>
            <ns3:cad>86</ns3:cad>
          </ns3:TrackPointExtension>
        </extensions>
      </trkpt>
      <trkpt lat="55.63245381228625774383544921875" lon="37.307046689093112945556640625">
        <ele>180.600006103515625</ele>
        <time>2026-09-26T06:05:09.000Z</time>
        <extensions>
          <ns3:TrackPointExtension>
            <ns3:hr>138</ns3:hr>
            <ns3:cad>86</ns3:cad>
          </ns3:TrackPointExtension>
        </extensions>
      </trkpt>
      <trkpt lat="55.63243252225220203399658203125" lon="37.307059764862060546875">
        <ele>180.399993896484375</ele>
        <time>2026-09-26T06:05:10.000Z</time>
        <extensions>
          <ns3:TrackPointExtension>
            <ns3:hr>138</ns3:hr>
            <ns3:cad>86</ns3:cad>
          </ns3:TrackPointExtension>
        </extensions>
      </trkpt>
      <trkpt lat="55.63241265714168548583984375" lon="37.3070753552019596099853515625">
        <ele>180.399993896484375</ele>
        <time>2026-09-26T06:05:11.000Z</time>
        <extensions>
          <ns3:TrackPointExtension>
            <ns3:hr>138</ns3:hr>
            <ns3:cad>86</ns3:cad>
          </ns3:TrackPointExtension>
        </extensions>
      </trkpt>
      <trkpt lat="55.6323950551450252532958984375" lon="37.3070901073515415191650390625">
        <ele>180.399993896484375</ele>
        <time>2026-09-26T06:05:12.000Z</time>
        <extensions>
          <ns3:TrackPointExtension>
            <ns3:hr>138</ns3:hr>
            <ns3:cad>86</ns3:cad>
          </ns3:TrackPointExtension>
        </extensions>
      </trkpt>
      <trkpt lat="55.6323759444057941436767578125" lon="37.30710578151047229766845703125">
        <ele>180.399993896484375</ele>
        <time>2026-09-26T06:05:13.000Z</time>
        <extensions>
          <ns3:TrackPointExtension>
            <ns3:hr>138</ns3:hr>
            <ns3:cad>86</ns3:cad>
          </ns3:TrackPointExtension>
        </extensions>
      </trkpt>
      <trkpt lat="55.63235540874302387237548828125" lon="37.30711919255554676055908203125">
        <ele>180.399993896484375</ele>
        <time>2026-09-26T06:05:14.000Z</time>
        <extensions>
          <ns3:TrackPointExtension>
            <ns3:hr>138</ns3:hr>
            <ns3:cad>87</ns3:cad>
          </ns3:TrackPointExtension>
        </extensions>
      </trkpt>
      <trkpt lat="55.63233755528926849365234375" lon="37.307139225304126739501953125">
        <ele>180.399993896484375</ele>
        <time>2026-09-26T06:05:15.000Z</time>
        <extensions>
          <ns3:TrackPointExtension>
            <ns3:hr>138</ns3:hr>
            <ns3:cad>87</ns3:cad>
          </ns3:TrackPointExtension>
        </extensions>
      </trkpt>
      <trkpt lat="55.63232171349227428436279296875" lon="37.307164371013641357421875">
        <ele>180.399993896484375</ele>
        <time>2026-09-26T06:05:16.000Z</time>
        <extensions>
          <ns3:TrackPointExtension>
            <ns3:hr>137</ns3:hr>
            <ns3:cad>85</ns3:cad>
          </ns3:TrackPointExtension>
        </extensions>
      </trkpt>
      <trkpt lat="55.63230981118977069854736328125" lon="37.30719395913183689117431640625">
        <ele>180.600006103515625</ele>
        <time>2026-09-26T06:05:17.000Z</time>
        <extensions>
          <ns3:TrackPointExtension>
            <ns3:hr>138</ns3:hr>
            <ns3:cad>85</ns3:cad>
          </ns3:TrackPointExtension>
        </extensions>
      </trkpt>
      <trkpt lat="55.63229740597307682037353515625" lon="37.30722379870712757110595703125">
        <ele>180.600006103515625</ele>
        <time>2026-09-26T06:05:18.000Z</time>
        <extensions>
          <ns3:TrackPointExtension>
            <ns3:hr>137</ns3:hr>
            <ns3:cad>86</ns3:cad>
          </ns3:TrackPointExtension>
        </extensions>
      </trkpt>
      <trkpt lat="55.632284581661224365234375" lon="37.30724751949310302734375">
        <ele>180.8000030517578125</ele>
        <time>2026-09-26T06:05:19.000Z</time>
        <extensions>
          <ns3:TrackPointExtension>
            <ns3:hr>136</ns3:hr>
            <ns3:cad>86</ns3:cad>
          </ns3:TrackPointExtension>
        </extensions>
      </trkpt>
      <trkpt lat="55.63227058388292789459228515625" lon="37.3072775267064571380615234375">
        <ele>180.8000030517578125</ele>
        <time>2026-09-26T06:05:20.000Z</time>
        <extensions>
          <ns3:TrackPointExtension>
            <ns3:hr>135</ns3:hr>
            <ns3:cad>86</ns3:cad>
          </ns3:TrackPointExtension>
        </extensions>
      </trkpt>
      <trkpt lat="55.6322599388659000396728515625" lon="37.30730694718658924102783203125">
        <ele>181</ele>
        <time>2026-09-26T06:05:21.000Z</time>
        <extensions>
          <ns3:TrackPointExtension>
            <ns3:hr>135</ns3:hr>
            <ns3:cad>86</ns3:cad>
          </ns3:TrackPointExtension>
        </extensions>
      </trkpt>
      <trkpt lat="55.63225449062883853912353515625" lon="37.3073320090770721435546875">
        <ele>181.1999969482421875</ele>
        <time>2026-09-26T06:05:22.000Z</time>
        <extensions>
          <ns3:TrackPointExtension>
            <ns3:hr>134</ns3:hr>
            <ns3:cad>87</ns3:cad>
          </ns3:TrackPointExtension>
        </extensions>
      </trkpt>
      <trkpt lat="55.63225013203918933868408203125" lon="37.30736863799393177032470703125">
        <ele>181.399993896484375</ele>
        <time>2026-09-26T06:05:23.000Z</time>
        <extensions>
          <ns3:TrackPointExtension>
            <ns3:hr>134</ns3:hr>
            <ns3:cad>87</ns3:cad>
          </ns3:TrackPointExtension>
        </extensions>
      </trkpt>
      <trkpt lat="55.63223990611732006072998046875" lon="37.30740769766271114349365234375">
        <ele>181.600006103515625</ele>
        <time>2026-09-26T06:05:24.000Z</time>
        <extensions>
          <ns3:TrackPointExtension>
            <ns3:hr>134</ns3:hr>
            <ns3:cad>86</ns3:cad>
          </ns3:TrackPointExtension>
        </extensions>
      </trkpt>
      <trkpt lat="55.6322280876338481903076171875" lon="37.3074455000460147857666015625">
        <ele>181.8000030517578125</ele>
        <time>2026-09-26T06:05:25.000Z</time>
        <extensions>
          <ns3:TrackPointExtension>
            <ns3:hr>134</ns3:hr>
            <ns3:cad>85</ns3:cad>
          </ns3:TrackPointExtension>
        </extensions>
      </trkpt>
      <trkpt lat="55.63221392221748828887939453125" lon="37.30748062022030353546142578125">
        <ele>182.399993896484375</ele>
        <time>2026-09-26T06:05:26.000Z</time>
        <extensions>
          <ns3:TrackPointExtension>
            <ns3:hr>133</ns3:hr>
            <ns3:cad>85</ns3:cad>
          </ns3:TrackPointExtension>
        </extensions>
      </trkpt>
      <trkpt lat="55.6321975775063037872314453125" lon="37.307513393461704254150390625">
        <ele>182.8000030517578125</ele>
        <time>2026-09-26T06:05:27.000Z</time>
        <extensions>
          <ns3:TrackPointExtension>
            <ns3:hr>133</ns3:hr>
            <ns3:cad>84</ns3:cad>
          </ns3:TrackPointExtension>
        </extensions>
      </trkpt>
      <trkpt lat="55.632187686860561370849609375" lon="37.30755069293081760406494140625">
        <ele>183.1999969482421875</ele>
        <time>2026-09-26T06:05:28.000Z</time>
        <extensions>
          <ns3:TrackPointExtension>
            <ns3:hr>134</ns3:hr>
            <ns3:cad>84</ns3:cad>
          </ns3:TrackPointExtension>
        </extensions>
      </trkpt>
      <trkpt lat="55.6321751140058040618896484375" lon="37.3075869865715503692626953125">
        <ele>183.8000030517578125</ele>
        <time>2026-09-26T06:05:29.000Z</time>
        <extensions>
          <ns3:TrackPointExtension>
            <ns3:hr>134</ns3:hr>
            <ns3:cad>85</ns3:cad>
          </ns3:TrackPointExtension>
        </extensions>
      </trkpt>
      <trkpt lat="55.63216614536941051483154296875" lon="37.307626046240329742431640625">
        <ele>184.1999969482421875</ele>
        <time>2026-09-26T06:05:30.000Z</time>
        <extensions>
          <ns3:TrackPointExtension>
            <ns3:hr>134</ns3:hr>
            <ns3:cad>86</ns3:cad>
          </ns3:TrackPointExtension>
        </extensions>
      </trkpt>
      <trkpt lat="55.63216262497007846832275390625" lon="37.30766468681395053863525390625">
        <ele>184.600006103515625</ele>
        <time>2026-09-26T06:05:31.000Z</time>
        <extensions>
          <ns3:TrackPointExtension>
            <ns3:hr>134</ns3:hr>
            <ns3:cad>86</ns3:cad>
          </ns3:TrackPointExtension>
        </extensions>
      </trkpt>
      <trkpt lat="55.632157512009143829345703125" lon="37.30769955553114414215087890625">
        <ele>185</ele>
        <time>2026-09-26T06:05:32.000Z</time>
        <extensions>
          <ns3:TrackPointExtension>
            <ns3:hr>135</ns3:hr>
            <ns3:cad>86</ns3:cad>
          </ns3:TrackPointExtension>
        </extensions>
      </trkpt>
      <trkpt lat="55.63215642236173152923583984375" lon="37.30773593299090862274169921875">
        <ele>185.399993896484375</ele>
        <time>2026-09-26T06:05:33.000Z</time>
        <extensions>
          <ns3:TrackPointExtension>
            <ns3:hr>135</ns3:hr>
            <ns3:cad>86</ns3:cad>
          </ns3:TrackPointExtension>
        </extensions>
      </trkpt>
      <trkpt lat="55.632156170904636383056640625" lon="37.30778018943965435028076171875">
        <ele>185.8000030517578125</ele>
        <time>2026-09-26T06:05:34.000Z</time>
        <extensions>
          <ns3:TrackPointExtension>
            <ns3:hr>135</ns3:hr>
            <ns3:cad>86</ns3:cad>
          </ns3:TrackPointExtension>
        </extensions>
      </trkpt>
      <trkpt lat="55.63216027803719043731689453125" lon="37.3078200034797191619873046875">
        <ele>186.399993896484375</ele>
        <time>2026-09-26T06:05:35.000Z</time>
        <extensions>
          <ns3:TrackPointExtension>
            <ns3:hr>137</ns3:hr>
            <ns3:cad>86</ns3:cad>
          </ns3:TrackPointExtension>
        </extensions>
      </trkpt>
      <trkpt lat="55.63216061331331729888916015625" lon="37.30785881169140338897705078125">
        <ele>186.8000030517578125</ele>
        <time>2026-09-26T06:05:36.000Z</time>
        <extensions>
          <ns3:TrackPointExtension>
            <ns3:hr>137</ns3:hr>
            <ns3:cad>86</ns3:cad>
          </ns3:TrackPointExtension>
        </extensions>
      </trkpt>
      <trkpt lat="55.632159523665904998779296875" lon="37.30789602734148502349853515625">
        <ele>187.1999969482421875</ele>
        <time>2026-09-26T06:05:37.000Z</time>
        <extensions>
          <ns3:TrackPointExtension>
            <ns3:hr>138</ns3:hr>
            <ns3:cad>86</ns3:cad>
          </ns3:TrackPointExtension>
        </extensions>
      </trkpt>
      <trkpt lat="55.63215809874236583709716796875" lon="37.30792838148772716522216796875">
        <ele>187.399993896484375</ele>
        <time>2026-09-26T06:05:38.000Z</time>
        <extensions>
          <ns3:TrackPointExtension>
            <ns3:hr>139</ns3:hr>
            <ns3:cad>86</ns3:cad>
          </ns3:TrackPointExtension>
        </extensions>
      </trkpt>
      <trkpt lat="55.63215809874236583709716796875" lon="37.30796559713780879974365234375">
        <ele>187.8000030517578125</ele>
        <time>2026-09-26T06:05:39.000Z</time>
        <extensions>
          <ns3:TrackPointExtension>
            <ns3:hr>139</ns3:hr>
            <ns3:cad>86</ns3:cad>
          </ns3:TrackPointExtension>
        </extensions>
      </trkpt>
      <trkpt lat="55.63215843401849269866943359375" lon="37.30800247751176357269287109375">
        <ele>188.1999969482421875</ele>
        <time>2026-09-26T06:05:40.000Z</time>
        <extensions>
          <ns3:TrackPointExtension>
            <ns3:hr>139</ns3:hr>
            <ns3:cad>86</ns3:cad>
          </ns3:TrackPointExtension>
        </extensions>
      </trkpt>
      <trkpt lat="55.6321544945240020751953125" lon="37.308031059801578521728515625">
        <ele>188.399993896484375</ele>
        <time>2026-09-26T06:05:41.000Z</time>
        <extensions>
          <ns3:TrackPointExtension>
            <ns3:hr>139</ns3:hr>
            <ns3:cad>86</ns3:cad>
          </ns3:TrackPointExtension>
        </extensions>
      </trkpt>
      <trkpt lat="55.632141418755054473876953125" lon="37.30805729515850543975830078125">
        <ele>188.600006103515625</ele>
        <time>2026-09-26T06:05:42.000Z</time>
        <extensions>
          <ns3:TrackPointExtension>
            <ns3:hr>139</ns3:hr>
            <ns3:cad>85</ns3:cad>
          </ns3:TrackPointExtension>
        </extensions>
      </trkpt>
      <trkpt lat="55.63212834298610687255859375" lon="37.308081686496734619140625">
        <ele>188.600006103515625</ele>
        <time>2026-09-26T06:05:43.000Z</time>
        <extensions>
          <ns3:TrackPointExtension>
            <ns3:hr>138</ns3:hr>
            <ns3:cad>85</ns3:cad>
          </ns3:TrackPointExtension>
        </extensions>
      </trkpt>
      <trkpt lat="55.63211652450263500213623046875" lon="37.30810725130140781402587890625">
        <ele>188.8000030517578125</ele>
        <time>2026-09-26T06:05:44.000Z</time>
        <extensions>
          <ns3:TrackPointExtension>
            <ns3:hr>138</ns3:hr>
            <ns3:cad>85</ns3:cad>
          </ns3:TrackPointExtension>
        </extensions>
      </trkpt>
      <trkpt lat="55.63210613094270229339599609375" lon="37.3081338219344615936279296875">
        <ele>188.8000030517578125</ele>
        <time>2026-09-26T06:05:45.000Z</time>
        <extensions>
          <ns3:TrackPointExtension>
            <ns3:hr>138</ns3:hr>
            <ns3:cad>85</ns3:cad>
          </ns3:TrackPointExtension>
        </extensions>
      </trkpt>
      <trkpt lat="55.6320923008024692535400390625" lon="37.3081613145768642425537109375">
        <ele>189</ele>
        <time>2026-09-26T06:05:46.000Z</time>
        <extensions>
          <ns3:TrackPointExtension>
            <ns3:hr>138</ns3:hr>
            <ns3:cad>85</ns3:cad>
          </ns3:TrackPointExtension>
        </extensions>
      </trkpt>
      <trkpt lat="55.6320772133767604827880859375" lon="37.30818838812410831451416015625">
        <ele>189</ele>
        <time>2026-09-26T06:05:47.000Z</time>
        <extensions>
          <ns3:TrackPointExtension>
            <ns3:hr>137</ns3:hr>
            <ns3:cad>85</ns3:cad>
          </ns3:TrackPointExtension>
        </extensions>
      </trkpt>
      <trkpt lat="55.63206170685589313507080078125" lon="37.308218814432621002197265625">
        <ele>189.1999969482421875</ele>
        <time>2026-09-26T06:05:48.000Z</time>
        <extensions>
          <ns3:TrackPointExtension>
            <ns3:hr>137</ns3:hr>
            <ns3:cad>84</ns3:cad>
          </ns3:TrackPointExtension>
        </extensions>
      </trkpt>
      <trkpt lat="55.63204376958310604095458984375" lon="37.30825133621692657470703125">
        <ele>189.1999969482421875</ele>
        <time>2026-09-26T06:05:49.000Z</time>
        <extensions>
          <ns3:TrackPointExtension>
            <ns3:hr>137</ns3:hr>
            <ns3:cad>84</ns3:cad>
          </ns3:TrackPointExtension>
        </extensions>
      </trkpt>
      <trkpt lat="55.63202432356774806976318359375" lon="37.3082863725721836090087890625">
        <ele>189.399993896484375</ele>
        <time>2026-09-26T06:05:50.000Z</time>
        <extensions>
          <ns3:TrackPointExtension>
            <ns3:hr>137</ns3:hr>
            <ns3:cad>84</ns3:cad>
          </ns3:TrackPointExtension>
        </extensions>
      </trkpt>
      <trkpt lat="55.63200923614203929901123046875" lon="37.3083199001848697662353515625">
        <ele>189.399993896484375</ele>
        <time>2026-09-26T06:05:51.000Z</time>
        <extensions>
          <ns3:TrackPointExtension>
            <ns3:hr>137</ns3:hr>
            <ns3:cad>85</ns3:cad>
          </ns3:TrackPointExtension>
        </extensions>
      </trkpt>
      <trkpt lat="55.63199414871633052825927734375" lon="37.3083512485027313232421875">
        <ele>189.600006103515625</ele>
        <time>2026-09-26T06:05:52.000Z</time>
        <extensions>
          <ns3:TrackPointExtension>
            <ns3:hr>138</ns3:hr>
            <ns3:cad>86</ns3:cad>
          </ns3:TrackPointExtension>
        </extensions>
      </trkpt>
      <trkpt lat="55.63197839073836803436279296875" lon="37.3083822615444660186767578125">
        <ele>189.600006103515625</ele>
        <time>2026-09-26T06:05:53.000Z</time>
        <extensions>
          <ns3:TrackPointExtension>
            <ns3:hr>137</ns3:hr>
            <ns3:cad>86</ns3:cad>
          </ns3:TrackPointExtension>
        </extensions>
      </trkpt>
      <trkpt lat="55.6319632194936275482177734375" lon="37.30841101147234439849853515625">
        <ele>189.600006103515625</ele>
        <time>2026-09-26T06:05:54.000Z</time>
        <extensions>
          <ns3:TrackPointExtension>
            <ns3:hr>137</ns3:hr>
            <ns3:cad>87</ns3:cad>
          </ns3:TrackPointExtension>
        </extensions>
      </trkpt>
      <trkpt lat="55.63194704242050647735595703125" lon="37.30843699537217617034912109375">
        <ele>189.600006103515625</ele>
        <time>2026-09-26T06:05:55.000Z</time>
        <extensions>
          <ns3:TrackPointExtension>
            <ns3:hr>137</ns3:hr>
            <ns3:cad>87</ns3:cad>
          </ns3:TrackPointExtension>
        </extensions>
      </trkpt>
      <trkpt lat="55.63193011097609996795654296875" lon="37.30846666730940341949462890625">
        <ele>189.600006103515625</ele>
        <time>2026-09-26T06:05:56.000Z</time>
        <extensions>
          <ns3:TrackPointExtension>
            <ns3:hr>137</ns3:hr>
            <ns3:cad>87</ns3:cad>
          </ns3:TrackPointExtension>
        </extensions>
      </trkpt>
      <trkpt lat="55.631912760436534881591796875" lon="37.3084987699985504150390625">
        <ele>189.600006103515625</ele>
        <time>2026-09-26T06:05:57.000Z</time>
        <extensions>
          <ns3:TrackPointExtension>
            <ns3:hr>137</ns3:hr>
            <ns3:cad>87</ns3:cad>
          </ns3:TrackPointExtension>
        </extensions>
      </trkpt>
      <trkpt lat="55.6318971700966358184814453125" lon="37.30852785520255565643310546875">
        <ele>189.399993896484375</ele>
        <time>2026-09-26T06:05:58.000Z</time>
        <extensions>
          <ns3:TrackPointExtension>
            <ns3:hr>137</ns3:hr>
            <ns3:cad>87</ns3:cad>
          </ns3:TrackPointExtension>
        </extensions>
      </trkpt>
      <trkpt lat="55.631881915032863616943359375" lon="37.30855266563594341278076171875">
        <ele>189.1999969482421875</ele>
        <time>2026-09-26T06:05:59.000Z</time>
        <extensions>
          <ns3:TrackPointExtension>
            <ns3:hr>136</ns3:hr>
            <ns3:cad>87</ns3:cad>
          </ns3:TrackPointExtension>
        </extensions>
      </trkpt>
      <trkpt lat="55.63186707906424999237060546875" lon="37.3085804097354412078857421875">
        <ele>189</ele>
        <time>2026-09-26T06:06:00.000Z</time>
        <extensions>
          <ns3:TrackPointExtension>
            <ns3:hr>137</ns3:hr>
            <ns3:cad>87</ns3:cad>
          </ns3:TrackPointExtension>
        </extensions>
      </trkpt>
      <trkpt lat="55.63185819424688816070556640625" lon="37.30862223543226718902587890625">
        <ele>188.8000030517578125</ele>
        <time>2026-09-26T06:06:01.000Z</time>
        <extensions>
          <ns3:TrackPointExtension>
            <ns3:hr>136</ns3:hr>
            <ns3:cad>86</ns3:cad>
          </ns3:TrackPointExtension>
        </extensions>
      </trkpt>
      <trkpt lat="55.63185199163854122161865234375" lon="37.3086591996252536773681640625">
        <ele>188.600006103515625</ele>
        <time>2026-09-26T06:06:02.000Z</time>
        <extensions>
          <ns3:TrackPointExtension>
            <ns3:hr>136</ns3:hr>
            <ns3:cad>86</ns3:cad>
          </ns3:TrackPointExtension>
        </extensions>
      </trkpt>
      <trkpt lat="55.631840340793132781982421875" lon="37.30869146995246410369873046875">
        <ele>188.399993896484375</ele>
        <time>2026-09-26T06:06:03.000Z</time>
        <extensions>
          <ns3:TrackPointExtension>
            <ns3:hr>136</ns3:hr>
            <ns3:cad>85</ns3:cad>
          </ns3:TrackPointExtension>
        </extensions>
      </trkpt>
      <trkpt lat="55.6318264268338680267333984375" lon="37.30871896259486675262451171875">
        <ele>188.399993896484375</ele>
        <time>2026-09-26T06:06:04.000Z</time>
        <extensions>
          <ns3:TrackPointExtension>
            <ns3:hr>136</ns3:hr>
            <ns3:cad>85</ns3:cad>
          </ns3:TrackPointExtension>
        </extensions>
      </trkpt>
      <trkpt lat="55.6318046338856220245361328125" lon="37.308740504086017608642578125">
        <ele>188.399993896484375</ele>
        <time>2026-09-26T06:06:05.000Z</time>
        <extensions>
          <ns3:TrackPointExtension>
            <ns3:hr>135</ns3:hr>
            <ns3:cad>85</ns3:cad>
          </ns3:TrackPointExtension>
        </extensions>
      </trkpt>
      <trkpt lat="55.63178426586091518402099609375" lon="37.30875483714044094085693359375">
        <ele>188.1999969482421875</ele>
        <time>2026-09-26T06:06:06.000Z</time>
        <extensions>
          <ns3:TrackPointExtension>
            <ns3:hr>135</ns3:hr>
            <ns3:cad>85</ns3:cad>
          </ns3:TrackPointExtension>
        </extensions>
      </trkpt>
      <trkpt lat="55.63176314346492290496826171875" lon="37.30877361260354518890380859375">
        <ele>188.1999969482421875</ele>
        <time>2026-09-26T06:06:07.000Z</time>
        <extensions>
          <ns3:TrackPointExtension>
            <ns3:hr>134</ns3:hr>
            <ns3:cad>85</ns3:cad>
          </ns3:TrackPointExtension>
        </extensions>
      </trkpt>
      <trkpt lat="55.63174554146826267242431640625" lon="37.308794818818569183349609375">
        <ele>188.1999969482421875</ele>
        <time>2026-09-26T06:06:08.000Z</time>
        <extensions>
          <ns3:TrackPointExtension>
            <ns3:hr>134</ns3:hr>
            <ns3:cad>85</ns3:cad>
          </ns3:TrackPointExtension>
        </extensions>
      </trkpt>
      <trkpt lat="55.6317365728318691253662109375" lon="37.308831028640270233154296875">
        <ele>188.399993896484375</ele>
        <time>2026-09-26T06:06:09.000Z</time>
        <extensions>
          <ns3:TrackPointExtension>
            <ns3:hr>133</ns3:hr>
            <ns3:cad>85</ns3:cad>
          </ns3:TrackPointExtension>
        </extensions>
      </trkpt>
      <trkpt lat="55.6317312084138393402099609375" lon="37.3088687472045421600341796875">
        <ele>188.399993896484375</ele>
        <time>2026-09-26T06:06:10.000Z</time>
        <extensions>
          <ns3:TrackPointExtension>
            <ns3:hr>133</ns3:hr>
            <ns3:cad>85</ns3:cad>
          </ns3:TrackPointExtension>
        </extensions>
      </trkpt>
      <trkpt lat="55.63172978349030017852783203125" lon="37.30891006998717784881591796875">
        <ele>188.399993896484375</ele>
        <time>2026-09-26T06:06:11.000Z</time>
        <extensions>
          <ns3:TrackPointExtension>
            <ns3:hr>133</ns3:hr>
            <ns3:cad>85</ns3:cad>
          </ns3:TrackPointExtension>
        </extensions>
      </trkpt>
      <trkpt lat="55.63172961585223674774169921875" lon="37.30894342996180057525634765625">
        <ele>188.600006103515625</ele>
        <time>2026-09-26T06:06:12.000Z</time>
        <extensions>
          <ns3:TrackPointExtension>
            <ns3:hr>133</ns3:hr>
            <ns3:cad>86</ns3:cad>
          </ns3:TrackPointExtension>
        </extensions>
      </trkpt>
      <trkpt lat="55.63173129223287105560302734375" lon="37.308977879583835601806640625">
        <ele>188.8000030517578125</ele>
        <time>2026-09-26T06:06:13.000Z</time>
        <extensions>
          <ns3:TrackPointExtension>
            <ns3:hr>134</ns3:hr>
            <ns3:cad>87</ns3:cad>
          </ns3:TrackPointExtension>
        </extensions>
      </trkpt>
      <trkpt lat="55.6317295320332050323486328125" lon="37.3090189509093761444091796875">
        <ele>188.8000030517578125</ele>
        <time>2026-09-26T06:06:14.000Z</time>
        <extensions>
          <ns3:TrackPointExtension>
            <ns3:hr>134</ns3:hr>
            <ns3:cad>87</ns3:cad>
          </ns3:TrackPointExtension>
        </extensions>
      </trkpt>
      <trkpt lat="55.63172341324388980865478515625" lon="37.30905289761722087860107421875">
        <ele>189</ele>
        <time>2026-09-26T06:06:15.000Z</time>
        <extensions>
          <ns3:TrackPointExtension>
            <ns3:hr>135</ns3:hr>
            <ns3:cad>86</ns3:cad>
          </ns3:TrackPointExtension>
        </extensions>
      </trkpt>
      <trkpt lat="55.63171637244522571563720703125" lon="37.30908223427832126617431640625">
        <ele>189</ele>
        <time>2026-09-26T06:06:16.000Z</time>
        <extensions>
          <ns3:TrackPointExtension>
            <ns3:hr>135</ns3:hr>
            <ns3:cad>86</ns3:cad>
          </ns3:TrackPointExtension>
        </extensions>
      </trkpt>
      <trkpt lat="55.63170631416141986846923828125" lon="37.3091057874262332916259765625">
        <ele>189</ele>
        <time>2026-09-26T06:06:17.000Z</time>
        <extensions>
          <ns3:TrackPointExtension>
            <ns3:hr>135</ns3:hr>
            <ns3:cad>85</ns3:cad>
          </ns3:TrackPointExtension>
        </extensions>
      </trkpt>
      <trkpt lat="55.63169692642986774444580078125" lon="37.30913001112639904022216796875">
        <ele>189</ele>
        <time>2026-09-26T06:06:18.000Z</time>
        <extensions>
          <ns3:TrackPointExtension>
            <ns3:hr>134</ns3:hr>
            <ns3:cad>85</ns3:cad>
          </ns3:TrackPointExtension>
        </extensions>
      </trkpt>
      <trkpt lat="55.631692148745059967041015625" lon="37.30915364809334278106689453125">
        <ele>189</ele>
        <time>2026-09-26T06:06:19.000Z</time>
        <extensions>
          <ns3:TrackPointExtension>
            <ns3:hr>134</ns3:hr>
            <ns3:cad>84</ns3:cad>
          </ns3:TrackPointExtension>
        </extensions>
      </trkpt>
      <trkpt lat="55.6316879577934741973876953125" lon="37.3091852478682994842529296875">
        <ele>189</ele>
        <time>2026-09-26T06:06:20.000Z</time>
        <extensions>
          <ns3:TrackPointExtension>
            <ns3:hr>133</ns3:hr>
            <ns3:cad>84</ns3:cad>
          </ns3:TrackPointExtension>
        </extensions>
      </trkpt>
      <trkpt lat="55.6316842697560787200927734375" lon="37.3092187754809856414794921875">
        <ele>189.1999969482421875</ele>
        <time>2026-09-26T06:06:21.000Z</time>
        <extensions>
          <ns3:TrackPointExtension>
            <ns3:hr>131</ns3:hr>
            <ns3:cad>84</ns3:cad>
          </ns3:TrackPointExtension>
        </extensions>
      </trkpt>
      <trkpt lat="55.63167664222419261932373046875" lon="37.3092539794743061065673828125">
        <ele>189.1999969482421875</ele>
        <time>2026-09-26T06:06:22.000Z</time>
        <extensions>
          <ns3:TrackPointExtension>
            <ns3:hr>130</ns3:hr>
            <ns3:cad>84</ns3:cad>
          </ns3:TrackPointExtension>
        </extensions>
      </trkpt>
      <trkpt lat="55.63166893087327480316162109375" lon="37.3092952184379100799560546875">
        <ele>189.1999969482421875</ele>
        <time>2026-09-26T06:06:23.000Z</time>
        <extensions>
          <ns3:TrackPointExtension>
            <ns3:hr>130</ns3:hr>
            <ns3:cad>84</ns3:cad>
          </ns3:TrackPointExtension>
        </extensions>
      </trkpt>
      <trkpt lat="55.63165761530399322509765625" lon="37.30933352373540401458740234375">
        <ele>189.1999969482421875</ele>
        <time>2026-09-26T06:06:24.000Z</time>
        <extensions>
          <ns3:TrackPointExtension>
            <ns3:hr>130</ns3:hr>
            <ns3:cad>85</ns3:cad>
          </ns3:TrackPointExtension>
        </extensions>
      </trkpt>
      <trkpt lat="55.6316475570201873779296875" lon="37.30937241576611995697021484375">
        <ele>189.399993896484375</ele>
        <time>2026-09-26T06:06:25.000Z</time>
        <extensions>
          <ns3:TrackPointExtension>
            <ns3:hr>130</ns3:hr>
            <ns3:cad>86</ns3:cad>
          </ns3:TrackPointExtension>
        </extensions>
      </trkpt>
      <trkpt lat="55.63163272105157375335693359375" lon="37.30941097252070903778076171875">
        <ele>189.600006103515625</ele>
        <time>2026-09-26T06:06:26.000Z</time>
        <extensions>
          <ns3:TrackPointExtension>
            <ns3:hr>130</ns3:hr>
            <ns3:cad>86</ns3:cad>
          </ns3:TrackPointExtension>
        </extensions>
      </trkpt>
      <trkpt lat="55.6316125206649303436279296875" lon="37.309444248676300048828125">
        <ele>189.600006103515625</ele>
        <time>2026-09-26T06:06:27.000Z</time>
        <extensions>
          <ns3:TrackPointExtension>
            <ns3:hr>130</ns3:hr>
            <ns3:cad>86</ns3:cad>
          </ns3:TrackPointExtension>
        </extensions>
      </trkpt>
      <trkpt lat="55.63159047625958919525146484375" lon="37.3094735853374004364013671875">
        <ele>189.399993896484375</ele>
        <time>2026-09-26T06:06:28.000Z</time>
        <extensions>
          <ns3:TrackPointExtension>
            <ns3:hr>130</ns3:hr>
            <ns3:cad>86</ns3:cad>
          </ns3:TrackPointExtension>
        </extensions>
      </trkpt>
      <trkpt lat="55.6315670907497406005859375" lon="37.30949948541820049285888671875">
        <ele>189.399993896484375</ele>
        <time>2026-09-26T06:06:29.000Z</time>
        <extensions>
          <ns3:TrackPointExtension>
            <ns3:hr>129</ns3:hr>
            <ns3:cad>85</ns3:cad>
          </ns3:TrackPointExtension>
        </extensions>
      </trkpt>
      <trkpt lat="55.63154068775475025177001953125" lon="37.309523709118366241455078125">
        <ele>189.399993896484375</ele>
        <time>2026-09-26T06:06:30.000Z</time>
        <extensions>
          <ns3:TrackPointExtension>
            <ns3:hr>129</ns3:hr>
            <ns3:cad>85</ns3:cad>
          </ns3:TrackPointExtension>
        </extensions>
      </trkpt>
      <trkpt lat="55.63151805661618709564208984375" lon="37.30954793281853199005126953125">
        <ele>189.399993896484375</ele>
        <time>2026-09-26T06:06:31.000Z</time>
        <extensions>
          <ns3:TrackPointExtension>
            <ns3:hr>129</ns3:hr>
            <ns3:cad>85</ns3:cad>
          </ns3:TrackPointExtension>
        </extensions>
      </trkpt>
      <trkpt lat="55.63149441964924335479736328125" lon="37.3095728270709514617919921875">
        <ele>189.600006103515625</ele>
        <time>2026-09-26T06:06:32.000Z</time>
        <extensions>
          <ns3:TrackPointExtension>
            <ns3:hr>130</ns3:hr>
            <ns3:cad>86</ns3:cad>
          </ns3:TrackPointExtension>
        </extensions>
      </trkpt>
      <trkpt lat="55.63147120177745819091796875" lon="37.30959503911435604095458984375">
        <ele>189.600006103515625</ele>
        <time>2026-09-26T06:06:33.000Z</time>
        <extensions>
          <ns3:TrackPointExtension>
            <ns3:hr>130</ns3:hr>
            <ns3:cad>86</ns3:cad>
          </ns3:TrackPointExtension>
        </extensions>
      </trkpt>
      <trkpt lat="55.6314458884298801422119140625" lon="37.30961783789098262786865234375">
        <ele>189.8000030517578125</ele>
        <time>2026-09-26T06:06:34.000Z</time>
        <extensions>
          <ns3:TrackPointExtension>
            <ns3:hr>130</ns3:hr>
            <ns3:cad>86</ns3:cad>
          </ns3:TrackPointExtension>
        </extensions>
      </trkpt>
      <trkpt lat="55.6314190663397312164306640625" lon="37.30963560752570629119873046875">
        <ele>189.8000030517578125</ele>
        <time>2026-09-26T06:06:35.000Z</time>
        <extensions>
          <ns3:TrackPointExtension>
            <ns3:hr>130</ns3:hr>
            <ns3:cad>86</ns3:cad>
          </ns3:TrackPointExtension>
        </extensions>
      </trkpt>
      <trkpt lat="55.6313954293727874755859375" lon="37.3096569813787937164306640625">
        <ele>189.600006103515625</ele>
        <time>2026-09-26T06:06:36.000Z</time>
        <extensions>
          <ns3:TrackPointExtension>
            <ns3:hr>130</ns3:hr>
            <ns3:cad>85</ns3:cad>
          </ns3:TrackPointExtension>
        </extensions>
      </trkpt>
      <trkpt lat="55.63137355260550975799560546875" lon="37.309681288897991180419921875">
        <ele>189.600006103515625</ele>
        <time>2026-09-26T06:06:37.000Z</time>
        <extensions>
          <ns3:TrackPointExtension>
            <ns3:hr>130</ns3:hr>
            <ns3:cad>85</ns3:cad>
          </ns3:TrackPointExtension>
        </extensions>
      </trkpt>
      <trkpt lat="55.631353519856929779052734375" lon="37.30971389450132846832275390625">
        <ele>189.600006103515625</ele>
        <time>2026-09-26T06:06:38.000Z</time>
        <extensions>
          <ns3:TrackPointExtension>
            <ns3:hr>131</ns3:hr>
            <ns3:cad>85</ns3:cad>
          </ns3:TrackPointExtension>
        </extensions>
      </trkpt>
      <trkpt lat="55.6313337385654449462890625" lon="37.3097468353807926177978515625">
        <ele>189.600006103515625</ele>
        <time>2026-09-26T06:06:39.000Z</time>
        <extensions>
          <ns3:TrackPointExtension>
            <ns3:hr>130</ns3:hr>
            <ns3:cad>85</ns3:cad>
          </ns3:TrackPointExtension>
        </extensions>
      </trkpt>
      <trkpt lat="55.63131068833172321319580078125" lon="37.30977910570800304412841796875">
        <ele>189.600006103515625</ele>
        <time>2026-09-26T06:06:40.000Z</time>
        <extensions>
          <ns3:TrackPointExtension>
            <ns3:hr>131</ns3:hr>
            <ns3:cad>86</ns3:cad>
          </ns3:TrackPointExtension>
        </extensions>
      </trkpt>
      <trkpt lat="55.631291829049587249755859375" lon="37.3098088614642620086669921875">
        <ele>189.600006103515625</ele>
        <time>2026-09-26T06:06:41.000Z</time>
        <extensions>
          <ns3:TrackPointExtension>
            <ns3:hr>131</ns3:hr>
            <ns3:cad>86</ns3:cad>
          </ns3:TrackPointExtension>
        </extensions>
      </trkpt>
      <trkpt lat="55.63127632252871990203857421875" lon="37.309846580028533935546875">
        <ele>189.600006103515625</ele>
        <time>2026-09-26T06:06:42.000Z</time>
        <extensions>
          <ns3:TrackPointExtension>
            <ns3:hr>131</ns3:hr>
            <ns3:cad>87</ns3:cad>
          </ns3:TrackPointExtension>
        </extensions>
      </trkpt>
      <trkpt lat="55.6312628276646137237548828125" lon="37.30988119728863239288330078125">
        <ele>189.8000030517578125</ele>
        <time>2026-09-26T06:06:43.000Z</time>
        <extensions>
          <ns3:TrackPointExtension>
            <ns3:hr>131</ns3:hr>
            <ns3:cad>87</ns3:cad>
          </ns3:TrackPointExtension>
        </extensions>
      </trkpt>
      <trkpt lat="55.63125251792371273040771484375" lon="37.30991673655807971954345703125">
        <ele>190</ele>
        <time>2026-09-26T06:06:44.000Z</time>
        <extensions>
          <ns3:TrackPointExtension>
            <ns3:hr>131</ns3:hr>
            <ns3:cad>87</ns3:cad>
          </ns3:TrackPointExtension>
        </extensions>
      </trkpt>
      <trkpt lat="55.6312398612499237060546875" lon="37.3099480010569095611572265625">
        <ele>190</ele>
        <time>2026-09-26T06:06:45.000Z</time>
        <extensions>
          <ns3:TrackPointExtension>
            <ns3:hr>132</ns3:hr>
            <ns3:cad>86</ns3:cad>
          </ns3:TrackPointExtension>
        </extensions>
      </trkpt>
      <trkpt lat="55.63122435472905635833740234375" lon="37.30997675098478794097900390625">
        <ele>189.8000030517578125</ele>
        <time>2026-09-26T06:06:46.000Z</time>
        <extensions>
          <ns3:TrackPointExtension>
            <ns3:hr>132</ns3:hr>
            <ns3:cad>86</ns3:cad>
          </ns3:TrackPointExtension>
        </extensions>
      </trkpt>
      <trkpt lat="55.63120968639850616455078125" lon="37.31000927276909351348876953125">
        <ele>189.600006103515625</ele>
        <time>2026-09-26T06:06:47.000Z</time>
        <extensions>
          <ns3:TrackPointExtension>
            <ns3:hr>132</ns3:hr>
            <ns3:cad>86</ns3:cad>
          </ns3:TrackPointExtension>
        </extensions>
      </trkpt>
      <trkpt lat="55.631195269525051116943359375" lon="37.31004481203854084014892578125">
        <ele>189.600006103515625</ele>
        <time>2026-09-26T06:06:48.000Z</time>
        <extensions>
          <ns3:TrackPointExtension>
            <ns3:hr>132</ns3:hr>
            <ns3:cad>86</ns3:cad>
          </ns3:TrackPointExtension>
        </extensions>
      </trkpt>
      <trkpt lat="55.631181858479976654052734375" lon="37.31007867492735385894775390625">
        <ele>189.8000030517578125</ele>
        <time>2026-09-26T06:06:49.000Z</time>
        <extensions>
          <ns3:TrackPointExtension>
            <ns3:hr>132</ns3:hr>
            <ns3:cad>85</ns3:cad>
          </ns3:TrackPointExtension>
        </extensions>
      </trkpt>
      <trkpt lat="55.63116635195910930633544921875" lon="37.31011153198778629302978515625">
        <ele>189.8000030517578125</ele>
        <time>2026-09-26T06:06:50.000Z</time>
        <extensions>
          <ns3:TrackPointExtension>
            <ns3:hr>133</ns3:hr>
            <ns3:cad>85</ns3:cad>
          </ns3:TrackPointExtension>
        </extensions>
      </trkpt>
      <trkpt lat="55.631152354180812835693359375" lon="37.31013961136341094970703125">
        <ele>189.8000030517578125</ele>
        <time>2026-09-26T06:06:51.000Z</time>
        <extensions>
          <ns3:TrackPointExtension>
            <ns3:hr>132</ns3:hr>
            <ns3:cad>86</ns3:cad>
          </ns3:TrackPointExtension>
        </extensions>
      </trkpt>
      <trkpt lat="55.63113902695477008819580078125" lon="37.31016769073903560638427734375">
        <ele>189.600006103515625</ele>
        <time>2026-09-26T06:06:52.000Z</time>
        <extensions>
          <ns3:TrackPointExtension>
            <ns3:hr>132</ns3:hr>
            <ns3:cad>86</ns3:cad>
          </ns3:TrackPointExtension>
        </extensions>
      </trkpt>
      <trkpt lat="55.631128884851932525634765625" lon="37.31020423583686351776123046875">
        <ele>189.600006103515625</ele>
        <time>2026-09-26T06:06:53.000Z</time>
        <extensions>
          <ns3:TrackPointExtension>
            <ns3:hr>133</ns3:hr>
            <ns3:cad>86</ns3:cad>
          </ns3:TrackPointExtension>
        </extensions>
      </trkpt>
      <trkpt lat="55.63111723400652408599853515625" lon="37.31023742817342281341552734375">
        <ele>189.600006103515625</ele>
        <time>2026-09-26T06:06:54.000Z</time>
        <extensions>
          <ns3:TrackPointExtension>
            <ns3:hr>133</ns3:hr>
            <ns3:cad>86</ns3:cad>
          </ns3:TrackPointExtension>
        </extensions>
      </trkpt>
      <trkpt lat="55.6311057507991790771484375" lon="37.310271374881267547607421875">
        <ele>189.600006103515625</ele>
        <time>2026-09-26T06:06:55.000Z</time>
        <extensions>
          <ns3:TrackPointExtension>
            <ns3:hr>133</ns3:hr>
            <ns3:cad>86</ns3:cad>
          </ns3:TrackPointExtension>
        </extensions>
      </trkpt>
      <trkpt lat="55.6310921721160411834716796875" lon="37.31029559858143329620361328125">
        <ele>189.399993896484375</ele>
        <time>2026-09-26T06:06:56.000Z</time>
        <extensions>
          <ns3:TrackPointExtension>
            <ns3:hr>135</ns3:hr>
            <ns3:cad>86</ns3:cad>
          </ns3:TrackPointExtension>
        </extensions>
      </trkpt>
      <trkpt lat="55.63107431866228580474853515625" lon="37.310318984091281890869140625">
        <ele>189.1999969482421875</ele>
        <time>2026-09-26T06:06:57.000Z</time>
        <extensions>
          <ns3:TrackPointExtension>
            <ns3:hr>135</ns3:hr>
            <ns3:cad>85</ns3:cad>
          </ns3:TrackPointExtension>
        </extensions>
      </trkpt>
      <trkpt lat="55.6310579739511013031005859375" lon="37.3103396035730838775634765625">
        <ele>189.1999969482421875</ele>
        <time>2026-09-26T06:06:58.000Z</time>
        <extensions>
          <ns3:TrackPointExtension>
            <ns3:hr>135</ns3:hr>
            <ns3:cad>85</ns3:cad>
          </ns3:TrackPointExtension>
        </extensions>
      </trkpt>
      <trkpt lat="55.63103710301220417022705078125" lon="37.31035779230296611785888671875">
        <ele>188.8000030517578125</ele>
        <time>2026-09-26T06:06:59.000Z</time>
        <extensions>
          <ns3:TrackPointExtension>
            <ns3:hr>136</ns3:hr>
            <ns3:cad>85</ns3:cad>
          </ns3:TrackPointExtension>
        </extensions>
      </trkpt>
      <trkpt lat="55.63102201558649539947509765625" lon="37.31038310565054416656494140625">
        <ele>188.8000030517578125</ele>
        <time>2026-09-26T06:07:00.000Z</time>
        <extensions>
          <ns3:TrackPointExtension>
            <ns3:hr>136</ns3:hr>
            <ns3:cad>85</ns3:cad>
          </ns3:TrackPointExtension>
        </extensions>
      </trkpt>
      <trkpt lat="55.63100541941821575164794921875" lon="37.31041160412132740020751953125">
        <ele>188.8000030517578125</ele>
        <time>2026-09-26T06:07:01.000Z</time>
        <extensions>
          <ns3:TrackPointExtension>
            <ns3:hr>136</ns3:hr>
            <ns3:cad>84</ns3:cad>
          </ns3:TrackPointExtension>
        </extensions>
      </trkpt>
      <trkpt lat="55.6309892423450946807861328125" lon="37.31044228188693523406982421875">
        <ele>188.8000030517578125</ele>
        <time>2026-09-26T06:07:02.000Z</time>
        <extensions>
          <ns3:TrackPointExtension>
            <ns3:hr>136</ns3:hr>
            <ns3:cad>84</ns3:cad>
          </ns3:TrackPointExtension>
        </extensions>
      </trkpt>
      <trkpt lat="55.63097625039517879486083984375" lon="37.310474552214145660400390625">
        <ele>189</ele>
        <time>2026-09-26T06:07:03.000Z</time>
        <extensions>
          <ns3:TrackPointExtension>
            <ns3:hr>136</ns3:hr>
            <ns3:cad>84</ns3:cad>
          </ns3:TrackPointExtension>
        </extensions>
      </trkpt>
      <trkpt lat="55.630963258445262908935546875" lon="37.3105028830468654632568359375">
        <ele>189</ele>
        <time>2026-09-26T06:07:04.000Z</time>
        <extensions>
          <ns3:TrackPointExtension>
            <ns3:hr>137</ns3:hr>
            <ns3:cad>85</ns3:cad>
          </ns3:TrackPointExtension>
        </extensions>
      </trkpt>
      <trkpt lat="55.6309469975531101226806640625" lon="37.31053381226956844329833984375">
        <ele>189</ele>
        <time>2026-09-26T06:07:05.000Z</time>
        <extensions>
          <ns3:TrackPointExtension>
            <ns3:hr>137</ns3:hr>
            <ns3:cad>86</ns3:cad>
          </ns3:TrackPointExtension>
        </extensions>
      </trkpt>
      <trkpt lat="55.63092939555644989013671875" lon="37.31056348420679569244384765625">
        <ele>188.8000030517578125</ele>
        <time>2026-09-26T06:07:06.000Z</time>
        <extensions>
          <ns3:TrackPointExtension>
            <ns3:hr>137</ns3:hr>
            <ns3:cad>86</ns3:cad>
          </ns3:TrackPointExtension>
        </extensions>
      </trkpt>
      <trkpt lat="55.63091070391237735748291015625" lon="37.31058980338275432586669921875">
        <ele>189</ele>
        <time>2026-09-26T06:07:07.000Z</time>
        <extensions>
          <ns3:TrackPointExtension>
            <ns3:hr>137</ns3:hr>
            <ns3:cad>86</ns3:cad>
          </ns3:TrackPointExtension>
        </extensions>
      </trkpt>
      <trkpt lat="55.63089276663959026336669921875" lon="37.31062215752899646759033203125">
        <ele>189</ele>
        <time>2026-09-26T06:07:08.000Z</time>
        <extensions>
          <ns3:TrackPointExtension>
            <ns3:hr>138</ns3:hr>
            <ns3:cad>85</ns3:cad>
          </ns3:TrackPointExtension>
        </extensions>
      </trkpt>
      <trkpt lat="55.63087617047131061553955078125" lon="37.310656607151031494140625">
        <ele>189.1999969482421875</ele>
        <time>2026-09-26T06:07:09.000Z</time>
        <extensions>
          <ns3:TrackPointExtension>
            <ns3:hr>138</ns3:hr>
            <ns3:cad>85</ns3:cad>
          </ns3:TrackPointExtension>
        </extensions>
      </trkpt>
      <trkpt lat="55.6308621726930141448974609375" lon="37.31069088913500308990478515625">
        <ele>189.1999969482421875</ele>
        <time>2026-09-26T06:07:10.000Z</time>
        <extensions>
          <ns3:TrackPointExtension>
            <ns3:hr>138</ns3:hr>
            <ns3:cad>85</ns3:cad>
          </ns3:TrackPointExtension>
        </extensions>
      </trkpt>
      <trkpt lat="55.63084985129535198211669921875" lon="37.310722656548023223876953125">
        <ele>189.399993896484375</ele>
        <time>2026-09-26T06:07:11.000Z</time>
        <extensions>
          <ns3:TrackPointExtension>
            <ns3:hr>138</ns3:hr>
            <ns3:cad>86</ns3:cad>
          </ns3:TrackPointExtension>
        </extensions>
      </trkpt>
      <trkpt lat="55.63083820044994354248046875" lon="37.31075475923717021942138671875">
        <ele>189.399993896484375</ele>
        <time>2026-09-26T06:07:12.000Z</time>
        <extensions>
          <ns3:TrackPointExtension>
            <ns3:hr>138</ns3:hr>
            <ns3:cad>86</ns3:cad>
          </ns3:TrackPointExtension>
        </extensions>
      </trkpt>
      <trkpt lat="55.63083392567932605743408203125" lon="37.3107912205159664154052734375">
        <ele>189.600006103515625</ele>
        <time>2026-09-26T06:07:13.000Z</time>
        <extensions>
          <ns3:TrackPointExtension>
            <ns3:hr>139</ns3:hr>
            <ns3:cad>86</ns3:cad>
          </ns3:TrackPointExtension>
        </extensions>
      </trkpt>
      <trkpt lat="55.6308222748339176177978515625" lon="37.310827262699604034423828125">
        <ele>189.8000030517578125</ele>
        <time>2026-09-26T06:07:14.000Z</time>
        <extensions>
          <ns3:TrackPointExtension>
            <ns3:hr>139</ns3:hr>
            <ns3:cad>85</ns3:cad>
          </ns3:TrackPointExtension>
        </extensions>
      </trkpt>
      <trkpt lat="55.6308107078075408935546875" lon="37.3108644783496856689453125">
        <ele>190</ele>
        <time>2026-09-26T06:07:15.000Z</time>
        <extensions>
          <ns3:TrackPointExtension>
            <ns3:hr>139</ns3:hr>
            <ns3:cad>85</ns3:cad>
          </ns3:TrackPointExtension>
        </extensions>
      </trkpt>
      <trkpt lat="55.63080333173274993896484375" lon="37.3108993470668792724609375">
        <ele>190.1999969482421875</ele>
        <time>2026-09-26T06:07:16.000Z</time>
        <extensions>
          <ns3:TrackPointExtension>
            <ns3:hr>139</ns3:hr>
            <ns3:cad>85</ns3:cad>
          </ns3:TrackPointExtension>
        </extensions>
      </trkpt>
      <trkpt lat="55.63078992068767547607421875" lon="37.31093220412731170654296875">
        <ele>190.1999969482421875</ele>
        <time>2026-09-26T06:07:17.000Z</time>
        <extensions>
          <ns3:TrackPointExtension>
            <ns3:hr>139</ns3:hr>
            <ns3:cad>84</ns3:cad>
          </ns3:TrackPointExtension>
        </extensions>
      </trkpt>
      <trkpt lat="55.63077676109969615936279296875" lon="37.310965396463871002197265625">
        <ele>190.399993896484375</ele>
        <time>2026-09-26T06:07:18.000Z</time>
        <extensions>
          <ns3:TrackPointExtension>
            <ns3:hr>139</ns3:hr>
            <ns3:cad>84</ns3:cad>
          </ns3:TrackPointExtension>
        </extensions>
      </trkpt>
      <trkpt lat="55.6307624280452728271484375" lon="37.3109943978488445281982421875">
        <ele>190.600006103515625</ele>
        <time>2026-09-26T06:07:19.000Z</time>
        <extensions>
          <ns3:TrackPointExtension>
            <ns3:hr>139</ns3:hr>
            <ns3:cad>84</ns3:cad>
          </ns3:TrackPointExtension>
        </extensions>
      </trkpt>
      <trkpt lat="55.63074675388634204864501953125" lon="37.3110235668718814849853515625">
        <ele>190.8000030517578125</ele>
        <time>2026-09-26T06:07:20.000Z</time>
        <extensions>
          <ns3:TrackPointExtension>
            <ns3:hr>139</ns3:hr>
            <ns3:cad>84</ns3:cad>
          </ns3:TrackPointExtension>
        </extensions>
      </trkpt>
      <trkpt lat="55.63073300756514072418212890625" lon="37.31104795821011066436767578125">
        <ele>191</ele>
        <time>2026-09-26T06:07:21.000Z</time>
        <extensions>
          <ns3:TrackPointExtension>
            <ns3:hr>139</ns3:hr>
            <ns3:cad>85</ns3:cad>
          </ns3:TrackPointExtension>
        </extensions>
      </trkpt>
      <trkpt lat="55.6307156570255756378173828125" lon="37.31106991879642009735107421875">
        <ele>191</ele>
        <time>2026-09-26T06:07:22.000Z</time>
        <extensions>
          <ns3:TrackPointExtension>
            <ns3:hr>139</ns3:hr>
            <ns3:cad>85</ns3:cad>
          </ns3:TrackPointExtension>
        </extensions>
      </trkpt>
      <trkpt lat="55.63069604337215423583984375" lon="37.3110785521566867828369140625">
        <ele>190.8000030517578125</ele>
        <time>2026-09-26T06:07:23.000Z</time>
        <extensions>
          <ns3:TrackPointExtension>
            <ns3:hr>139</ns3:hr>
            <ns3:cad>85</ns3:cad>
          </ns3:TrackPointExtension>
        </extensions>
      </trkpt>
      <trkpt lat="55.6306754238903522491455078125" lon="37.3110790550708770751953125">
        <ele>190.600006103515625</ele>
        <time>2026-09-26T06:07:24.000Z</time>
        <extensions>
          <ns3:TrackPointExtension>
            <ns3:hr>139</ns3:hr>
            <ns3:cad>85</ns3:cad>
          </ns3:TrackPointExtension>
        </extensions>
      </trkpt>
      <trkpt lat="55.6306532956659793853759765625" lon="37.31107595376670360565185546875">
        <ele>190.600006103515625</ele>
        <time>2026-09-26T06:07:25.000Z</time>
        <extensions>
          <ns3:TrackPointExtension>
            <ns3:hr>139</ns3:hr>
            <ns3:cad>85</ns3:cad>
          </ns3:TrackPointExtension>
        </extensions>
      </trkpt>
      <trkpt lat="55.63063301146030426025390625" lon="37.31107578612864017486572265625">
        <ele>190.399993896484375</ele>
        <time>2026-09-26T06:07:26.000Z</time>
        <extensions>
          <ns3:TrackPointExtension>
            <ns3:hr>139</ns3:hr>
            <ns3:cad>85</ns3:cad>
          </ns3:TrackPointExtension>
        </extensions>
      </trkpt>
      <trkpt lat="55.63060996122658252716064453125" lon="37.3110829107463359832763671875">
        <ele>190.1999969482421875</ele>
        <time>2026-09-26T06:07:27.000Z</time>
        <extensions>
          <ns3:TrackPointExtension>
            <ns3:hr>139</ns3:hr>
            <ns3:cad>85</ns3:cad>
          </ns3:TrackPointExtension>
        </extensions>
      </trkpt>
      <trkpt lat="55.6305907666683197021484375" lon="37.311092801392078399658203125">
        <ele>190.1999969482421875</ele>
        <time>2026-09-26T06:07:28.000Z</time>
        <extensions>
          <ns3:TrackPointExtension>
            <ns3:hr>139</ns3:hr>
            <ns3:cad>85</ns3:cad>
          </ns3:TrackPointExtension>
        </extensions>
      </trkpt>
      <trkpt lat="55.63057458959519863128662109375" lon="37.31111166067421436309814453125">
        <ele>190.1999969482421875</ele>
        <time>2026-09-26T06:07:29.000Z</time>
        <extensions>
          <ns3:TrackPointExtension>
            <ns3:hr>140</ns3:hr>
            <ns3:cad>86</ns3:cad>
          </ns3:TrackPointExtension>
        </extensions>
      </trkpt>
      <trkpt lat="55.630560256540775299072265625" lon="37.31113462708890438079833984375">
        <ele>190.399993896484375</ele>
        <time>2026-09-26T06:07:30.000Z</time>
        <extensions>
          <ns3:TrackPointExtension>
            <ns3:hr>140</ns3:hr>
            <ns3:cad>86</ns3:cad>
          </ns3:TrackPointExtension>
        </extensions>
      </trkpt>
      <trkpt lat="55.63054382801055908203125" lon="37.3111600242555141448974609375">
        <ele>190.399993896484375</ele>
        <time>2026-09-26T06:07:31.000Z</time>
        <extensions>
          <ns3:TrackPointExtension>
            <ns3:hr>140</ns3:hr>
            <ns3:cad>87</ns3:cad>
          </ns3:TrackPointExtension>
        </extensions>
      </trkpt>
      <trkpt lat="55.63053351826965808868408203125" lon="37.3111878521740436553955078125">
        <ele>190.600006103515625</ele>
        <time>2026-09-26T06:07:32.000Z</time>
        <extensions>
          <ns3:TrackPointExtension>
            <ns3:hr>140</ns3:hr>
            <ns3:cad>87</ns3:cad>
          </ns3:TrackPointExtension>
        </extensions>
      </trkpt>
      <trkpt lat="55.63051893375813961029052734375" lon="37.311215512454509735107421875">
        <ele>190.600006103515625</ele>
        <time>2026-09-26T06:07:33.000Z</time>
        <extensions>
          <ns3:TrackPointExtension>
            <ns3:hr>140</ns3:hr>
            <ns3:cad>87</ns3:cad>
          </ns3:TrackPointExtension>
        </extensions>
      </trkpt>
      <trkpt lat="55.63050560653209686279296875" lon="37.31124334037303924560546875">
        <ele>190.8000030517578125</ele>
        <time>2026-09-26T06:07:34.000Z</time>
        <extensions>
          <ns3:TrackPointExtension>
            <ns3:hr>140</ns3:hr>
            <ns3:cad>87</ns3:cad>
          </ns3:TrackPointExtension>
        </extensions>
      </trkpt>
      <trkpt lat="55.63049127347767353057861328125" lon="37.3112696595489978790283203125">
        <ele>190.8000030517578125</ele>
        <time>2026-09-26T06:07:35.000Z</time>
        <extensions>
          <ns3:TrackPointExtension>
            <ns3:hr>140</ns3:hr>
            <ns3:cad>87</ns3:cad>
          </ns3:TrackPointExtension>
        </extensions>
      </trkpt>
      <trkpt lat="55.6304739229381084442138671875" lon="37.31130327098071575164794921875">
        <ele>191</ele>
        <time>2026-09-26T06:07:36.000Z</time>
        <extensions>
          <ns3:TrackPointExtension>
            <ns3:hr>140</ns3:hr>
            <ns3:cad>86</ns3:cad>
          </ns3:TrackPointExtension>
        </extensions>
      </trkpt>
      <trkpt lat="55.63046009279787540435791015625" lon="37.31133143417537212371826171875">
        <ele>191</ele>
        <time>2026-09-26T06:07:37.000Z</time>
        <extensions>
          <ns3:TrackPointExtension>
            <ns3:hr>140</ns3:hr>
            <ns3:cad>85</ns3:cad>
          </ns3:TrackPointExtension>
        </extensions>
      </trkpt>
      <trkpt lat="55.6304471008479595184326171875" lon="37.31136001646518707275390625">
        <ele>191.1999969482421875</ele>
        <time>2026-09-26T06:07:38.000Z</time>
        <extensions>
          <ns3:TrackPointExtension>
            <ns3:hr>140</ns3:hr>
            <ns3:cad>85</ns3:cad>
          </ns3:TrackPointExtension>
        </extensions>
      </trkpt>
      <trkpt lat="55.63043452799320220947265625" lon="37.311395891010761260986328125">
        <ele>191.1999969482421875</ele>
        <time>2026-09-26T06:07:39.000Z</time>
        <extensions>
          <ns3:TrackPointExtension>
            <ns3:hr>140</ns3:hr>
            <ns3:cad>85</ns3:cad>
          </ns3:TrackPointExtension>
        </extensions>
      </trkpt>
      <trkpt lat="55.6304222904145717620849609375" lon="37.3114342801272869110107421875">
        <ele>191.399993896484375</ele>
        <time>2026-09-26T06:07:40.000Z</time>
        <extensions>
          <ns3:TrackPointExtension>
            <ns3:hr>140</ns3:hr>
            <ns3:cad>85</ns3:cad>
          </ns3:TrackPointExtension>
        </extensions>
      </trkpt>
      <trkpt lat="55.63040879555046558380126953125" lon="37.31146906502544879913330078125">
        <ele>191.600006103515625</ele>
        <time>2026-09-26T06:07:41.000Z</time>
        <extensions>
          <ns3:TrackPointExtension>
            <ns3:hr>139</ns3:hr>
            <ns3:cad>85</ns3:cad>
          </ns3:TrackPointExtension>
        </extensions>
      </trkpt>
      <trkpt lat="55.63039504922926425933837890625" lon="37.3114959709346294403076171875">
        <ele>191.8000030517578125</ele>
        <time>2026-09-26T06:07:42.000Z</time>
        <extensions>
          <ns3:TrackPointExtension>
            <ns3:hr>138</ns3:hr>
            <ns3:cad>85</ns3:cad>
          </ns3:TrackPointExtension>
        </extensions>
      </trkpt>
      <trkpt lat="55.63037694431841373443603515625" lon="37.31152337975800037384033203125">
        <ele>191.8000030517578125</ele>
        <time>2026-09-26T06:07:43.000Z</time>
        <extensions>
          <ns3:TrackPointExtension>
            <ns3:hr>138</ns3:hr>
            <ns3:cad>85</ns3:cad>
          </ns3:TrackPointExtension>
        </extensions>
      </trkpt>
      <trkpt lat="55.630364120006561279296875" lon="37.31155221350491046905517578125">
        <ele>192</ele>
        <time>2026-09-26T06:07:44.000Z</time>
        <extensions>
          <ns3:TrackPointExtension>
            <ns3:hr>138</ns3:hr>
            <ns3:cad>85</ns3:cad>
          </ns3:TrackPointExtension>
        </extensions>
      </trkpt>
      <trkpt lat="55.63035213388502597808837890625" lon="37.3115851543843746185302734375">
        <ele>192</ele>
        <time>2026-09-26T06:07:45.000Z</time>
        <extensions>
          <ns3:TrackPointExtension>
            <ns3:hr>138</ns3:hr>
            <ns3:cad>85</ns3:cad>
          </ns3:TrackPointExtension>
        </extensions>
      </trkpt>
      <trkpt lat="55.63033570535480976104736328125" lon="37.3116136528551578521728515625">
        <ele>192.1999969482421875</ele>
        <time>2026-09-26T06:07:46.000Z</time>
        <extensions>
          <ns3:TrackPointExtension>
            <ns3:hr>138</ns3:hr>
            <ns3:cad>84</ns3:cad>
          </ns3:TrackPointExtension>
        </extensions>
      </trkpt>
      <trkpt lat="55.6303183548152446746826171875" lon="37.31163754127919673919677734375">
        <ele>192.1999969482421875</ele>
        <time>2026-09-26T06:07:47.000Z</time>
        <extensions>
          <ns3:TrackPointExtension>
            <ns3:hr>138</ns3:hr>
            <ns3:cad>84</ns3:cad>
          </ns3:TrackPointExtension>
        </extensions>
      </trkpt>
      <trkpt lat="55.63029932789504528045654296875" lon="37.311665117740631103515625">
        <ele>192</ele>
        <time>2026-09-26T06:07:48.000Z</time>
        <extensions>
          <ns3:TrackPointExtension>
            <ns3:hr>139</ns3:hr>
            <ns3:cad>85</ns3:cad>
          </ns3:TrackPointExtension>
        </extensions>
      </trkpt>
      <trkpt lat="55.63028356991708278656005859375" lon="37.3116894252598285675048828125">
        <ele>191.8000030517578125</ele>
        <time>2026-09-26T06:07:49.000Z</time>
        <extensions>
          <ns3:TrackPointExtension>
            <ns3:hr>139</ns3:hr>
            <ns3:cad>86</ns3:cad>
          </ns3:TrackPointExtension>
        </extensions>
      </trkpt>
      <trkpt lat="55.63026730902493000030517578125" lon="37.3117135651409626007080078125">
        <ele>191.600006103515625</ele>
        <time>2026-09-26T06:07:50.000Z</time>
        <extensions>
          <ns3:TrackPointExtension>
            <ns3:hr>139</ns3:hr>
            <ns3:cad>86</ns3:cad>
          </ns3:TrackPointExtension>
        </extensions>
      </trkpt>
      <trkpt lat="55.63025205396115779876708984375" lon="37.3117420636117458343505859375">
        <ele>191.600006103515625</ele>
        <time>2026-09-26T06:07:51.000Z</time>
        <extensions>
          <ns3:TrackPointExtension>
            <ns3:hr>139</ns3:hr>
            <ns3:cad>86</ns3:cad>
          </ns3:TrackPointExtension>
        </extensions>
      </trkpt>
      <trkpt lat="55.63023428432643413543701171875" lon="37.31177508831024169921875">
        <ele>191.399993896484375</ele>
        <time>2026-09-26T06:07:52.000Z</time>
        <extensions>
          <ns3:TrackPointExtension>
            <ns3:hr>140</ns3:hr>
            <ns3:cad>85</ns3:cad>
          </ns3:TrackPointExtension>
        </extensions>
      </trkpt>
      <trkpt lat="55.63021324574947357177734375" lon="37.31179947964847087860107421875">
        <ele>191.1999969482421875</ele>
        <time>2026-09-26T06:07:53.000Z</time>
        <extensions>
          <ns3:TrackPointExtension>
            <ns3:hr>140</ns3:hr>
            <ns3:cad>85</ns3:cad>
          </ns3:TrackPointExtension>
        </extensions>
      </trkpt>
      <trkpt lat="55.63019086606800556182861328125" lon="37.31181423179805278778076171875">
        <ele>191.1999969482421875</ele>
        <time>2026-09-26T06:07:54.000Z</time>
        <extensions>
          <ns3:TrackPointExtension>
            <ns3:hr>140</ns3:hr>
            <ns3:cad>85</ns3:cad>
          </ns3:TrackPointExtension>
        </extensions>
      </trkpt>
      <trkpt lat="55.63016672618687152862548828125" lon="37.31182713992893695831298828125">
        <ele>191</ele>
        <time>2026-09-26T06:07:55.000Z</time>
        <extensions>
          <ns3:TrackPointExtension>
            <ns3:hr>140</ns3:hr>
            <ns3:cad>85</ns3:cad>
          </ns3:TrackPointExtension>
        </extensions>
      </trkpt>
      <trkpt lat="55.6301430054008960723876953125" lon="37.31183082796633243560791015625">
        <ele>190.8000030517578125</ele>
        <time>2026-09-26T06:07:56.000Z</time>
        <extensions>
          <ns3:TrackPointExtension>
            <ns3:hr>140</ns3:hr>
            <ns3:cad>85</ns3:cad>
          </ns3:TrackPointExtension>
        </extensions>
      </trkpt>
      <trkpt lat="55.63011945225298404693603515625" lon="37.31183879077434539794921875">
        <ele>190.600006103515625</ele>
        <time>2026-09-26T06:07:57.000Z</time>
        <extensions>
          <ns3:TrackPointExtension>
            <ns3:hr>140</ns3:hr>
            <ns3:cad>85</ns3:cad>
          </ns3:TrackPointExtension>
        </extensions>
      </trkpt>
      <trkpt lat="55.63009799458086490631103515625" lon="37.31184457428753376007080078125">
        <ele>190.399993896484375</ele>
        <time>2026-09-26T06:07:58.000Z</time>
        <extensions>
          <ns3:TrackPointExtension>
            <ns3:hr>140</ns3:hr>
            <ns3:cad>86</ns3:cad>
          </ns3:TrackPointExtension>
        </extensions>
      </trkpt>
      <trkpt lat="55.6300762854516506195068359375" lon="37.3118516989052295684814453125">
        <ele>190.1999969482421875</ele>
        <time>2026-09-26T06:07:59.000Z</time>
        <extensions>
          <ns3:TrackPointExtension>
            <ns3:hr>140</ns3:hr>
            <ns3:cad>86</ns3:cad>
          </ns3:TrackPointExtension>
        </extensions>
      </trkpt>
      <trkpt lat="55.63005222938954830169677734375" lon="37.31185329146683216094970703125">
        <ele>189.8000030517578125</ele>
        <time>2026-09-26T06:08:00.000Z</time>
        <extensions>
          <ns3:TrackPointExtension>
            <ns3:hr>140</ns3:hr>
            <ns3:cad>86</ns3:cad>
          </ns3:TrackPointExtension>
        </extensions>
      </trkpt>
      <trkpt lat="55.63003077171742916107177734375" lon="37.311852537095546722412109375">
        <ele>189.600006103515625</ele>
        <time>2026-09-26T06:08:01.000Z</time>
        <extensions>
          <ns3:TrackPointExtension>
            <ns3:hr>140</ns3:hr>
            <ns3:cad>86</ns3:cad>
          </ns3:TrackPointExtension>
        </extensions>
      </trkpt>
      <trkpt lat="55.63000679947435855865478515625" lon="37.31184859760105609893798828125">
        <ele>189.1999969482421875</ele>
        <time>2026-09-26T06:08:02.000Z</time>
        <extensions>
          <ns3:TrackPointExtension>
            <ns3:hr>141</ns3:hr>
            <ns3:cad>86</ns3:cad>
          </ns3:TrackPointExtension>
        </extensions>
      </trkpt>
      <trkpt lat="55.62998567707836627960205078125" lon="37.311845831573009490966796875">
        <ele>189</ele>
        <time>2026-09-26T06:08:03.000Z</time>
        <extensions>
          <ns3:TrackPointExtension>
            <ns3:hr>140</ns3:hr>
            <ns3:cad>86</ns3:cad>
          </ns3:TrackPointExtension>
        </extensions>
      </trkpt>
      <trkpt lat="55.629963465034961700439453125" lon="37.311845831573009490966796875">
        <ele>188.600006103515625</ele>
        <time>2026-09-26T06:08:04.000Z</time>
        <extensions>
          <ns3:TrackPointExtension>
            <ns3:hr>140</ns3:hr>
            <ns3:cad>86</ns3:cad>
          </ns3:TrackPointExtension>
        </extensions>
      </trkpt>
      <trkpt lat="55.62994494102895259857177734375" lon="37.3118488490581512451171875">
        <ele>188.399993896484375</ele>
        <time>2026-09-26T06:08:05.000Z</time>
        <extensions>
          <ns3:TrackPointExtension>
            <ns3:hr>140</ns3:hr>
            <ns3:cad>86</ns3:cad>
          </ns3:TrackPointExtension>
        </extensions>
      </trkpt>
      <trkpt lat="55.62992650084197521209716796875" lon="37.31186619959771633148193359375">
        <ele>188.1999969482421875</ele>
        <time>2026-09-26T06:08:06.000Z</time>
        <extensions>
          <ns3:TrackPointExtension>
            <ns3:hr>140</ns3:hr>
            <ns3:cad>87</ns3:cad>
          </ns3:TrackPointExtension>
        </extensions>
      </trkpt>
      <trkpt lat="55.62990990467369556427001953125" lon="37.31189168058335781097412109375">
        <ele>188.1999969482421875</ele>
        <time>2026-09-26T06:08:07.000Z</time>
        <extensions>
          <ns3:TrackPointExtension>
            <ns3:hr>140</ns3:hr>
            <ns3:cad>87</ns3:cad>
          </ns3:TrackPointExtension>
        </extensions>
      </trkpt>
      <trkpt lat="55.6298962421715259552001953125" lon="37.31192302890121936798095703125">
        <ele>188</ele>
        <time>2026-09-26T06:08:08.000Z</time>
        <extensions>
          <ns3:TrackPointExtension>
            <ns3:hr>140</ns3:hr>
            <ns3:cad>87</ns3:cad>
          </ns3:TrackPointExtension>
        </extensions>
      </trkpt>
      <trkpt lat="55.629879646003246307373046875" lon="37.3119507730007171630859375">
        <ele>188</ele>
        <time>2026-09-26T06:08:09.000Z</time>
        <extensions>
          <ns3:TrackPointExtension>
            <ns3:hr>140</ns3:hr>
            <ns3:cad>86</ns3:cad>
          </ns3:TrackPointExtension>
        </extensions>
      </trkpt>
      <trkpt lat="55.62986589968204498291015625" lon="37.31198765337467193603515625">
        <ele>187.8000030517578125</ele>
        <time>2026-09-26T06:08:10.000Z</time>
        <extensions>
          <ns3:TrackPointExtension>
            <ns3:hr>140</ns3:hr>
            <ns3:cad>86</ns3:cad>
          </ns3:TrackPointExtension>
        </extensions>
      </trkpt>
      <trkpt lat="55.62985139898955821990966796875" lon="37.31202847324311733245849609375">
        <ele>188</ele>
        <time>2026-09-26T06:08:11.000Z</time>
        <extensions>
          <ns3:TrackPointExtension>
            <ns3:hr>140</ns3:hr>
            <ns3:cad>87</ns3:cad>
          </ns3:TrackPointExtension>
        </extensions>
      </trkpt>
      <trkpt lat="55.62983765266835689544677734375" lon="37.31207021512091159820556640625">
        <ele>188.1999969482421875</ele>
        <time>2026-09-26T06:08:12.000Z</time>
        <extensions>
          <ns3:TrackPointExtension>
            <ns3:hr>139</ns3:hr>
            <ns3:cad>87</ns3:cad>
          </ns3:TrackPointExtension>
        </extensions>
      </trkpt>
      <trkpt lat="55.6298265047371387481689453125" lon="37.31211237609386444091796875">
        <ele>188.399993896484375</ele>
        <time>2026-09-26T06:08:13.000Z</time>
        <extensions>
          <ns3:TrackPointExtension>
            <ns3:hr>140</ns3:hr>
            <ns3:cad>87</ns3:cad>
          </ns3:TrackPointExtension>
        </extensions>
      </trkpt>
      <trkpt lat="55.6298154406249523162841796875" lon="37.31215369887650012969970703125">
        <ele>188.399993896484375</ele>
        <time>2026-09-26T06:08:14.000Z</time>
        <extensions>
          <ns3:TrackPointExtension>
            <ns3:hr>139</ns3:hr>
            <ns3:cad>87</ns3:cad>
          </ns3:TrackPointExtension>
        </extensions>
      </trkpt>
      <trkpt lat="55.629803873598575592041015625" lon="37.3122017271816730499267578125">
        <ele>188.8000030517578125</ele>
        <time>2026-09-26T06:08:15.000Z</time>
        <extensions>
          <ns3:TrackPointExtension>
            <ns3:hr>139</ns3:hr>
            <ns3:cad>87</ns3:cad>
          </ns3:TrackPointExtension>
        </extensions>
      </trkpt>
      <trkpt lat="55.62979339621961116790771484375" lon="37.31224103830754756927490234375">
        <ele>188.8000030517578125</ele>
        <time>2026-09-26T06:08:16.000Z</time>
        <extensions>
          <ns3:TrackPointExtension>
            <ns3:hr>139</ns3:hr>
            <ns3:cad>86</ns3:cad>
          </ns3:TrackPointExtension>
        </extensions>
      </trkpt>
      <trkpt lat="55.62978434376418590545654296875" lon="37.31228428892791271209716796875">
        <ele>189.1999969482421875</ele>
        <time>2026-09-26T06:08:17.000Z</time>
        <extensions>
          <ns3:TrackPointExtension>
            <ns3:hr>139</ns3:hr>
            <ns3:cad>86</ns3:cad>
          </ns3:TrackPointExtension>
        </extensions>
      </trkpt>
      <trkpt lat="55.6297772191464900970458984375" lon="37.31232703663408756256103515625">
        <ele>189.399993896484375</ele>
        <time>2026-09-26T06:08:18.000Z</time>
        <extensions>
          <ns3:TrackPointExtension>
            <ns3:hr>140</ns3:hr>
            <ns3:cad>87</ns3:cad>
          </ns3:TrackPointExtension>
        </extensions>
      </trkpt>
      <trkpt lat="55.62977110035717487335205078125" lon="37.31236844323575496673583984375">
        <ele>189.600006103515625</ele>
        <time>2026-09-26T06:08:19.000Z</time>
        <extensions>
          <ns3:TrackPointExtension>
            <ns3:hr>139</ns3:hr>
            <ns3:cad>87</ns3:cad>
          </ns3:TrackPointExtension>
        </extensions>
      </trkpt>
      <trkpt lat="55.629762969911098480224609375" lon="37.312410771846771240234375">
        <ele>189.8000030517578125</ele>
        <time>2026-09-26T06:08:20.000Z</time>
        <extensions>
          <ns3:TrackPointExtension>
            <ns3:hr>139</ns3:hr>
            <ns3:cad>87</ns3:cad>
          </ns3:TrackPointExtension>
        </extensions>
      </trkpt>
      <trkpt lat="55.6297560967504978179931640625" lon="37.31245075352489948272705078125">
        <ele>190</ele>
        <time>2026-09-26T06:08:21.000Z</time>
        <extensions>
          <ns3:TrackPointExtension>
            <ns3:hr>139</ns3:hr>
            <ns3:cad>87</ns3:cad>
          </ns3:TrackPointExtension>
        </extensions>
      </trkpt>
      <trkpt lat="55.62974997796118259429931640625" lon="37.3124930821359157562255859375">
        <ele>190</ele>
        <time>2026-09-26T06:08:22.000Z</time>
        <extensions>
          <ns3:TrackPointExtension>
            <ns3:hr>140</ns3:hr>
            <ns3:cad>87</ns3:cad>
          </ns3:TrackPointExtension>
        </extensions>
      </trkpt>
      <trkpt lat="55.62974452972412109375" lon="37.31253071688115596771240234375">
        <ele>190.1999969482421875</ele>
        <time>2026-09-26T06:08:23.000Z</time>
        <extensions>
          <ns3:TrackPointExtension>
            <ns3:hr>139</ns3:hr>
            <ns3:cad>86</ns3:cad>
          </ns3:TrackPointExtension>
        </extensions>
      </trkpt>
      <trkpt lat="55.62973891384899616241455078125" lon="37.31257229112088680267333984375">
        <ele>190.1999969482421875</ele>
        <time>2026-09-26T06:08:24.000Z</time>
        <extensions>
          <ns3:TrackPointExtension>
            <ns3:hr>139</ns3:hr>
            <ns3:cad>86</ns3:cad>
          </ns3:TrackPointExtension>
        </extensions>
      </trkpt>
      <trkpt lat="55.62973120249807834625244140625" lon="37.312610931694507598876953125">
        <ele>190.1999969482421875</ele>
        <time>2026-09-26T06:08:25.000Z</time>
        <extensions>
          <ns3:TrackPointExtension>
            <ns3:hr>140</ns3:hr>
            <ns3:cad>86</ns3:cad>
          </ns3:TrackPointExtension>
        </extensions>
      </trkpt>
      <trkpt lat="55.62972231768071651458740234375" lon="37.31264906935393810272216796875">
        <ele>190.399993896484375</ele>
        <time>2026-09-26T06:08:26.000Z</time>
        <extensions>
          <ns3:TrackPointExtension>
            <ns3:hr>139</ns3:hr>
            <ns3:cad>86</ns3:cad>
          </ns3:TrackPointExtension>
        </extensions>
      </trkpt>
      <trkpt lat="55.62971008010208606719970703125" lon="37.31268846429884433746337890625">
        <ele>190.399993896484375</ele>
        <time>2026-09-26T06:08:27.000Z</time>
        <extensions>
          <ns3:TrackPointExtension>
            <ns3:hr>139</ns3:hr>
            <ns3:cad>87</ns3:cad>
          </ns3:TrackPointExtension>
        </extensions>
      </trkpt>
      <trkpt lat="55.62969650141894817352294921875" lon="37.312726937234401702880859375">
        <ele>190.600006103515625</ele>
        <time>2026-09-26T06:08:28.000Z</time>
        <extensions>
          <ns3:TrackPointExtension>
            <ns3:hr>139</ns3:hr>
            <ns3:cad>87</ns3:cad>
          </ns3:TrackPointExtension>
        </extensions>
      </trkpt>
      <trkpt lat="55.62968208454549312591552734375" lon="37.3127633146941661834716796875">
        <ele>190.8000030517578125</ele>
        <time>2026-09-26T06:08:29.000Z</time>
        <extensions>
          <ns3:TrackPointExtension>
            <ns3:hr>139</ns3:hr>
            <ns3:cad>86</ns3:cad>
          </ns3:TrackPointExtension>
        </extensions>
      </trkpt>
      <trkpt lat="55.6296654045581817626953125" lon="37.31279902160167694091796875">
        <ele>190.8000030517578125</ele>
        <time>2026-09-26T06:08:30.000Z</time>
        <extensions>
          <ns3:TrackPointExtension>
            <ns3:hr>139</ns3:hr>
            <ns3:cad>86</ns3:cad>
          </ns3:TrackPointExtension>
        </extensions>
      </trkpt>
      <trkpt lat="55.6296478025615215301513671875" lon="37.31283816508948802947998046875">
        <ele>191</ele>
        <time>2026-09-26T06:08:31.000Z</time>
        <extensions>
          <ns3:TrackPointExtension>
            <ns3:hr>139</ns3:hr>
            <ns3:cad>86</ns3:cad>
          </ns3:TrackPointExtension>
        </extensions>
      </trkpt>
      <trkpt lat="55.62963196076452732086181640625" lon="37.31287269853055477142333984375">
        <ele>191.1999969482421875</ele>
        <time>2026-09-26T06:08:32.000Z</time>
        <extensions>
          <ns3:TrackPointExtension>
            <ns3:hr>139</ns3:hr>
            <ns3:cad>86</ns3:cad>
          </ns3:TrackPointExtension>
        </extensions>
      </trkpt>
      <trkpt lat="55.6296139396727085113525390625" lon="37.31290756724774837493896484375">
        <ele>191</ele>
        <time>2026-09-26T06:08:33.000Z</time>
        <extensions>
          <ns3:TrackPointExtension>
            <ns3:hr>139</ns3:hr>
            <ns3:cad>86</ns3:cad>
          </ns3:TrackPointExtension>
        </extensions>
      </trkpt>
      <trkpt lat="55.629598014056682586669921875" lon="37.3129396699368953704833984375">
        <ele>191</ele>
        <time>2026-09-26T06:08:34.000Z</time>
        <extensions>
          <ns3:TrackPointExtension>
            <ns3:hr>139</ns3:hr>
            <ns3:cad>85</ns3:cad>
          </ns3:TrackPointExtension>
        </extensions>
      </trkpt>
      <trkpt lat="55.62958426773548126220703125" lon="37.312973029911518096923828125">
        <ele>191</ele>
        <time>2026-09-26T06:08:35.000Z</time>
        <extensions>
          <ns3:TrackPointExtension>
            <ns3:hr>139</ns3:hr>
            <ns3:cad>85</ns3:cad>
          </ns3:TrackPointExtension>
        </extensions>
      </trkpt>
      <trkpt lat="55.6295696832239627838134765625" lon="37.3130050487816333770751953125">
        <ele>191</ele>
        <time>2026-09-26T06:08:36.000Z</time>
        <extensions>
          <ns3:TrackPointExtension>
            <ns3:hr>140</ns3:hr>
            <ns3:cad>85</ns3:cad>
          </ns3:TrackPointExtension>
        </extensions>
      </trkpt>
      <trkpt lat="55.6295554339885711669921875" lon="37.3130375705659389495849609375">
        <ele>190.8000030517578125</ele>
        <time>2026-09-26T06:08:37.000Z</time>
        <extensions>
          <ns3:TrackPointExtension>
            <ns3:hr>140</ns3:hr>
            <ns3:cad>86</ns3:cad>
          </ns3:TrackPointExtension>
        </extensions>
      </trkpt>
      <trkpt lat="55.62954126857221126556396484375" lon="37.31307151727378368377685546875">
        <ele>190.600006103515625</ele>
        <time>2026-09-26T06:08:38.000Z</time>
        <extensions>
          <ns3:TrackPointExtension>
            <ns3:hr>140</ns3:hr>
            <ns3:cad>86</ns3:cad>
          </ns3:TrackPointExtension>
        </extensions>
      </trkpt>
      <trkpt lat="55.6295284442603588104248046875" lon="37.31310211122035980224609375">
        <ele>190.8000030517578125</ele>
        <time>2026-09-26T06:08:39.000Z</time>
        <extensions>
          <ns3:TrackPointExtension>
            <ns3:hr>140</ns3:hr>
            <ns3:cad>86</ns3:cad>
          </ns3:TrackPointExtension>
        </extensions>
      </trkpt>
      <trkpt lat="55.62951545231044292449951171875" lon="37.3131331242620944976806640625">
        <ele>190.8000030517578125</ele>
        <time>2026-09-26T06:08:40.000Z</time>
        <extensions>
          <ns3:TrackPointExtension>
            <ns3:hr>141</ns3:hr>
            <ns3:cad>86</ns3:cad>
          </ns3:TrackPointExtension>
        </extensions>
      </trkpt>
      <trkpt lat="55.629502125084400177001953125" lon="37.31316271238029003143310546875">
        <ele>190.8000030517578125</ele>
        <time>2026-09-26T06:08:41.000Z</time>
        <extensions>
          <ns3:TrackPointExtension>
            <ns3:hr>141</ns3:hr>
            <ns3:cad>85</ns3:cad>
          </ns3:TrackPointExtension>
        </extensions>
      </trkpt>
      <trkpt lat="55.62948695383965969085693359375" lon="37.31319908984005451202392578125">
        <ele>190.8000030517578125</ele>
        <time>2026-09-26T06:08:42.000Z</time>
        <extensions>
          <ns3:TrackPointExtension>
            <ns3:hr>141</ns3:hr>
            <ns3:cad>85</ns3:cad>
          </ns3:TrackPointExtension>
        </extensions>
      </trkpt>
      <trkpt lat="55.62947161495685577392578125" lon="37.31323328800499439239501953125">
        <ele>190.8000030517578125</ele>
        <time>2026-09-26T06:08:43.000Z</time>
        <extensions>
          <ns3:TrackPointExtension>
            <ns3:hr>141</ns3:hr>
            <ns3:cad>87</ns3:cad>
          </ns3:TrackPointExtension>
        </extensions>
      </trkpt>
      <trkpt lat="55.62945711426436901092529296875" lon="37.31326648034155368804931640625">
        <ele>190.600006103515625</ele>
        <time>2026-09-26T06:08:44.000Z</time>
        <extensions>
          <ns3:TrackPointExtension>
            <ns3:hr>141</ns3:hr>
            <ns3:cad>87</ns3:cad>
          </ns3:TrackPointExtension>
        </extensions>
      </trkpt>
      <trkpt lat="55.62944102101027965545654296875" lon="37.31329984031617641448974609375">
        <ele>190.600006103515625</ele>
        <time>2026-09-26T06:08:45.000Z</time>
        <extensions>
          <ns3:TrackPointExtension>
            <ns3:hr>141</ns3:hr>
            <ns3:cad>87</ns3:cad>
          </ns3:TrackPointExtension>
        </extensions>
      </trkpt>
      <trkpt lat="55.62942660413682460784912109375" lon="37.31333144009113311767578125">
        <ele>190.600006103515625</ele>
        <time>2026-09-26T06:08:46.000Z</time>
        <extensions>
          <ns3:TrackPointExtension>
            <ns3:hr>141</ns3:hr>
            <ns3:cad>86</ns3:cad>
          </ns3:TrackPointExtension>
        </extensions>
      </trkpt>
      <trkpt lat="55.62941084615886211395263671875" lon="37.3133664764463901519775390625">
        <ele>190.600006103515625</ele>
        <time>2026-09-26T06:08:47.000Z</time>
        <extensions>
          <ns3:TrackPointExtension>
            <ns3:hr>142</ns3:hr>
            <ns3:cad>86</ns3:cad>
          </ns3:TrackPointExtension>
        </extensions>
      </trkpt>
      <trkpt lat="55.62939458526670932769775390625" lon="37.3133993335068225860595703125">
        <ele>190.399993896484375</ele>
        <time>2026-09-26T06:08:48.000Z</time>
        <extensions>
          <ns3:TrackPointExtension>
            <ns3:hr>142</ns3:hr>
            <ns3:cad>87</ns3:cad>
          </ns3:TrackPointExtension>
        </extensions>
      </trkpt>
      <trkpt lat="55.62937513925135135650634765625" lon="37.3134326934814453125">
        <ele>190.399993896484375</ele>
        <time>2026-09-26T06:08:49.000Z</time>
        <extensions>
          <ns3:TrackPointExtension>
            <ns3:hr>142</ns3:hr>
            <ns3:cad>87</ns3:cad>
          </ns3:TrackPointExtension>
        </extensions>
      </trkpt>
      <trkpt lat="55.6293542683124542236328125" lon="37.313461191952228546142578125">
        <ele>190.1999969482421875</ele>
        <time>2026-09-26T06:08:50.000Z</time>
        <extensions>
          <ns3:TrackPointExtension>
            <ns3:hr>142</ns3:hr>
            <ns3:cad>87</ns3:cad>
          </ns3:TrackPointExtension>
        </extensions>
      </trkpt>
      <trkpt lat="55.62933540903031826019287109375" lon="37.313488684594631195068359375">
        <ele>190.1999969482421875</ele>
        <time>2026-09-26T06:08:51.000Z</time>
        <extensions>
          <ns3:TrackPointExtension>
            <ns3:hr>142</ns3:hr>
            <ns3:cad>87</ns3:cad>
          </ns3:TrackPointExtension>
        </extensions>
      </trkpt>
      <trkpt lat="55.6293115206062793731689453125" lon="37.3135136626660823822021484375">
        <ele>190</ele>
        <time>2026-09-26T06:08:52.000Z</time>
        <extensions>
          <ns3:TrackPointExtension>
            <ns3:hr>142</ns3:hr>
            <ns3:cad>87</ns3:cad>
          </ns3:TrackPointExtension>
        </extensions>
      </trkpt>
      <trkpt lat="55.6292914040386676788330078125" lon="37.3135394789278507232666015625">
        <ele>189.8000030517578125</ele>
        <time>2026-09-26T06:08:53.000Z</time>
        <extensions>
          <ns3:TrackPointExtension>
            <ns3:hr>142</ns3:hr>
            <ns3:cad>87</ns3:cad>
          </ns3:TrackPointExtension>
        </extensions>
      </trkpt>
      <trkpt lat="55.62926910817623138427734375" lon="37.3135686479508876800537109375">
        <ele>189.8000030517578125</ele>
        <time>2026-09-26T06:08:54.000Z</time>
        <extensions>
          <ns3:TrackPointExtension>
            <ns3:hr>143</ns3:hr>
            <ns3:cad>87</ns3:cad>
          </ns3:TrackPointExtension>
        </extensions>
      </trkpt>
      <trkpt lat="55.62925091944634914398193359375" lon="37.31359831988811492919921875">
        <ele>189.600006103515625</ele>
        <time>2026-09-26T06:08:55.000Z</time>
        <extensions>
          <ns3:TrackPointExtension>
            <ns3:hr>143</ns3:hr>
            <ns3:cad>87</ns3:cad>
          </ns3:TrackPointExtension>
        </extensions>
      </trkpt>
      <trkpt lat="55.6292350776493549346923828125" lon="37.3136383853852748870849609375">
        <ele>189.8000030517578125</ele>
        <time>2026-09-26T06:08:56.000Z</time>
        <extensions>
          <ns3:TrackPointExtension>
            <ns3:hr>143</ns3:hr>
            <ns3:cad>87</ns3:cad>
          </ns3:TrackPointExtension>
        </extensions>
      </trkpt>
      <trkpt lat="55.62922745011746883392333984375" lon="37.31368155218660831451416015625">
        <ele>190</ele>
        <time>2026-09-26T06:08:57.000Z</time>
        <extensions>
          <ns3:TrackPointExtension>
            <ns3:hr>143</ns3:hr>
            <ns3:cad>87</ns3:cad>
          </ns3:TrackPointExtension>
        </extensions>
      </trkpt>
      <trkpt lat="55.62922577373683452606201171875" lon="37.31372664682567119598388671875">
        <ele>190.399993896484375</ele>
        <time>2026-09-26T06:08:58.000Z</time>
        <extensions>
          <ns3:TrackPointExtension>
            <ns3:hr>143</ns3:hr>
            <ns3:cad>87</ns3:cad>
          </ns3:TrackPointExtension>
        </extensions>
      </trkpt>
      <trkpt lat="55.6292277015745639801025390625" lon="37.3137604258954524993896484375">
        <ele>190.600006103515625</ele>
        <time>2026-09-26T06:08:59.000Z</time>
        <extensions>
          <ns3:TrackPointExtension>
            <ns3:hr>143</ns3:hr>
            <ns3:cad>87</ns3:cad>
          </ns3:TrackPointExtension>
        </extensions>
      </trkpt>
      <trkpt lat="55.62923147343099117279052734375" lon="37.31379403732717037200927734375">
        <ele>190.8000030517578125</ele>
        <time>2026-09-26T06:09:00.000Z</time>
        <extensions>
          <ns3:TrackPointExtension>
            <ns3:hr>144</ns3:hr>
            <ns3:cad>86</ns3:cad>
          </ns3:TrackPointExtension>
        </extensions>
      </trkpt>
      <trkpt lat="55.62923960387706756591796875" lon="37.31382840313017368316650390625">
        <ele>191.1999969482421875</ele>
        <time>2026-09-26T06:09:01.000Z</time>
        <extensions>
          <ns3:TrackPointExtension>
            <ns3:hr>144</ns3:hr>
            <ns3:cad>86</ns3:cad>
          </ns3:TrackPointExtension>
        </extensions>
      </trkpt>
      <trkpt lat="55.629249997437000274658203125" lon="37.3138593323528766632080078125">
        <ele>191.399993896484375</ele>
        <time>2026-09-26T06:09:02.000Z</time>
        <extensions>
          <ns3:TrackPointExtension>
            <ns3:hr>144</ns3:hr>
            <ns3:cad>86</ns3:cad>
          </ns3:TrackPointExtension>
        </extensions>
      </trkpt>
      <trkpt lat="55.629264749586582183837890625" lon="37.313890345394611358642578125">
        <ele>191.600006103515625</ele>
        <time>2026-09-26T06:09:03.000Z</time>
        <extensions>
          <ns3:TrackPointExtension>
            <ns3:hr>144</ns3:hr>
            <ns3:cad>86</ns3:cad>
          </ns3:TrackPointExtension>
        </extensions>
      </trkpt>
      <trkpt lat="55.62927774153649806976318359375" lon="37.3139213584363460540771484375">
        <ele>191.8000030517578125</ele>
        <time>2026-09-26T06:09:04.000Z</time>
        <extensions>
          <ns3:TrackPointExtension>
            <ns3:hr>145</ns3:hr>
            <ns3:cad>85</ns3:cad>
          </ns3:TrackPointExtension>
        </extensions>
      </trkpt>
      <trkpt lat="55.62928880564868450164794921875" lon="37.3139542154967784881591796875">
        <ele>192</ele>
        <time>2026-09-26T06:09:05.000Z</time>
        <extensions>
          <ns3:TrackPointExtension>
            <ns3:hr>145</ns3:hr>
            <ns3:cad>85</ns3:cad>
          </ns3:TrackPointExtension>
        </extensions>
      </trkpt>
      <trkpt lat="55.629303641617298126220703125" lon="37.31398900039494037628173828125">
        <ele>192.1999969482421875</ele>
        <time>2026-09-26T06:09:06.000Z</time>
        <extensions>
          <ns3:TrackPointExtension>
            <ns3:hr>145</ns3:hr>
            <ns3:cad>86</ns3:cad>
          </ns3:TrackPointExtension>
        </extensions>
      </trkpt>
      <trkpt lat="55.62932007014751434326171875" lon="37.314017079770565032958984375">
        <ele>192.399993896484375</ele>
        <time>2026-09-26T06:09:07.000Z</time>
        <extensions>
          <ns3:TrackPointExtension>
            <ns3:hr>145</ns3:hr>
            <ns3:cad>86</ns3:cad>
          </ns3:TrackPointExtension>
        </extensions>
      </trkpt>
      <trkpt lat="55.62933658249676227569580078125" lon="37.31404767371714115142822265625">
        <ele>192.8000030517578125</ele>
        <time>2026-09-26T06:09:08.000Z</time>
        <extensions>
          <ns3:TrackPointExtension>
            <ns3:hr>145</ns3:hr>
            <ns3:cad>86</ns3:cad>
          </ns3:TrackPointExtension>
        </extensions>
      </trkpt>
      <trkpt lat="55.629354603588581085205078125" lon="37.31407348997890949249267578125">
        <ele>193</ele>
        <time>2026-09-26T06:09:09.000Z</time>
        <extensions>
          <ns3:TrackPointExtension>
            <ns3:hr>145</ns3:hr>
            <ns3:cad>85</ns3:cad>
          </ns3:TrackPointExtension>
        </extensions>
      </trkpt>
      <trkpt lat="55.629374049603939056396484375" lon="37.31409746222198009490966796875">
        <ele>193.1999969482421875</ele>
        <time>2026-09-26T06:09:10.000Z</time>
        <extensions>
          <ns3:TrackPointExtension>
            <ns3:hr>146</ns3:hr>
            <ns3:cad>85</ns3:cad>
          </ns3:TrackPointExtension>
        </extensions>
      </trkpt>
      <trkpt lat="55.6293929927051067352294921875" lon="37.314119003713130950927734375">
        <ele>193.399993896484375</ele>
        <time>2026-09-26T06:09:11.000Z</time>
        <extensions>
          <ns3:TrackPointExtension>
            <ns3:hr>145</ns3:hr>
            <ns3:cad>85</ns3:cad>
          </ns3:TrackPointExtension>
        </extensions>
      </trkpt>
      <trkpt lat="55.62941319309175014495849609375" lon="37.31413744390010833740234375">
        <ele>193.600006103515625</ele>
        <time>2026-09-26T06:09:12.000Z</time>
        <extensions>
          <ns3:TrackPointExtension>
            <ns3:hr>145</ns3:hr>
            <ns3:cad>86</ns3:cad>
          </ns3:TrackPointExtension>
        </extensions>
      </trkpt>
      <trkpt lat="55.629435740411281585693359375" lon="37.3141500167548656463623046875">
        <ele>193.8000030517578125</ele>
        <time>2026-09-26T06:09:13.000Z</time>
        <extensions>
          <ns3:TrackPointExtension>
            <ns3:hr>145</ns3:hr>
            <ns3:cad>86</ns3:cad>
          </ns3:TrackPointExtension>
        </extensions>
      </trkpt>
      <trkpt lat="55.62945828773081302642822265625" lon="37.3141582310199737548828125">
        <ele>194</ele>
        <time>2026-09-26T06:09:14.000Z</time>
        <extensions>
          <ns3:TrackPointExtension>
            <ns3:hr>145</ns3:hr>
            <ns3:cad>86</ns3:cad>
          </ns3:TrackPointExtension>
        </extensions>
      </trkpt>
      <trkpt lat="55.62948024831712245941162109375" lon="37.31416300870478153228759765625">
        <ele>194.1999969482421875</ele>
        <time>2026-09-26T06:09:15.000Z</time>
        <extensions>
          <ns3:TrackPointExtension>
            <ns3:hr>144</ns3:hr>
            <ns3:cad>86</ns3:cad>
          </ns3:TrackPointExtension>
        </extensions>
      </trkpt>
      <trkpt lat="55.62950070016086101531982421875" lon="37.3141689598560333251953125">
        <ele>194.399993896484375</ele>
        <time>2026-09-26T06:09:16.000Z</time>
        <extensions>
          <ns3:TrackPointExtension>
            <ns3:hr>144</ns3:hr>
            <ns3:cad>86</ns3:cad>
          </ns3:TrackPointExtension>
        </extensions>
      </trkpt>
      <trkpt lat="55.62951846979558467864990234375" lon="37.3141778446733951568603515625">
        <ele>194.600006103515625</ele>
        <time>2026-09-26T06:09:17.000Z</time>
        <extensions>
          <ns3:TrackPointExtension>
            <ns3:hr>144</ns3:hr>
            <ns3:cad>85</ns3:cad>
          </ns3:TrackPointExtension>
        </extensions>
      </trkpt>
      <trkpt lat="55.629534982144832611083984375" lon="37.31419167481362819671630859375">
        <ele>194.600006103515625</ele>
        <time>2026-09-26T06:09:18.000Z</time>
        <extensions>
          <ns3:TrackPointExtension>
            <ns3:hr>143</ns3:hr>
            <ns3:cad>85</ns3:cad>
          </ns3:TrackPointExtension>
        </extensions>
      </trkpt>
      <trkpt lat="55.6295499019324779510498046875" lon="37.31420692987740039825439453125">
        <ele>194.8000030517578125</ele>
        <time>2026-09-26T06:09:19.000Z</time>
        <extensions>
          <ns3:TrackPointExtension>
            <ns3:hr>143</ns3:hr>
            <ns3:cad>85</ns3:cad>
          </ns3:TrackPointExtension>
        </extensions>
      </trkpt>
      <trkpt lat="55.629560463130474090576171875" lon="37.31422738172113895416259765625">
        <ele>195</ele>
        <time>2026-09-26T06:09:20.000Z</time>
        <extensions>
          <ns3:TrackPointExtension>
            <ns3:hr>143</ns3:hr>
            <ns3:cad>84</ns3:cad>
          </ns3:TrackPointExtension>
        </extensions>
      </trkpt>
      <trkpt lat="55.62956926412880420684814453125" lon="37.31425034813582897186279296875">
        <ele>195.1999969482421875</ele>
        <time>2026-09-26T06:09:21.000Z</time>
        <extensions>
          <ns3:TrackPointExtension>
            <ns3:hr>144</ns3:hr>
            <ns3:cad>83</ns3:cad>
          </ns3:TrackPointExtension>
        </extensions>
      </trkpt>
      <trkpt lat="55.62957865186035633087158203125" lon="37.31428069062530994415283203125">
        <ele>195.399993896484375</ele>
        <time>2026-09-26T06:09:22.000Z</time>
        <extensions>
          <ns3:TrackPointExtension>
            <ns3:hr>143</ns3:hr>
            <ns3:cad>82</ns3:cad>
          </ns3:TrackPointExtension>
        </extensions>
      </trkpt>
      <trkpt lat="55.62958963215351104736328125" lon="37.31431622989475727081298828125">
        <ele>195.600006103515625</ele>
        <time>2026-09-26T06:09:23.000Z</time>
        <extensions>
          <ns3:TrackPointExtension>
            <ns3:hr>143</ns3:hr>
            <ns3:cad>82</ns3:cad>
          </ns3:TrackPointExtension>
        </extensions>
      </trkpt>
      <trkpt lat="55.62960480339825153350830078125" lon="37.31435327790677547454833984375">
        <ele>195.8000030517578125</ele>
        <time>2026-09-26T06:09:24.000Z</time>
        <extensions>
          <ns3:TrackPointExtension>
            <ns3:hr>144</ns3:hr>
            <ns3:cad>81</ns3:cad>
          </ns3:TrackPointExtension>
        </extensions>
      </trkpt>
      <trkpt lat="55.629619471728801727294921875" lon="37.31439015828073024749755859375">
        <ele>196</ele>
        <time>2026-09-26T06:09:25.000Z</time>
        <extensions>
          <ns3:TrackPointExtension>
            <ns3:hr>144</ns3:hr>
            <ns3:cad>81</ns3:cad>
          </ns3:TrackPointExtension>
        </extensions>
      </trkpt>
      <trkpt lat="55.62963263131678104400634765625" lon="37.3144259490072727203369140625">
        <ele>196.1999969482421875</ele>
        <time>2026-09-26T06:09:26.000Z</time>
        <extensions>
          <ns3:TrackPointExtension>
            <ns3:hr>144</ns3:hr>
            <ns3:cad>84</ns3:cad>
          </ns3:TrackPointExtension>
        </extensions>
      </trkpt>
      <trkpt lat="55.6296437792479991912841796875" lon="37.3144601471722126007080078125">
        <ele>196.399993896484375</ele>
        <time>2026-09-26T06:09:27.000Z</time>
        <extensions>
          <ns3:TrackPointExtension>
            <ns3:hr>144</ns3:hr>
            <ns3:cad>86</ns3:cad>
          </ns3:TrackPointExtension>
        </extensions>
      </trkpt>
      <trkpt lat="55.6296519935131072998046875" lon="37.31449644081294536590576171875">
        <ele>196.600006103515625</ele>
        <time>2026-09-26T06:09:28.000Z</time>
        <extensions>
          <ns3:TrackPointExtension>
            <ns3:hr>144</ns3:hr>
            <ns3:cad>88</ns3:cad>
          </ns3:TrackPointExtension>
        </extensions>
      </trkpt>
      <trkpt lat="55.6296615488827228546142578125" lon="37.3145391047000885009765625">
        <ele>196.8000030517578125</ele>
        <time>2026-09-26T06:09:29.000Z</time>
        <extensions>
          <ns3:TrackPointExtension>
            <ns3:hr>144</ns3:hr>
            <ns3:cad>89</ns3:cad>
          </ns3:TrackPointExtension>
        </extensions>
      </trkpt>
      <trkpt lat="55.62967034988105297088623046875" lon="37.31457271613180637359619140625">
        <ele>197</ele>
        <time>2026-09-26T06:09:30.000Z</time>
        <extensions>
          <ns3:TrackPointExtension>
            <ns3:hr>144</ns3:hr>
            <ns3:cad>89</ns3:cad>
          </ns3:TrackPointExtension>
        </extensions>
      </trkpt>
      <trkpt lat="55.62967772595584392547607421875" lon="37.3146061599254608154296875">
        <ele>197.1999969482421875</ele>
        <time>2026-09-26T06:09:31.000Z</time>
        <extensions>
          <ns3:TrackPointExtension>
            <ns3:hr>144</ns3:hr>
            <ns3:cad>89</ns3:cad>
          </ns3:TrackPointExtension>
        </extensions>
      </trkpt>
      <trkpt lat="55.62968275509774684906005859375" lon="37.31464278884232044219970703125">
        <ele>197.600006103515625</ele>
        <time>2026-09-26T06:09:32.000Z</time>
        <extensions>
          <ns3:TrackPointExtension>
            <ns3:hr>144</ns3:hr>
            <ns3:cad>87</ns3:cad>
          </ns3:TrackPointExtension>
        </extensions>
      </trkpt>
      <trkpt lat="55.6296887062489986419677734375" lon="37.3146790824830532073974609375">
        <ele>197.8000030517578125</ele>
        <time>2026-09-26T06:09:33.000Z</time>
        <extensions>
          <ns3:TrackPointExtension>
            <ns3:hr>143</ns3:hr>
            <ns3:cad>87</ns3:cad>
          </ns3:TrackPointExtension>
        </extensions>
      </trkpt>
      <trkpt lat="55.62969415448606014251708984375" lon="37.31471545994281768798828125">
        <ele>198</ele>
        <time>2026-09-26T06:09:34.000Z</time>
        <extensions>
          <ns3:TrackPointExtension>
            <ns3:hr>143</ns3:hr>
            <ns3:cad>87</ns3:cad>
          </ns3:TrackPointExtension>
        </extensions>
      </trkpt>
      <trkpt lat="55.6297007761895656585693359375" lon="37.3147541843354701995849609375">
        <ele>198</ele>
        <time>2026-09-26T06:09:35.000Z</time>
        <extensions>
          <ns3:TrackPointExtension>
            <ns3:hr>143</ns3:hr>
            <ns3:cad>87</ns3:cad>
          </ns3:TrackPointExtension>
        </extensions>
      </trkpt>
      <trkpt lat="55.6297071464359760284423828125" lon="37.314794249832630157470703125">
        <ele>198.1999969482421875</ele>
        <time>2026-09-26T06:09:36.000Z</time>
        <extensions>
          <ns3:TrackPointExtension>
            <ns3:hr>144</ns3:hr>
            <ns3:cad>85</ns3:cad>
          </ns3:TrackPointExtension>
        </extensions>
      </trkpt>
      <trkpt lat="55.62971879728138446807861328125" lon="37.31483154930174350738525390625">
        <ele>198.399993896484375</ele>
        <time>2026-09-26T06:09:37.000Z</time>
        <extensions>
          <ns3:TrackPointExtension>
            <ns3:hr>145</ns3:hr>
            <ns3:cad>85</ns3:cad>
          </ns3:TrackPointExtension>
        </extensions>
      </trkpt>
      <trkpt lat="55.62972910702228546142578125" lon="37.31487111188471317291259765625">
        <ele>198.600006103515625</ele>
        <time>2026-09-26T06:09:38.000Z</time>
        <extensions>
          <ns3:TrackPointExtension>
            <ns3:hr>145</ns3:hr>
            <ns3:cad>85</ns3:cad>
          </ns3:TrackPointExtension>
        </extensions>
      </trkpt>
      <trkpt lat="55.6297393329441547393798828125" lon="37.3149060644209384918212890625">
        <ele>198.8000030517578125</ele>
        <time>2026-09-26T06:09:39.000Z</time>
        <extensions>
          <ns3:TrackPointExtension>
            <ns3:hr>145</ns3:hr>
            <ns3:cad>86</ns3:cad>
          </ns3:TrackPointExtension>
        </extensions>
      </trkpt>
      <trkpt lat="55.62975249253213405609130859375" lon="37.31493984349071979522705078125">
        <ele>199</ele>
        <time>2026-09-26T06:09:40.000Z</time>
        <extensions>
          <ns3:TrackPointExtension>
            <ns3:hr>146</ns3:hr>
            <ns3:cad>86</ns3:cad>
          </ns3:TrackPointExtension>
        </extensions>
      </trkpt>
      <trkpt lat="55.62976322136819362640380859375" lon="37.31497353874146938323974609375">
        <ele>199</ele>
        <time>2026-09-26T06:09:41.000Z</time>
        <extensions>
          <ns3:TrackPointExtension>
            <ns3:hr>145</ns3:hr>
            <ns3:cad>86</ns3:cad>
          </ns3:TrackPointExtension>
        </extensions>
      </trkpt>
      <trkpt lat="55.62977495603263378143310546875" lon="37.31500622816383838653564453125">
        <ele>199</ele>
        <time>2026-09-26T06:09:42.000Z</time>
        <extensions>
          <ns3:TrackPointExtension>
            <ns3:hr>145</ns3:hr>
            <ns3:cad>86</ns3:cad>
          </ns3:TrackPointExtension>
        </extensions>
      </trkpt>
      <trkpt lat="55.62978367321193218231201171875" lon="37.315041683614253997802734375">
        <ele>199</ele>
        <time>2026-09-26T06:09:43.000Z</time>
        <extensions>
          <ns3:TrackPointExtension>
            <ns3:hr>145</ns3:hr>
            <ns3:cad>86</ns3:cad>
          </ns3:TrackPointExtension>
        </extensions>
      </trkpt>
      <trkpt lat="55.6297879479825496673583984375" lon="37.31507764197885990142822265625">
        <ele>198.8000030517578125</ele>
        <time>2026-09-26T06:09:44.000Z</time>
        <extensions>
          <ns3:TrackPointExtension>
            <ns3:hr>146</ns3:hr>
            <ns3:cad>86</ns3:cad>
          </ns3:TrackPointExtension>
        </extensions>
      </trkpt>
      <trkpt lat="55.62979859299957752227783203125" lon="37.31511401943862438201904296875">
        <ele>198.8000030517578125</ele>
        <time>2026-09-26T06:09:45.000Z</time>
        <extensions>
          <ns3:TrackPointExtension>
            <ns3:hr>145</ns3:hr>
            <ns3:cad>86</ns3:cad>
          </ns3:TrackPointExtension>
        </extensions>
      </trkpt>
      <trkpt lat="55.62980781309306621551513671875" lon="37.315145619213581085205078125">
        <ele>198.8000030517578125</ele>
        <time>2026-09-26T06:09:46.000Z</time>
        <extensions>
          <ns3:TrackPointExtension>
            <ns3:hr>145</ns3:hr>
            <ns3:cad>86</ns3:cad>
          </ns3:TrackPointExtension>
        </extensions>
      </trkpt>
      <trkpt lat="55.6298174522817134857177734375" lon="37.31517939828336238861083984375">
        <ele>198.8000030517578125</ele>
        <time>2026-09-26T06:09:47.000Z</time>
        <extensions>
          <ns3:TrackPointExtension>
            <ns3:hr>146</ns3:hr>
            <ns3:cad>86</ns3:cad>
          </ns3:TrackPointExtension>
        </extensions>
      </trkpt>
      <trkpt lat="55.62982960604131221771240234375" lon="37.3152158595621585845947265625">
        <ele>198.8000030517578125</ele>
        <time>2026-09-26T06:09:48.000Z</time>
        <extensions>
          <ns3:TrackPointExtension>
            <ns3:hr>146</ns3:hr>
            <ns3:cad>86</ns3:cad>
          </ns3:TrackPointExtension>
        </extensions>
      </trkpt>
      <trkpt lat="55.6298397481441497802734375" lon="37.31525416485965251922607421875">
        <ele>198.8000030517578125</ele>
        <time>2026-09-26T06:09:49.000Z</time>
        <extensions>
          <ns3:TrackPointExtension>
            <ns3:hr>146</ns3:hr>
            <ns3:cad>85</ns3:cad>
          </ns3:TrackPointExtension>
        </extensions>
      </trkpt>
      <trkpt lat="55.6298477947711944580078125" lon="37.315298505127429962158203125">
        <ele>199</ele>
        <time>2026-09-26T06:09:50.000Z</time>
        <extensions>
          <ns3:TrackPointExtension>
            <ns3:hr>146</ns3:hr>
            <ns3:cad>84</ns3:cad>
          </ns3:TrackPointExtension>
        </extensions>
      </trkpt>
      <trkpt lat="55.62985391356050968170166015625" lon="37.31533915735781192779541015625">
        <ele>199</ele>
        <time>2026-09-26T06:09:51.000Z</time>
        <extensions>
          <ns3:TrackPointExtension>
            <ns3:hr>145</ns3:hr>
            <ns3:cad>84</ns3:cad>
          </ns3:TrackPointExtension>
        </extensions>
      </trkpt>
      <trkpt lat="55.6298643909394741058349609375" lon="37.31537452898919582366943359375">
        <ele>199</ele>
        <time>2026-09-26T06:09:52.000Z</time>
        <extensions>
          <ns3:TrackPointExtension>
            <ns3:hr>146</ns3:hr>
            <ns3:cad>83</ns3:cad>
          </ns3:TrackPointExtension>
        </extensions>
      </trkpt>
      <trkpt lat="55.62987922690808773040771484375" lon="37.31541124172508716583251953125">
        <ele>199</ele>
        <time>2026-09-26T06:09:53.000Z</time>
        <extensions>
          <ns3:TrackPointExtension>
            <ns3:hr>146</ns3:hr>
            <ns3:cad>83</ns3:cad>
          </ns3:TrackPointExtension>
        </extensions>
      </trkpt>
      <trkpt lat="55.6298965774476528167724609375" lon="37.31543923728168010711669921875">
        <ele>199</ele>
        <time>2026-09-26T06:09:54.000Z</time>
        <extensions>
          <ns3:TrackPointExtension>
            <ns3:hr>145</ns3:hr>
            <ns3:cad>84</ns3:cad>
          </ns3:TrackPointExtension>
        </extensions>
      </trkpt>
      <trkpt lat="55.629919208586215972900390625" lon="37.315461449325084686279296875">
        <ele>199</ele>
        <time>2026-09-26T06:09:55.000Z</time>
        <extensions>
          <ns3:TrackPointExtension>
            <ns3:hr>146</ns3:hr>
            <ns3:cad>84</ns3:cad>
          </ns3:TrackPointExtension>
        </extensions>
      </trkpt>
      <trkpt lat="55.6299381516873836517333984375" lon="37.3154790513217449188232421875">
        <ele>199</ele>
        <time>2026-09-26T06:09:56.000Z</time>
        <extensions>
          <ns3:TrackPointExtension>
            <ns3:hr>146</ns3:hr>
            <ns3:cad>84</ns3:cad>
          </ns3:TrackPointExtension>
        </extensions>
      </trkpt>
      <trkpt lat="55.6299616210162639617919921875" lon="37.31549640186131000518798828125">
        <ele>199</ele>
        <time>2026-09-26T06:09:57.000Z</time>
        <extensions>
          <ns3:TrackPointExtension>
            <ns3:hr>145</ns3:hr>
            <ns3:cad>84</ns3:cad>
          </ns3:TrackPointExtension>
        </extensions>
      </trkpt>
      <trkpt lat="55.62998148612678050994873046875" lon="37.31551819480955600738525390625">
        <ele>199</ele>
        <time>2026-09-26T06:09:58.000Z</time>
        <extensions>
          <ns3:TrackPointExtension>
            <ns3:hr>146</ns3:hr>
            <ns3:cad>85</ns3:cad>
          </ns3:TrackPointExtension>
        </extensions>
      </trkpt>
      <trkpt lat="55.6299991719424724578857421875" lon="37.31554753147065639495849609375">
        <ele>199</ele>
        <time>2026-09-26T06:09:59.000Z</time>
        <extensions>
          <ns3:TrackPointExtension>
            <ns3:hr>146</ns3:hr>
            <ns3:cad>85</ns3:cad>
          </ns3:TrackPointExtension>
        </extensions>
      </trkpt>
      <trkpt lat="55.63001384027302265167236328125" lon="37.3155849985778331756591796875">
        <ele>199</ele>
        <time>2026-09-26T06:10:00.000Z</time>
        <extensions>
          <ns3:TrackPointExtension>
            <ns3:hr>145</ns3:hr>
            <ns3:cad>85</ns3:cad>
          </ns3:TrackPointExtension>
        </extensions>
      </trkpt>
      <trkpt lat="55.63002951443195343017578125" lon="37.31562196277081966400146484375">
        <ele>199</ele>
        <time>2026-09-26T06:10:01.000Z</time>
        <extensions>
          <ns3:TrackPointExtension>
            <ns3:hr>146</ns3:hr>
            <ns3:cad>85</ns3:cad>
          </ns3:TrackPointExtension>
        </extensions>
      </trkpt>
      <trkpt lat="55.63004502095282077789306640625" lon="37.3156601004302501678466796875">
        <ele>199</ele>
        <time>2026-09-26T06:10:02.000Z</time>
        <extensions>
          <ns3:TrackPointExtension>
            <ns3:hr>146</ns3:hr>
            <ns3:cad>85</ns3:cad>
          </ns3:TrackPointExtension>
        </extensions>
      </trkpt>
      <trkpt lat="55.63006094656884670257568359375" lon="37.31569438241422176361083984375">
        <ele>199</ele>
        <time>2026-09-26T06:10:03.000Z</time>
        <extensions>
          <ns3:TrackPointExtension>
            <ns3:hr>147</ns3:hr>
            <ns3:cad>86</ns3:cad>
          </ns3:TrackPointExtension>
        </extensions>
      </trkpt>
      <trkpt lat="55.63007737509906291961669921875" lon="37.315726988017559051513671875">
        <ele>199</ele>
        <time>2026-09-26T06:10:04.000Z</time>
        <extensions>
          <ns3:TrackPointExtension>
            <ns3:hr>147</ns3:hr>
            <ns3:cad>86</ns3:cad>
          </ns3:TrackPointExtension>
        </extensions>
      </trkpt>
      <trkpt lat="55.6300945580005645751953125" lon="37.315753810107707977294921875">
        <ele>199</ele>
        <time>2026-09-26T06:10:05.000Z</time>
        <extensions>
          <ns3:TrackPointExtension>
            <ns3:hr>147</ns3:hr>
            <ns3:cad>86</ns3:cad>
          </ns3:TrackPointExtension>
        </extensions>
      </trkpt>
      <trkpt lat="55.6301138363778591156005859375" lon="37.3157834820449352264404296875">
        <ele>199</ele>
        <time>2026-09-26T06:10:06.000Z</time>
        <extensions>
          <ns3:TrackPointExtension>
            <ns3:hr>148</ns3:hr>
            <ns3:cad>85</ns3:cad>
          </ns3:TrackPointExtension>
        </extensions>
      </trkpt>
      <trkpt lat="55.63013319857418537139892578125" lon="37.315819524228572845458984375">
        <ele>199.1999969482421875</ele>
        <time>2026-09-26T06:10:07.000Z</time>
        <extensions>
          <ns3:TrackPointExtension>
            <ns3:hr>148</ns3:hr>
            <ns3:cad>85</ns3:cad>
          </ns3:TrackPointExtension>
        </extensions>
      </trkpt>
      <trkpt lat="55.6301523931324481964111328125" lon="37.31585397385060787200927734375">
        <ele>199.600006103515625</ele>
        <time>2026-09-26T06:10:08.000Z</time>
        <extensions>
          <ns3:TrackPointExtension>
            <ns3:hr>148</ns3:hr>
            <ns3:cad>85</ns3:cad>
          </ns3:TrackPointExtension>
        </extensions>
      </trkpt>
      <trkpt lat="55.6301694922149181365966796875" lon="37.3158897645771503448486328125">
        <ele>199.8000030517578125</ele>
        <time>2026-09-26T06:10:09.000Z</time>
        <extensions>
          <ns3:TrackPointExtension>
            <ns3:hr>148</ns3:hr>
            <ns3:cad>85</ns3:cad>
          </ns3:TrackPointExtension>
        </extensions>
      </trkpt>
      <trkpt lat="55.6301862560212612152099609375" lon="37.315920777618885040283203125">
        <ele>200</ele>
        <time>2026-09-26T06:10:10.000Z</time>
        <extensions>
          <ns3:TrackPointExtension>
            <ns3:hr>148</ns3:hr>
            <ns3:cad>86</ns3:cad>
          </ns3:TrackPointExtension>
        </extensions>
      </trkpt>
      <trkpt lat="55.63020360656082630157470703125" lon="37.3159605078399181365966796875">
        <ele>200.1999969482421875</ele>
        <time>2026-09-26T06:10:11.000Z</time>
        <extensions>
          <ns3:TrackPointExtension>
            <ns3:hr>147</ns3:hr>
            <ns3:cad>86</ns3:cad>
          </ns3:TrackPointExtension>
        </extensions>
      </trkpt>
      <trkpt lat="55.63021802343428134918212890625" lon="37.31599780730903148651123046875">
        <ele>200.399993896484375</ele>
        <time>2026-09-26T06:10:12.000Z</time>
        <extensions>
          <ns3:TrackPointExtension>
            <ns3:hr>148</ns3:hr>
            <ns3:cad>87</ns3:cad>
          </ns3:TrackPointExtension>
        </extensions>
      </trkpt>
      <trkpt lat="55.63023461960256099700927734375" lon="37.31603971682488918304443359375">
        <ele>200.600006103515625</ele>
        <time>2026-09-26T06:10:13.000Z</time>
        <extensions>
          <ns3:TrackPointExtension>
            <ns3:hr>148</ns3:hr>
            <ns3:cad>87</ns3:cad>
          </ns3:TrackPointExtension>
        </extensions>
      </trkpt>
      <trkpt lat="55.63025079667568206787109375" lon="37.316078357398509979248046875">
        <ele>200.8000030517578125</ele>
        <time>2026-09-26T06:10:14.000Z</time>
        <extensions>
          <ns3:TrackPointExtension>
            <ns3:hr>148</ns3:hr>
            <ns3:cad>87</ns3:cad>
          </ns3:TrackPointExtension>
        </extensions>
      </trkpt>
      <trkpt lat="55.63026747666299343109130859375" lon="37.3161108791828155517578125">
        <ele>201</ele>
        <time>2026-09-26T06:10:15.000Z</time>
        <extensions>
          <ns3:TrackPointExtension>
            <ns3:hr>147</ns3:hr>
            <ns3:cad>87</ns3:cad>
          </ns3:TrackPointExtension>
        </extensions>
      </trkpt>
      <trkpt lat="55.63028625212609767913818359375" lon="37.3161422275006771087646484375">
        <ele>201.1999969482421875</ele>
        <time>2026-09-26T06:10:16.000Z</time>
        <extensions>
          <ns3:TrackPointExtension>
            <ns3:hr>148</ns3:hr>
            <ns3:cad>86</ns3:cad>
          </ns3:TrackPointExtension>
        </extensions>
      </trkpt>
      <trkpt lat="55.63030033372342586517333984375" lon="37.31617583893239498138427734375">
        <ele>201.399993896484375</ele>
        <time>2026-09-26T06:10:17.000Z</time>
        <extensions>
          <ns3:TrackPointExtension>
            <ns3:hr>149</ns3:hr>
            <ns3:cad>86</ns3:cad>
          </ns3:TrackPointExtension>
        </extensions>
      </trkpt>
      <trkpt lat="55.63031743280589580535888671875" lon="37.31621322222054004669189453125">
        <ele>201.600006103515625</ele>
        <time>2026-09-26T06:10:18.000Z</time>
        <extensions>
          <ns3:TrackPointExtension>
            <ns3:hr>151</ns3:hr>
            <ns3:cad>86</ns3:cad>
          </ns3:TrackPointExtension>
        </extensions>
      </trkpt>
      <trkpt lat="55.630328245460987091064453125" lon="37.31625027023255825042724609375">
        <ele>201.600006103515625</ele>
        <time>2026-09-26T06:10:19.000Z</time>
        <extensions>
          <ns3:TrackPointExtension>
            <ns3:hr>153</ns3:hr>
            <ns3:cad>86</ns3:cad>
          </ns3:TrackPointExtension>
        </extensions>
      </trkpt>
      <trkpt lat="55.6303371302783489227294921875" lon="37.31629125773906707763671875">
        <ele>201.8000030517578125</ele>
        <time>2026-09-26T06:10:20.000Z</time>
        <extensions>
          <ns3:TrackPointExtension>
            <ns3:hr>155</ns3:hr>
            <ns3:cad>86</ns3:cad>
          </ns3:TrackPointExtension>
        </extensions>
      </trkpt>
      <trkpt lat="55.630343668162822723388671875" lon="37.31633274815976619720458984375">
        <ele>202</ele>
        <time>2026-09-26T06:10:21.000Z</time>
        <extensions>
          <ns3:TrackPointExtension>
            <ns3:hr>156</ns3:hr>
            <ns3:cad>86</ns3:cad>
          </ns3:TrackPointExtension>
        </extensions>
      </trkpt>
      <trkpt lat="55.63035548664629459381103515625" lon="37.31637029908597469329833984375">
        <ele>201.8000030517578125</ele>
        <time>2026-09-26T06:10:22.000Z</time>
        <extensions>
          <ns3:TrackPointExtension>
            <ns3:hr>157</ns3:hr>
            <ns3:cad>86</ns3:cad>
          </ns3:TrackPointExtension>
        </extensions>
      </trkpt>
      <trkpt lat="55.63036738894879817962646484375" lon="37.31640717945992946624755859375">
        <ele>201.8000030517578125</ele>
        <time>2026-09-26T06:10:23.000Z</time>
        <extensions>
          <ns3:TrackPointExtension>
            <ns3:hr>157</ns3:hr>
            <ns3:cad>87</ns3:cad>
          </ns3:TrackPointExtension>
        </extensions>
      </trkpt>
      <trkpt lat="55.6303847394883632659912109375" lon="37.31644213199615478515625">
        <ele>201.8000030517578125</ele>
        <time>2026-09-26T06:10:24.000Z</time>
        <extensions>
          <ns3:TrackPointExtension>
            <ns3:hr>157</ns3:hr>
            <ns3:cad>88</ns3:cad>
          </ns3:TrackPointExtension>
        </extensions>
      </trkpt>
      <trkpt lat="55.63040100038051605224609375" lon="37.3164754919707775115966796875">
        <ele>201.8000030517578125</ele>
        <time>2026-09-26T06:10:25.000Z</time>
        <extensions>
          <ns3:TrackPointExtension>
            <ns3:hr>158</ns3:hr>
            <ns3:cad>88</ns3:cad>
          </ns3:TrackPointExtension>
        </extensions>
      </trkpt>
      <trkpt lat="55.63042170368134975433349609375" lon="37.3165053315460681915283203125">
        <ele>201.8000030517578125</ele>
        <time>2026-09-26T06:10:26.000Z</time>
        <extensions>
          <ns3:TrackPointExtension>
            <ns3:hr>158</ns3:hr>
            <ns3:cad>88</ns3:cad>
          </ns3:TrackPointExtension>
        </extensions>
      </trkpt>
      <trkpt lat="55.63044391572475433349609375" lon="37.31653123162686824798583984375">
        <ele>201.8000030517578125</ele>
        <time>2026-09-26T06:10:27.000Z</time>
        <extensions>
          <ns3:TrackPointExtension>
            <ns3:hr>159</ns3:hr>
            <ns3:cad>86</ns3:cad>
          </ns3:TrackPointExtension>
        </extensions>
      </trkpt>
      <trkpt lat="55.63046679832041263580322265625" lon="37.31655620969831943511962890625">
        <ele>201.600006103515625</ele>
        <time>2026-09-26T06:10:28.000Z</time>
        <extensions>
          <ns3:TrackPointExtension>
            <ns3:hr>159</ns3:hr>
            <ns3:cad>86</ns3:cad>
          </ns3:TrackPointExtension>
        </extensions>
      </trkpt>
      <trkpt lat="55.63048951327800750732421875" lon="37.3165821097791194915771484375">
        <ele>201.600006103515625</ele>
        <time>2026-09-26T06:10:29.000Z</time>
        <extensions>
          <ns3:TrackPointExtension>
            <ns3:hr>159</ns3:hr>
            <ns3:cad>86</ns3:cad>
          </ns3:TrackPointExtension>
        </extensions>
      </trkpt>
      <trkpt lat="55.63051139004528522491455078125" lon="37.31660214252769947052001953125">
        <ele>201.600006103515625</ele>
        <time>2026-09-26T06:10:30.000Z</time>
        <extensions>
          <ns3:TrackPointExtension>
            <ns3:hr>160</ns3:hr>
            <ns3:cad>85</ns3:cad>
          </ns3:TrackPointExtension>
        </extensions>
      </trkpt>
      <trkpt lat="55.63053301535546779632568359375" lon="37.31662376783788204193115234375">
        <ele>201.399993896484375</ele>
        <time>2026-09-26T06:10:31.000Z</time>
        <extensions>
          <ns3:TrackPointExtension>
            <ns3:hr>160</ns3:hr>
            <ns3:cad>85</ns3:cad>
          </ns3:TrackPointExtension>
        </extensions>
      </trkpt>
      <trkpt lat="55.6305517069995403289794921875" lon="37.316645644605159759521484375">
        <ele>201.1999969482421875</ele>
        <time>2026-09-26T06:10:32.000Z</time>
        <extensions>
          <ns3:TrackPointExtension>
            <ns3:hr>160</ns3:hr>
            <ns3:cad>86</ns3:cad>
          </ns3:TrackPointExtension>
        </extensions>
      </trkpt>
      <trkpt lat="55.63057157211005687713623046875" lon="37.3166676051914691925048828125">
        <ele>201.1999969482421875</ele>
        <time>2026-09-26T06:10:33.000Z</time>
        <extensions>
          <ns3:TrackPointExtension>
            <ns3:hr>160</ns3:hr>
            <ns3:cad>86</ns3:cad>
          </ns3:TrackPointExtension>
        </extensions>
      </trkpt>
      <trkpt lat="55.6305872462689876556396484375" lon="37.3166961036622524261474609375">
        <ele>201</ele>
        <time>2026-09-26T06:10:34.000Z</time>
        <extensions>
          <ns3:TrackPointExtension>
            <ns3:hr>159</ns3:hr>
            <ns3:cad>86</ns3:cad>
          </ns3:TrackPointExtension>
        </extensions>
      </trkpt>
      <trkpt lat="55.630607195198535919189453125" lon="37.3167189024388790130615234375">
        <ele>200.8000030517578125</ele>
        <time>2026-09-26T06:10:35.000Z</time>
        <extensions>
          <ns3:TrackPointExtension>
            <ns3:hr>160</ns3:hr>
            <ns3:cad>87</ns3:cad>
          </ns3:TrackPointExtension>
        </extensions>
      </trkpt>
      <trkpt lat="55.6306268088519573211669921875" lon="37.3167447187006473541259765625">
        <ele>200.8000030517578125</ele>
        <time>2026-09-26T06:10:36.000Z</time>
        <extensions>
          <ns3:TrackPointExtension>
            <ns3:hr>160</ns3:hr>
            <ns3:cad>87</ns3:cad>
          </ns3:TrackPointExtension>
        </extensions>
      </trkpt>
      <trkpt lat="55.6306455843150615692138671875" lon="37.3167688585817813873291015625">
        <ele>200.600006103515625</ele>
        <time>2026-09-26T06:10:37.000Z</time>
        <extensions>
          <ns3:TrackPointExtension>
            <ns3:hr>160</ns3:hr>
            <ns3:cad>87</ns3:cad>
          </ns3:TrackPointExtension>
        </extensions>
      </trkpt>
      <trkpt lat="55.63066184520721435546875" lon="37.3167993687093257904052734375">
        <ele>200.399993896484375</ele>
        <time>2026-09-26T06:10:38.000Z</time>
        <extensions>
          <ns3:TrackPointExtension>
            <ns3:hr>160</ns3:hr>
            <ns3:cad>87</ns3:cad>
          </ns3:TrackPointExtension>
        </extensions>
      </trkpt>
      <trkpt lat="55.630680620670318603515625" lon="37.31682904064655303955078125">
        <ele>200.399993896484375</ele>
        <time>2026-09-26T06:10:39.000Z</time>
        <extensions>
          <ns3:TrackPointExtension>
            <ns3:hr>159</ns3:hr>
            <ns3:cad>87</ns3:cad>
          </ns3:TrackPointExtension>
        </extensions>
      </trkpt>
      <trkpt lat="55.6306995637714862823486328125" lon="37.31686533428728580474853515625">
        <ele>200.1999969482421875</ele>
        <time>2026-09-26T06:10:40.000Z</time>
        <extensions>
          <ns3:TrackPointExtension>
            <ns3:hr>159</ns3:hr>
            <ns3:cad>87</ns3:cad>
          </ns3:TrackPointExtension>
        </extensions>
      </trkpt>
      <trkpt lat="55.63071473501622676849365234375" lon="37.3169019632041454315185546875">
        <ele>200.1999969482421875</ele>
        <time>2026-09-26T06:10:41.000Z</time>
        <extensions>
          <ns3:TrackPointExtension>
            <ns3:hr>159</ns3:hr>
            <ns3:cad>87</ns3:cad>
          </ns3:TrackPointExtension>
        </extensions>
      </trkpt>
      <trkpt lat="55.63072881661355495452880859375" lon="37.31694295071065425872802734375">
        <ele>200</ele>
        <time>2026-09-26T06:10:42.000Z</time>
        <extensions>
          <ns3:TrackPointExtension>
            <ns3:hr>159</ns3:hr>
            <ns3:cad>87</ns3:cad>
          </ns3:TrackPointExtension>
        </extensions>
      </trkpt>
      <trkpt lat="55.63074155710637569427490234375" lon="37.31698502786457538604736328125">
        <ele>200</ele>
        <time>2026-09-26T06:10:43.000Z</time>
        <extensions>
          <ns3:TrackPointExtension>
            <ns3:hr>158</ns3:hr>
            <ns3:cad>87</ns3:cad>
          </ns3:TrackPointExtension>
        </extensions>
      </trkpt>
      <trkpt lat="55.63075295649468898773193359375" lon="37.317023836076259613037109375">
        <ele>199.8000030517578125</ele>
        <time>2026-09-26T06:10:44.000Z</time>
        <extensions>
          <ns3:TrackPointExtension>
            <ns3:hr>157</ns3:hr>
            <ns3:cad>87</ns3:cad>
          </ns3:TrackPointExtension>
        </extensions>
      </trkpt>
      <trkpt lat="55.63076318241655826568603515625" lon="37.31706482358276844024658203125">
        <ele>199.8000030517578125</ele>
        <time>2026-09-26T06:10:45.000Z</time>
        <extensions>
          <ns3:TrackPointExtension>
            <ns3:hr>157</ns3:hr>
            <ns3:cad>88</ns3:cad>
          </ns3:TrackPointExtension>
        </extensions>
      </trkpt>
      <trkpt lat="55.630773492157459259033203125" lon="37.3171081580221652984619140625">
        <ele>199.600006103515625</ele>
        <time>2026-09-26T06:10:46.000Z</time>
        <extensions>
          <ns3:TrackPointExtension>
            <ns3:hr>157</ns3:hr>
            <ns3:cad>88</ns3:cad>
          </ns3:TrackPointExtension>
        </extensions>
      </trkpt>
      <trkpt lat="55.6307817064225673675537109375" lon="37.31715015135705471038818359375">
        <ele>199.399993896484375</ele>
        <time>2026-09-26T06:10:47.000Z</time>
        <extensions>
          <ns3:TrackPointExtension>
            <ns3:hr>157</ns3:hr>
            <ns3:cad>88</ns3:cad>
          </ns3:TrackPointExtension>
        </extensions>
      </trkpt>
      <trkpt lat="55.63078950159251689910888671875" lon="37.31718854047358036041259765625">
        <ele>199.1999969482421875</ele>
        <time>2026-09-26T06:10:48.000Z</time>
        <extensions>
          <ns3:TrackPointExtension>
            <ns3:hr>158</ns3:hr>
            <ns3:cad>87</ns3:cad>
          </ns3:TrackPointExtension>
        </extensions>
      </trkpt>
      <trkpt lat="55.63079754821956157684326171875" lon="37.31723380275070667266845703125">
        <ele>199.1999969482421875</ele>
        <time>2026-09-26T06:10:49.000Z</time>
        <extensions>
          <ns3:TrackPointExtension>
            <ns3:hr>158</ns3:hr>
            <ns3:cad>87</ns3:cad>
          </ns3:TrackPointExtension>
        </extensions>
      </trkpt>
      <trkpt lat="55.63080810941755771636962890625" lon="37.3172761313617229461669921875">
        <ele>199.1999969482421875</ele>
        <time>2026-09-26T06:10:50.000Z</time>
        <extensions>
          <ns3:TrackPointExtension>
            <ns3:hr>158</ns3:hr>
            <ns3:cad>87</ns3:cad>
          </ns3:TrackPointExtension>
        </extensions>
      </trkpt>
      <trkpt lat="55.63081816770136356353759765625" lon="37.3173156939446926116943359375">
        <ele>199.1999969482421875</ele>
        <time>2026-09-26T06:10:51.000Z</time>
        <extensions>
          <ns3:TrackPointExtension>
            <ns3:hr>158</ns3:hr>
            <ns3:cad>87</ns3:cad>
          </ns3:TrackPointExtension>
        </extensions>
      </trkpt>
      <trkpt lat="55.63082856126129627227783203125" lon="37.31735701672732830047607421875">
        <ele>199.1999969482421875</ele>
        <time>2026-09-26T06:10:52.000Z</time>
        <extensions>
          <ns3:TrackPointExtension>
            <ns3:hr>158</ns3:hr>
            <ns3:cad>86</ns3:cad>
          </ns3:TrackPointExtension>
        </extensions>
      </trkpt>
      <trkpt lat="55.6308393739163875579833984375" lon="37.3173978365957736968994140625">
        <ele>199.1999969482421875</ele>
        <time>2026-09-26T06:10:53.000Z</time>
        <extensions>
          <ns3:TrackPointExtension>
            <ns3:hr>158</ns3:hr>
            <ns3:cad>86</ns3:cad>
          </ns3:TrackPointExtension>
        </extensions>
      </trkpt>
      <trkpt lat="55.63085303641855716705322265625" lon="37.317440919578075408935546875">
        <ele>199</ele>
        <time>2026-09-26T06:10:54.000Z</time>
        <extensions>
          <ns3:TrackPointExtension>
            <ns3:hr>158</ns3:hr>
            <ns3:cad>87</ns3:cad>
          </ns3:TrackPointExtension>
        </extensions>
      </trkpt>
      <trkpt lat="55.6308682076632976531982421875" lon="37.31747335754334926605224609375">
        <ele>199</ele>
        <time>2026-09-26T06:10:55.000Z</time>
        <extensions>
          <ns3:TrackPointExtension>
            <ns3:hr>158</ns3:hr>
            <ns3:cad>88</ns3:cad>
          </ns3:TrackPointExtension>
        </extensions>
      </trkpt>
      <trkpt lat="55.630886144936084747314453125" lon="37.3175061307847499847412109375">
        <ele>199</ele>
        <time>2026-09-26T06:10:56.000Z</time>
        <extensions>
          <ns3:TrackPointExtension>
            <ns3:hr>159</ns3:hr>
            <ns3:cad>88</ns3:cad>
          </ns3:TrackPointExtension>
        </extensions>
      </trkpt>
      <trkpt lat="55.63089913688600063323974609375" lon="37.317539490759372711181640625">
        <ele>198.8000030517578125</ele>
        <time>2026-09-26T06:10:57.000Z</time>
        <extensions>
          <ns3:TrackPointExtension>
            <ns3:hr>158</ns3:hr>
            <ns3:cad>88</ns3:cad>
          </ns3:TrackPointExtension>
        </extensions>
      </trkpt>
      <trkpt lat="55.6309148110449314117431640625" lon="37.317574024200439453125">
        <ele>198.8000030517578125</ele>
        <time>2026-09-26T06:10:58.000Z</time>
        <extensions>
          <ns3:TrackPointExtension>
            <ns3:hr>158</ns3:hr>
            <ns3:cad>88</ns3:cad>
          </ns3:TrackPointExtension>
        </extensions>
      </trkpt>
      <trkpt lat="55.63092805445194244384765625" lon="37.31761149130761623382568359375">
        <ele>198.8000030517578125</ele>
        <time>2026-09-26T06:10:59.000Z</time>
        <extensions>
          <ns3:TrackPointExtension>
            <ns3:hr>158</ns3:hr>
            <ns3:cad>88</ns3:cad>
          </ns3:TrackPointExtension>
        </extensions>
      </trkpt>
      <trkpt lat="55.630939789116382598876953125" lon="37.317648120224475860595703125">
        <ele>198.8000030517578125</ele>
        <time>2026-09-26T06:11:00.000Z</time>
        <extensions>
          <ns3:TrackPointExtension>
            <ns3:hr>159</ns3:hr>
            <ns3:cad>88</ns3:cad>
          </ns3:TrackPointExtension>
        </extensions>
      </trkpt>
      <trkpt lat="55.63095211051404476165771484375" lon="37.31767837889492511749267578125">
        <ele>198.8000030517578125</ele>
        <time>2026-09-26T06:11:01.000Z</time>
        <extensions>
          <ns3:TrackPointExtension>
            <ns3:hr>158</ns3:hr>
            <ns3:cad>87</ns3:cad>
          </ns3:TrackPointExtension>
        </extensions>
      </trkpt>
      <trkpt lat="55.63096635974943637847900390625" lon="37.3177156783640384674072265625">
        <ele>198.600006103515625</ele>
        <time>2026-09-26T06:11:02.000Z</time>
        <extensions>
          <ns3:TrackPointExtension>
            <ns3:hr>158</ns3:hr>
            <ns3:cad>87</ns3:cad>
          </ns3:TrackPointExtension>
        </extensions>
      </trkpt>
      <trkpt lat="55.6309775076806545257568359375" lon="37.31774945743381977081298828125">
        <ele>198.600006103515625</ele>
        <time>2026-09-26T06:11:03.000Z</time>
        <extensions>
          <ns3:TrackPointExtension>
            <ns3:hr>158</ns3:hr>
            <ns3:cad>87</ns3:cad>
          </ns3:TrackPointExtension>
        </extensions>
      </trkpt>
      <trkpt lat="55.63099167309701442718505859375" lon="37.31778315268456935882568359375">
        <ele>198.8000030517578125</ele>
        <time>2026-09-26T06:11:04.000Z</time>
        <extensions>
          <ns3:TrackPointExtension>
            <ns3:hr>158</ns3:hr>
            <ns3:cad>87</ns3:cad>
          </ns3:TrackPointExtension>
        </extensions>
      </trkpt>
      <trkpt lat="55.6310080178081989288330078125" lon="37.31782137416303157806396484375">
        <ele>198.8000030517578125</ele>
        <time>2026-09-26T06:11:05.000Z</time>
        <extensions>
          <ns3:TrackPointExtension>
            <ns3:hr>157</ns3:hr>
            <ns3:cad>87</ns3:cad>
          </ns3:TrackPointExtension>
        </extensions>
      </trkpt>
      <trkpt lat="55.631024949252605438232421875" lon="37.31785096228122711181640625">
        <ele>198.8000030517578125</ele>
        <time>2026-09-26T06:11:06.000Z</time>
        <extensions>
          <ns3:TrackPointExtension>
            <ns3:hr>157</ns3:hr>
            <ns3:cad>87</ns3:cad>
          </ns3:TrackPointExtension>
        </extensions>
      </trkpt>
      <trkpt lat="55.6310395337641239166259765625" lon="37.317879460752010345458984375">
        <ele>199</ele>
        <time>2026-09-26T06:11:07.000Z</time>
        <extensions>
          <ns3:TrackPointExtension>
            <ns3:hr>158</ns3:hr>
            <ns3:cad>87</ns3:cad>
          </ns3:TrackPointExtension>
        </extensions>
      </trkpt>
      <trkpt lat="55.631048418581485748291015625" lon="37.31791139580309391021728515625">
        <ele>199</ele>
        <time>2026-09-26T06:11:08.000Z</time>
        <extensions>
          <ns3:TrackPointExtension>
            <ns3:hr>158</ns3:hr>
            <ns3:cad>87</ns3:cad>
          </ns3:TrackPointExtension>
        </extensions>
      </trkpt>
      <trkpt lat="55.63105814158916473388671875" lon="37.317946851253509521484375">
        <ele>199</ele>
        <time>2026-09-26T06:11:09.000Z</time>
        <extensions>
          <ns3:TrackPointExtension>
            <ns3:hr>157</ns3:hr>
            <ns3:cad>87</ns3:cad>
          </ns3:TrackPointExtension>
        </extensions>
      </trkpt>
      <trkpt lat="55.63106618821620941162109375" lon="37.31798373162746429443359375">
        <ele>199</ele>
        <time>2026-09-26T06:11:10.000Z</time>
        <extensions>
          <ns3:TrackPointExtension>
            <ns3:hr>158</ns3:hr>
            <ns3:cad>87</ns3:cad>
          </ns3:TrackPointExtension>
        </extensions>
      </trkpt>
      <trkpt lat="55.63107289373874664306640625" lon="37.318022958934307098388671875">
        <ele>199</ele>
        <time>2026-09-26T06:11:11.000Z</time>
        <extensions>
          <ns3:TrackPointExtension>
            <ns3:hr>158</ns3:hr>
            <ns3:cad>87</ns3:cad>
          </ns3:TrackPointExtension>
        </extensions>
      </trkpt>
      <trkpt lat="55.6310707144439220428466796875" lon="37.3180613480508327484130859375">
        <ele>199.1999969482421875</ele>
        <time>2026-09-26T06:11:12.000Z</time>
        <extensions>
          <ns3:TrackPointExtension>
            <ns3:hr>158</ns3:hr>
            <ns3:cad>87</ns3:cad>
          </ns3:TrackPointExtension>
        </extensions>
      </trkpt>
      <trkpt lat="55.6310673616826534271240234375" lon="37.31810065917670726776123046875">
        <ele>199.399993896484375</ele>
        <time>2026-09-26T06:11:13.000Z</time>
        <extensions>
          <ns3:TrackPointExtension>
            <ns3:hr>158</ns3:hr>
            <ns3:cad>86</ns3:cad>
          </ns3:TrackPointExtension>
        </extensions>
      </trkpt>
      <trkpt lat="55.631060488522052764892578125" lon="37.318143658339977264404296875">
        <ele>199.399993896484375</ele>
        <time>2026-09-26T06:11:14.000Z</time>
        <extensions>
          <ns3:TrackPointExtension>
            <ns3:hr>158</ns3:hr>
            <ns3:cad>86</ns3:cad>
          </ns3:TrackPointExtension>
        </extensions>
      </trkpt>
      <trkpt lat="55.63105671666562557220458984375" lon="37.31818816624581813812255859375">
        <ele>199.600006103515625</ele>
        <time>2026-09-26T06:11:15.000Z</time>
        <extensions>
          <ns3:TrackPointExtension>
            <ns3:hr>158</ns3:hr>
            <ns3:cad>86</ns3:cad>
          </ns3:TrackPointExtension>
        </extensions>
      </trkpt>
      <trkpt lat="55.6310586445033550262451171875" lon="37.3182293213903903961181640625">
        <ele>199.8000030517578125</ele>
        <time>2026-09-26T06:11:16.000Z</time>
        <extensions>
          <ns3:TrackPointExtension>
            <ns3:hr>158</ns3:hr>
            <ns3:cad>86</ns3:cad>
          </ns3:TrackPointExtension>
        </extensions>
      </trkpt>
      <trkpt lat="55.63106023706495761871337890625" lon="37.31826695613563060760498046875">
        <ele>200</ele>
        <time>2026-09-26T06:11:17.000Z</time>
        <extensions>
          <ns3:TrackPointExtension>
            <ns3:hr>158</ns3:hr>
            <ns3:cad>86</ns3:cad>
          </ns3:TrackPointExtension>
        </extensions>
      </trkpt>
      <trkpt lat="55.63106845133006572723388671875" lon="37.31830618344247341156005859375">
        <ele>200</ele>
        <time>2026-09-26T06:11:18.000Z</time>
        <extensions>
          <ns3:TrackPointExtension>
            <ns3:hr>158</ns3:hr>
            <ns3:cad>86</ns3:cad>
          </ns3:TrackPointExtension>
        </extensions>
      </trkpt>
      <trkpt lat="55.63107918016612529754638671875" lon="37.31833820231258869171142578125">
        <ele>200</ele>
        <time>2026-09-26T06:11:19.000Z</time>
        <extensions>
          <ns3:TrackPointExtension>
            <ns3:hr>158</ns3:hr>
            <ns3:cad>86</ns3:cad>
          </ns3:TrackPointExtension>
        </extensions>
      </trkpt>
      <trkpt lat="55.63108890317380428314208984375" lon="37.31837223283946514129638671875">
        <ele>200</ele>
        <time>2026-09-26T06:11:20.000Z</time>
        <extensions>
          <ns3:TrackPointExtension>
            <ns3:hr>158</ns3:hr>
            <ns3:cad>86</ns3:cad>
          </ns3:TrackPointExtension>
        </extensions>
      </trkpt>
      <trkpt lat="55.6311003863811492919921875" lon="37.318407855927944183349609375">
        <ele>200</ele>
        <time>2026-09-26T06:11:21.000Z</time>
        <extensions>
          <ns3:TrackPointExtension>
            <ns3:hr>158</ns3:hr>
            <ns3:cad>87</ns3:cad>
          </ns3:TrackPointExtension>
        </extensions>
      </trkpt>
      <trkpt lat="55.63110985793173313140869140625" lon="37.31845043599605560302734375">
        <ele>200</ele>
        <time>2026-09-26T06:11:22.000Z</time>
        <extensions>
          <ns3:TrackPointExtension>
            <ns3:hr>158</ns3:hr>
            <ns3:cad>87</ns3:cad>
          </ns3:TrackPointExtension>
        </extensions>
      </trkpt>
      <trkpt lat="55.63112025149166584014892578125" lon="37.31849628500640392303466796875">
        <ele>200</ele>
        <time>2026-09-26T06:11:23.000Z</time>
        <extensions>
          <ns3:TrackPointExtension>
            <ns3:hr>158</ns3:hr>
            <ns3:cad>87</ns3:cad>
          </ns3:TrackPointExtension>
        </extensions>
      </trkpt>
      <trkpt lat="55.6311287172138690948486328125" lon="37.31853450648486614227294921875">
        <ele>200</ele>
        <time>2026-09-26T06:11:24.000Z</time>
        <extensions>
          <ns3:TrackPointExtension>
            <ns3:hr>158</ns3:hr>
            <ns3:cad>87</ns3:cad>
          </ns3:TrackPointExtension>
        </extensions>
      </trkpt>
      <trkpt lat="55.6311367638409137725830078125" lon="37.31857381761074066162109375">
        <ele>200</ele>
        <time>2026-09-26T06:11:25.000Z</time>
        <extensions>
          <ns3:TrackPointExtension>
            <ns3:hr>158</ns3:hr>
            <ns3:cad>87</ns3:cad>
          </ns3:TrackPointExtension>
        </extensions>
      </trkpt>
      <trkpt lat="55.6311481632292270660400390625" lon="37.318607009947299957275390625">
        <ele>200</ele>
        <time>2026-09-26T06:11:26.000Z</time>
        <extensions>
          <ns3:TrackPointExtension>
            <ns3:hr>158</ns3:hr>
            <ns3:cad>86</ns3:cad>
          </ns3:TrackPointExtension>
        </extensions>
      </trkpt>
      <trkpt lat="55.63115998171269893646240234375" lon="37.3186403699219226837158203125">
        <ele>200</ele>
        <time>2026-09-26T06:11:27.000Z</time>
        <extensions>
          <ns3:TrackPointExtension>
            <ns3:hr>158</ns3:hr>
            <ns3:cad>86</ns3:cad>
          </ns3:TrackPointExtension>
        </extensions>
      </trkpt>
      <trkpt lat="55.6311702914535999298095703125" lon="37.318676412105560302734375">
        <ele>200</ele>
        <time>2026-09-26T06:11:28.000Z</time>
        <extensions>
          <ns3:TrackPointExtension>
            <ns3:hr>158</ns3:hr>
            <ns3:cad>86</ns3:cad>
          </ns3:TrackPointExtension>
        </extensions>
      </trkpt>
      <trkpt lat="55.6311803497374057769775390625" lon="37.3187127895653247833251953125">
        <ele>200</ele>
        <time>2026-09-26T06:11:29.000Z</time>
        <extensions>
          <ns3:TrackPointExtension>
            <ns3:hr>157</ns3:hr>
            <ns3:cad>86</ns3:cad>
          </ns3:TrackPointExtension>
        </extensions>
      </trkpt>
      <trkpt lat="55.6311927549540996551513671875" lon="37.31875218451023101806640625">
        <ele>200</ele>
        <time>2026-09-26T06:11:30.000Z</time>
        <extensions>
          <ns3:TrackPointExtension>
            <ns3:hr>157</ns3:hr>
            <ns3:cad>86</ns3:cad>
          </ns3:TrackPointExtension>
        </extensions>
      </trkpt>
      <trkpt lat="55.63120641745626926422119140625" lon="37.31878462247550487518310546875">
        <ele>200</ele>
        <time>2026-09-26T06:11:31.000Z</time>
        <extensions>
          <ns3:TrackPointExtension>
            <ns3:hr>157</ns3:hr>
            <ns3:cad>86</ns3:cad>
          </ns3:TrackPointExtension>
        </extensions>
      </trkpt>
      <trkpt lat="55.63122083432972431182861328125" lon="37.3188210837543010711669921875">
        <ele>200</ele>
        <time>2026-09-26T06:11:32.000Z</time>
        <extensions>
          <ns3:TrackPointExtension>
            <ns3:hr>157</ns3:hr>
            <ns3:cad>86</ns3:cad>
          </ns3:TrackPointExtension>
        </extensions>
      </trkpt>
      <trkpt lat="55.63123843632638454437255859375" lon="37.3188562877476215362548828125">
        <ele>200</ele>
        <time>2026-09-26T06:11:33.000Z</time>
        <extensions>
          <ns3:TrackPointExtension>
            <ns3:hr>157</ns3:hr>
            <ns3:cad>85</ns3:cad>
          </ns3:TrackPointExtension>
        </extensions>
      </trkpt>
      <trkpt lat="55.631253607571125030517578125" lon="37.31888822279870510101318359375">
        <ele>199.8000030517578125</ele>
        <time>2026-09-26T06:11:34.000Z</time>
        <extensions>
          <ns3:TrackPointExtension>
            <ns3:hr>157</ns3:hr>
            <ns3:cad>85</ns3:cad>
          </ns3:TrackPointExtension>
        </extensions>
      </trkpt>
      <trkpt lat="55.63126408495008945465087890625" lon="37.31892543844878673553466796875">
        <ele>199.600006103515625</ele>
        <time>2026-09-26T06:11:35.000Z</time>
        <extensions>
          <ns3:TrackPointExtension>
            <ns3:hr>157</ns3:hr>
            <ns3:cad>87</ns3:cad>
          </ns3:TrackPointExtension>
        </extensions>
      </trkpt>
      <trkpt lat="55.63127615489065647125244140625" lon="37.318966090679168701171875">
        <ele>199.600006103515625</ele>
        <time>2026-09-26T06:11:36.000Z</time>
        <extensions>
          <ns3:TrackPointExtension>
            <ns3:hr>156</ns3:hr>
            <ns3:cad>87</ns3:cad>
          </ns3:TrackPointExtension>
        </extensions>
      </trkpt>
      <trkpt lat="55.6312893144786357879638671875" lon="37.31900967657566070556640625">
        <ele>199.399993896484375</ele>
        <time>2026-09-26T06:11:37.000Z</time>
        <extensions>
          <ns3:TrackPointExtension>
            <ns3:hr>156</ns3:hr>
            <ns3:cad>86</ns3:cad>
          </ns3:TrackPointExtension>
        </extensions>
      </trkpt>
      <trkpt lat="55.6313033960759639739990234375" lon="37.3190473951399326324462890625">
        <ele>199.399993896484375</ele>
        <time>2026-09-26T06:11:38.000Z</time>
        <extensions>
          <ns3:TrackPointExtension>
            <ns3:hr>154</ns3:hr>
            <ns3:cad>86</ns3:cad>
          </ns3:TrackPointExtension>
        </extensions>
      </trkpt>
      <trkpt lat="55.63131806440651416778564453125" lon="37.3190882988274097442626953125">
        <ele>199.399993896484375</ele>
        <time>2026-09-26T06:11:39.000Z</time>
        <extensions>
          <ns3:TrackPointExtension>
            <ns3:hr>152</ns3:hr>
            <ns3:cad>86</ns3:cad>
          </ns3:TrackPointExtension>
        </extensions>
      </trkpt>
      <trkpt lat="55.6313288770616054534912109375" lon="37.31912425719201564788818359375">
        <ele>199.399993896484375</ele>
        <time>2026-09-26T06:11:40.000Z</time>
        <extensions>
          <ns3:TrackPointExtension>
            <ns3:hr>152</ns3:hr>
            <ns3:cad>86</ns3:cad>
          </ns3:TrackPointExtension>
        </extensions>
      </trkpt>
      <trkpt lat="55.63133533112704753875732421875" lon="37.3191657476127147674560546875">
        <ele>199.399993896484375</ele>
        <time>2026-09-26T06:11:41.000Z</time>
        <extensions>
          <ns3:TrackPointExtension>
            <ns3:hr>151</ns3:hr>
            <ns3:cad>86</ns3:cad>
          </ns3:TrackPointExtension>
        </extensions>
      </trkpt>
      <trkpt lat="55.6313409470021724700927734375" lon="37.31920740567147731781005859375">
        <ele>199.399993896484375</ele>
        <time>2026-09-26T06:11:42.000Z</time>
        <extensions>
          <ns3:TrackPointExtension>
            <ns3:hr>151</ns3:hr>
            <ns3:cad>86</ns3:cad>
          </ns3:TrackPointExtension>
        </extensions>
      </trkpt>
      <trkpt lat="55.63135276548564434051513671875" lon="37.31924696825444698333740234375">
        <ele>199.1999969482421875</ele>
        <time>2026-09-26T06:11:43.000Z</time>
        <extensions>
          <ns3:TrackPointExtension>
            <ns3:hr>151</ns3:hr>
            <ns3:cad>86</ns3:cad>
          </ns3:TrackPointExtension>
        </extensions>
      </trkpt>
      <trkpt lat="55.6313624046742916107177734375" lon="37.31928485445678234100341796875">
        <ele>199.1999969482421875</ele>
        <time>2026-09-26T06:11:44.000Z</time>
        <extensions>
          <ns3:TrackPointExtension>
            <ns3:hr>151</ns3:hr>
            <ns3:cad>86</ns3:cad>
          </ns3:TrackPointExtension>
        </extensions>
      </trkpt>
      <trkpt lat="55.63136927783489227294921875" lon="37.31932441703975200653076171875">
        <ele>199.1999969482421875</ele>
        <time>2026-09-26T06:11:45.000Z</time>
        <extensions>
          <ns3:TrackPointExtension>
            <ns3:hr>151</ns3:hr>
            <ns3:cad>87</ns3:cad>
          </ns3:TrackPointExtension>
        </extensions>
      </trkpt>
      <trkpt lat="55.631375648081302642822265625" lon="37.3193602077662944793701171875">
        <ele>199.1999969482421875</ele>
        <time>2026-09-26T06:11:46.000Z</time>
        <extensions>
          <ns3:TrackPointExtension>
            <ns3:hr>150</ns3:hr>
            <ns3:cad>88</ns3:cad>
          </ns3:TrackPointExtension>
        </extensions>
      </trkpt>
      <trkpt lat="55.631379000842571258544921875" lon="37.319400608539581298828125">
        <ele>199.1999969482421875</ele>
        <time>2026-09-26T06:11:47.000Z</time>
        <extensions>
          <ns3:TrackPointExtension>
            <ns3:hr>149</ns3:hr>
            <ns3:cad>88</ns3:cad>
          </ns3:TrackPointExtension>
        </extensions>
      </trkpt>
      <trkpt lat="55.63137539662420749664306640625" lon="37.31944042257964611053466796875">
        <ele>199</ele>
        <time>2026-09-26T06:11:48.000Z</time>
        <extensions>
          <ns3:TrackPointExtension>
            <ns3:hr>149</ns3:hr>
            <ns3:cad>87</ns3:cad>
          </ns3:TrackPointExtension>
        </extensions>
      </trkpt>
      <trkpt lat="55.631368942558765411376953125" lon="37.319476716220378875732421875">
        <ele>199</ele>
        <time>2026-09-26T06:11:49.000Z</time>
        <extensions>
          <ns3:TrackPointExtension>
            <ns3:hr>148</ns3:hr>
            <ns3:cad>87</ns3:cad>
          </ns3:TrackPointExtension>
        </extensions>
      </trkpt>
      <trkpt lat="55.6313627399504184722900390625" lon="37.3195197992026805877685546875">
        <ele>198.8000030517578125</ele>
        <time>2026-09-26T06:11:50.000Z</time>
        <extensions>
          <ns3:TrackPointExtension>
            <ns3:hr>148</ns3:hr>
            <ns3:cad>87</ns3:cad>
          </ns3:TrackPointExtension>
        </extensions>
      </trkpt>
      <trkpt lat="55.6313580460846424102783203125" lon="37.31956548057496547698974609375">
        <ele>198.600006103515625</ele>
        <time>2026-09-26T06:11:51.000Z</time>
        <extensions>
          <ns3:TrackPointExtension>
            <ns3:hr>148</ns3:hr>
            <ns3:cad>87</ns3:cad>
          </ns3:TrackPointExtension>
        </extensions>
      </trkpt>
      <trkpt lat="55.6313553638756275177001953125" lon="37.3196031153202056884765625">
        <ele>198.600006103515625</ele>
        <time>2026-09-26T06:11:52.000Z</time>
        <extensions>
          <ns3:TrackPointExtension>
            <ns3:hr>148</ns3:hr>
            <ns3:cad>87</ns3:cad>
          </ns3:TrackPointExtension>
        </extensions>
      </trkpt>
      <trkpt lat="55.6313498318195343017578125" lon="37.31963924132287502288818359375">
        <ele>198.600006103515625</ele>
        <time>2026-09-26T06:11:53.000Z</time>
        <extensions>
          <ns3:TrackPointExtension>
            <ns3:hr>148</ns3:hr>
            <ns3:cad>87</ns3:cad>
          </ns3:TrackPointExtension>
        </extensions>
      </trkpt>
      <trkpt lat="55.63134455122053623199462890625" lon="37.3196793906390666961669921875">
        <ele>198.600006103515625</ele>
        <time>2026-09-26T06:11:54.000Z</time>
        <extensions>
          <ns3:TrackPointExtension>
            <ns3:hr>147</ns3:hr>
            <ns3:cad>86</ns3:cad>
          </ns3:TrackPointExtension>
        </extensions>
      </trkpt>
      <trkpt lat="55.6313392706215381622314453125" lon="37.31972574256360530853271484375">
        <ele>198.600006103515625</ele>
        <time>2026-09-26T06:11:55.000Z</time>
        <extensions>
          <ns3:TrackPointExtension>
            <ns3:hr>147</ns3:hr>
            <ns3:cad>86</ns3:cad>
          </ns3:TrackPointExtension>
        </extensions>
      </trkpt>
      <trkpt lat="55.63133516348898410797119140625" lon="37.31977134011685848236083984375">
        <ele>198.600006103515625</ele>
        <time>2026-09-26T06:11:56.000Z</time>
        <extensions>
          <ns3:TrackPointExtension>
            <ns3:hr>147</ns3:hr>
            <ns3:cad>86</ns3:cad>
          </ns3:TrackPointExtension>
        </extensions>
      </trkpt>
      <trkpt lat="55.6313292123377323150634765625" lon="37.3198163509368896484375">
        <ele>198.600006103515625</ele>
        <time>2026-09-26T06:11:57.000Z</time>
        <extensions>
          <ns3:TrackPointExtension>
            <ns3:hr>147</ns3:hr>
            <ns3:cad>85</ns3:cad>
          </ns3:TrackPointExtension>
        </extensions>
      </trkpt>
      <trkpt lat="55.6313258595764636993408203125" lon="37.3198577575385570526123046875">
        <ele>198.600006103515625</ele>
        <time>2026-09-26T06:11:58.000Z</time>
        <extensions>
          <ns3:TrackPointExtension>
            <ns3:hr>147</ns3:hr>
            <ns3:cad>85</ns3:cad>
          </ns3:TrackPointExtension>
        </extensions>
      </trkpt>
      <trkpt lat="55.63132527284324169158935546875" lon="37.3199033550918102264404296875">
        <ele>198.600006103515625</ele>
        <time>2026-09-26T06:11:59.000Z</time>
        <extensions>
          <ns3:TrackPointExtension>
            <ns3:hr>147</ns3:hr>
            <ns3:cad>85</ns3:cad>
          </ns3:TrackPointExtension>
        </extensions>
      </trkpt>
      <trkpt lat="55.631324686110019683837890625" lon="37.31994383968412876129150390625">
        <ele>198.399993896484375</ele>
        <time>2026-09-26T06:12:00.000Z</time>
        <extensions>
          <ns3:TrackPointExtension>
            <ns3:hr>146</ns3:hr>
            <ns3:cad>85</ns3:cad>
          </ns3:TrackPointExtension>
        </extensions>
      </trkpt>
      <trkpt lat="55.63132644630968570709228515625" lon="37.31998725794255733489990234375">
        <ele>198.399993896484375</ele>
        <time>2026-09-26T06:12:01.000Z</time>
        <extensions>
          <ns3:TrackPointExtension>
            <ns3:hr>146</ns3:hr>
            <ns3:cad>86</ns3:cad>
          </ns3:TrackPointExtension>
        </extensions>
      </trkpt>
      <trkpt lat="55.631326027214527130126953125" lon="37.32002933509647846221923828125">
        <ele>198.399993896484375</ele>
        <time>2026-09-26T06:12:02.000Z</time>
        <extensions>
          <ns3:TrackPointExtension>
            <ns3:hr>146</ns3:hr>
            <ns3:cad>86</ns3:cad>
          </ns3:TrackPointExtension>
        </extensions>
      </trkpt>
      <trkpt lat="55.63132703304290771484375" lon="37.32006973586976528167724609375">
        <ele>198.399993896484375</ele>
        <time>2026-09-26T06:12:03.000Z</time>
        <extensions>
          <ns3:TrackPointExtension>
            <ns3:hr>147</ns3:hr>
            <ns3:cad>86</ns3:cad>
          </ns3:TrackPointExtension>
        </extensions>
      </trkpt>
      <trkpt lat="55.63133038580417633056640625" lon="37.32011013664305210113525390625">
        <ele>198.399993896484375</ele>
        <time>2026-09-26T06:12:04.000Z</time>
        <extensions>
          <ns3:TrackPointExtension>
            <ns3:hr>147</ns3:hr>
            <ns3:cad>86</ns3:cad>
          </ns3:TrackPointExtension>
        </extensions>
      </trkpt>
      <trkpt lat="55.63133147545158863067626953125" lon="37.32015137560665607452392578125">
        <ele>198.399993896484375</ele>
        <time>2026-09-26T06:12:05.000Z</time>
        <extensions>
          <ns3:TrackPointExtension>
            <ns3:hr>147</ns3:hr>
            <ns3:cad>85</ns3:cad>
          </ns3:TrackPointExtension>
        </extensions>
      </trkpt>
      <trkpt lat="55.631330721080303192138671875" lon="37.32019529677927494049072265625">
        <ele>198.600006103515625</ele>
        <time>2026-09-26T06:12:06.000Z</time>
        <extensions>
          <ns3:TrackPointExtension>
            <ns3:hr>147</ns3:hr>
            <ns3:cad>85</ns3:cad>
          </ns3:TrackPointExtension>
        </extensions>
      </trkpt>
      <trkpt lat="55.6313288770616054534912109375" lon="37.3202342726290225982666015625">
        <ele>198.600006103515625</ele>
        <time>2026-09-26T06:12:07.000Z</time>
        <extensions>
          <ns3:TrackPointExtension>
            <ns3:hr>147</ns3:hr>
            <ns3:cad>86</ns3:cad>
          </ns3:TrackPointExtension>
        </extensions>
      </trkpt>
      <trkpt lat="55.63132678158581256866455078125" lon="37.32027827762067317962646484375">
        <ele>198.8000030517578125</ele>
        <time>2026-09-26T06:12:08.000Z</time>
        <extensions>
          <ns3:TrackPointExtension>
            <ns3:hr>147</ns3:hr>
            <ns3:cad>86</ns3:cad>
          </ns3:TrackPointExtension>
        </extensions>
      </trkpt>
      <trkpt lat="55.63132912851870059967041015625" lon="37.32031985186040401458740234375">
        <ele>198.600006103515625</ele>
        <time>2026-09-26T06:12:09.000Z</time>
        <extensions>
          <ns3:TrackPointExtension>
            <ns3:hr>147</ns3:hr>
            <ns3:cad>86</ns3:cad>
          </ns3:TrackPointExtension>
        </extensions>
      </trkpt>
      <trkpt lat="55.6313342414796352386474609375" lon="37.32036150991916656494140625">
        <ele>198.600006103515625</ele>
        <time>2026-09-26T06:12:10.000Z</time>
        <extensions>
          <ns3:TrackPointExtension>
            <ns3:hr>147</ns3:hr>
            <ns3:cad>86</ns3:cad>
          </ns3:TrackPointExtension>
        </extensions>
      </trkpt>
      <trkpt lat="55.6313382647931575775146484375" lon="37.32040182687342166900634765625">
        <ele>198.600006103515625</ele>
        <time>2026-09-26T06:12:11.000Z</time>
        <extensions>
          <ns3:TrackPointExtension>
            <ns3:hr>146</ns3:hr>
            <ns3:cad>86</ns3:cad>
          </ns3:TrackPointExtension>
        </extensions>
      </trkpt>
      <trkpt lat="55.63134513795375823974609375" lon="37.32044063508510589599609375">
        <ele>198.600006103515625</ele>
        <time>2026-09-26T06:12:12.000Z</time>
        <extensions>
          <ns3:TrackPointExtension>
            <ns3:hr>147</ns3:hr>
            <ns3:cad>86</ns3:cad>
          </ns3:TrackPointExtension>
        </extensions>
      </trkpt>
      <trkpt lat="55.63135393895208835601806640625" lon="37.32048011384904384613037109375">
        <ele>198.600006103515625</ele>
        <time>2026-09-26T06:12:13.000Z</time>
        <extensions>
          <ns3:TrackPointExtension>
            <ns3:hr>146</ns3:hr>
            <ns3:cad>86</ns3:cad>
          </ns3:TrackPointExtension>
        </extensions>
      </trkpt>
      <trkpt lat="55.631361566483974456787109375" lon="37.3205189220607280731201171875">
        <ele>198.399993896484375</ele>
        <time>2026-09-26T06:12:14.000Z</time>
        <extensions>
          <ns3:TrackPointExtension>
            <ns3:hr>146</ns3:hr>
            <ns3:cad>86</ns3:cad>
          </ns3:TrackPointExtension>
        </extensions>
      </trkpt>
      <trkpt lat="55.6313677690923213958740234375" lon="37.3205633461475372314453125">
        <ele>198.399993896484375</ele>
        <time>2026-09-26T06:12:15.000Z</time>
        <extensions>
          <ns3:TrackPointExtension>
            <ns3:hr>146</ns3:hr>
            <ns3:cad>87</ns3:cad>
          </ns3:TrackPointExtension>
        </extensions>
      </trkpt>
      <trkpt lat="55.631374977529048919677734375" lon="37.32060349546372890472412109375">
        <ele>198.399993896484375</ele>
        <time>2026-09-26T06:12:16.000Z</time>
        <extensions>
          <ns3:TrackPointExtension>
            <ns3:hr>147</ns3:hr>
            <ns3:cad>87</ns3:cad>
          </ns3:TrackPointExtension>
        </extensions>
      </trkpt>
      <trkpt lat="55.6313825212419033050537109375" lon="37.3206469975411891937255859375">
        <ele>198.399993896484375</ele>
        <time>2026-09-26T06:12:17.000Z</time>
        <extensions>
          <ns3:TrackPointExtension>
            <ns3:hr>146</ns3:hr>
            <ns3:cad>86</ns3:cad>
          </ns3:TrackPointExtension>
        </extensions>
      </trkpt>
      <trkpt lat="55.631391070783138275146484375" lon="37.3206942714750766754150390625">
        <ele>198.1999969482421875</ele>
        <time>2026-09-26T06:12:18.000Z</time>
        <extensions>
          <ns3:TrackPointExtension>
            <ns3:hr>146</ns3:hr>
            <ns3:cad>86</ns3:cad>
          </ns3:TrackPointExtension>
        </extensions>
      </trkpt>
      <trkpt lat="55.63140205107629299163818359375" lon="37.320739366114139556884765625">
        <ele>198.1999969482421875</ele>
        <time>2026-09-26T06:12:19.000Z</time>
        <extensions>
          <ns3:TrackPointExtension>
            <ns3:hr>147</ns3:hr>
            <ns3:cad>86</ns3:cad>
          </ns3:TrackPointExtension>
        </extensions>
      </trkpt>
      <trkpt lat="55.631413869559764862060546875" lon="37.320779599249362945556640625">
        <ele>198</ele>
        <time>2026-09-26T06:12:20.000Z</time>
        <extensions>
          <ns3:TrackPointExtension>
            <ns3:hr>146</ns3:hr>
            <ns3:cad>86</ns3:cad>
          </ns3:TrackPointExtension>
        </extensions>
      </trkpt>
      <trkpt lat="55.63142552040517330169677734375" lon="37.320816479623317718505859375">
        <ele>197.8000030517578125</ele>
        <time>2026-09-26T06:12:21.000Z</time>
        <extensions>
          <ns3:TrackPointExtension>
            <ns3:hr>147</ns3:hr>
            <ns3:cad>85</ns3:cad>
          </ns3:TrackPointExtension>
        </extensions>
      </trkpt>
      <trkpt lat="55.63144178129732608795166015625" lon="37.32085964642465114593505859375">
        <ele>197.600006103515625</ele>
        <time>2026-09-26T06:12:22.000Z</time>
        <extensions>
          <ns3:TrackPointExtension>
            <ns3:hr>147</ns3:hr>
            <ns3:cad>86</ns3:cad>
          </ns3:TrackPointExtension>
        </extensions>
      </trkpt>
      <trkpt lat="55.63145334832370281219482421875" lon="37.3208986222743988037109375">
        <ele>197.399993896484375</ele>
        <time>2026-09-26T06:12:23.000Z</time>
        <extensions>
          <ns3:TrackPointExtension>
            <ns3:hr>147</ns3:hr>
            <ns3:cad>85</ns3:cad>
          </ns3:TrackPointExtension>
        </extensions>
      </trkpt>
      <trkpt lat="55.63146525062620639801025390625" lon="37.32093810103833675384521484375">
        <ele>197.399993896484375</ele>
        <time>2026-09-26T06:12:24.000Z</time>
        <extensions>
          <ns3:TrackPointExtension>
            <ns3:hr>146</ns3:hr>
            <ns3:cad>85</ns3:cad>
          </ns3:TrackPointExtension>
        </extensions>
      </trkpt>
      <trkpt lat="55.6314794160425662994384765625" lon="37.320972383022308349609375">
        <ele>197.1999969482421875</ele>
        <time>2026-09-26T06:12:25.000Z</time>
        <extensions>
          <ns3:TrackPointExtension>
            <ns3:hr>147</ns3:hr>
            <ns3:cad>85</ns3:cad>
          </ns3:TrackPointExtension>
        </extensions>
      </trkpt>
      <trkpt lat="55.6314914859831333160400390625" lon="37.32100658118724822998046875">
        <ele>197</ele>
        <time>2026-09-26T06:12:26.000Z</time>
        <extensions>
          <ns3:TrackPointExtension>
            <ns3:hr>147</ns3:hr>
            <ns3:cad>85</ns3:cad>
          </ns3:TrackPointExtension>
        </extensions>
      </trkpt>
      <trkpt lat="55.63150028698146343231201171875" lon="37.3210439644753932952880859375">
        <ele>196.8000030517578125</ele>
        <time>2026-09-26T06:12:27.000Z</time>
        <extensions>
          <ns3:TrackPointExtension>
            <ns3:hr>146</ns3:hr>
            <ns3:cad>84</ns3:cad>
          </ns3:TrackPointExtension>
        </extensions>
      </trkpt>
      <trkpt lat="55.631509758532047271728515625" lon="37.3210805095732212066650390625">
        <ele>196.8000030517578125</ele>
        <time>2026-09-26T06:12:28.000Z</time>
        <extensions>
          <ns3:TrackPointExtension>
            <ns3:hr>147</ns3:hr>
            <ns3:cad>84</ns3:cad>
          </ns3:TrackPointExtension>
        </extensions>
      </trkpt>
      <trkpt lat="55.63151948153972625732421875" lon="37.32111454010009765625">
        <ele>196.8000030517578125</ele>
        <time>2026-09-26T06:12:29.000Z</time>
        <extensions>
          <ns3:TrackPointExtension>
            <ns3:hr>147</ns3:hr>
            <ns3:cad>84</ns3:cad>
          </ns3:TrackPointExtension>
        </extensions>
      </trkpt>
      <trkpt lat="55.63153197057545185089111328125" lon="37.3211522586643695831298828125">
        <ele>197</ele>
        <time>2026-09-26T06:12:30.000Z</time>
        <extensions>
          <ns3:TrackPointExtension>
            <ns3:hr>147</ns3:hr>
            <ns3:cad>85</ns3:cad>
          </ns3:TrackPointExtension>
        </extensions>
      </trkpt>
      <trkpt lat="55.6315437890589237213134765625" lon="37.321185953915119171142578125">
        <ele>197</ele>
        <time>2026-09-26T06:12:31.000Z</time>
        <extensions>
          <ns3:TrackPointExtension>
            <ns3:hr>147</ns3:hr>
            <ns3:cad>85</ns3:cad>
          </ns3:TrackPointExtension>
        </extensions>
      </trkpt>
      <trkpt lat="55.6315575353801250457763671875" lon="37.321222834289073944091796875">
        <ele>197</ele>
        <time>2026-09-26T06:12:32.000Z</time>
        <extensions>
          <ns3:TrackPointExtension>
            <ns3:hr>147</ns3:hr>
            <ns3:cad>84</ns3:cad>
          </ns3:TrackPointExtension>
        </extensions>
      </trkpt>
      <trkpt lat="55.631571114063262939453125" lon="37.32125728391110897064208984375">
        <ele>197</ele>
        <time>2026-09-26T06:12:33.000Z</time>
        <extensions>
          <ns3:TrackPointExtension>
            <ns3:hr>147</ns3:hr>
            <ns3:cad>84</ns3:cad>
          </ns3:TrackPointExtension>
        </extensions>
      </trkpt>
      <trkpt lat="55.63158947043120861053466796875" lon="37.32128879986703395843505859375">
        <ele>197</ele>
        <time>2026-09-26T06:12:34.000Z</time>
        <extensions>
          <ns3:TrackPointExtension>
            <ns3:hr>147</ns3:hr>
            <ns3:cad>85</ns3:cad>
          </ns3:TrackPointExtension>
        </extensions>
      </trkpt>
      <trkpt lat="55.63160874880850315093994140625" lon="37.32132174074649810791015625">
        <ele>197</ele>
        <time>2026-09-26T06:12:35.000Z</time>
        <extensions>
          <ns3:TrackPointExtension>
            <ns3:hr>147</ns3:hr>
            <ns3:cad>86</ns3:cad>
          </ns3:TrackPointExtension>
        </extensions>
      </trkpt>
      <trkpt lat="55.6316266022622585296630859375" lon="37.32134764082729816436767578125">
        <ele>197</ele>
        <time>2026-09-26T06:12:36.000Z</time>
        <extensions>
          <ns3:TrackPointExtension>
            <ns3:hr>147</ns3:hr>
            <ns3:cad>86</ns3:cad>
          </ns3:TrackPointExtension>
        </extensions>
      </trkpt>
      <trkpt lat="55.63164646737277507781982421875" lon="37.32137295417487621307373046875">
        <ele>197</ele>
        <time>2026-09-26T06:12:37.000Z</time>
        <extensions>
          <ns3:TrackPointExtension>
            <ns3:hr>146</ns3:hr>
            <ns3:cad>86</ns3:cad>
          </ns3:TrackPointExtension>
        </extensions>
      </trkpt>
      <trkpt lat="55.63166675157845020294189453125" lon="37.3213970102369785308837890625">
        <ele>197</ele>
        <time>2026-09-26T06:12:38.000Z</time>
        <extensions>
          <ns3:TrackPointExtension>
            <ns3:hr>146</ns3:hr>
            <ns3:cad>86</ns3:cad>
          </ns3:TrackPointExtension>
        </extensions>
      </trkpt>
      <trkpt lat="55.6316812522709369659423828125" lon="37.32142902910709381103515625">
        <ele>197</ele>
        <time>2026-09-26T06:12:39.000Z</time>
        <extensions>
          <ns3:TrackPointExtension>
            <ns3:hr>146</ns3:hr>
            <ns3:cad>87</ns3:cad>
          </ns3:TrackPointExtension>
        </extensions>
      </trkpt>
      <trkpt lat="55.63169776462018489837646484375" lon="37.321456857025623321533203125">
        <ele>197</ele>
        <time>2026-09-26T06:12:40.000Z</time>
        <extensions>
          <ns3:TrackPointExtension>
            <ns3:hr>147</ns3:hr>
            <ns3:cad>87</ns3:cad>
          </ns3:TrackPointExtension>
        </extensions>
      </trkpt>
      <trkpt lat="55.63171536661684513092041015625" lon="37.32147940434515476226806640625">
        <ele>197</ele>
        <time>2026-09-26T06:12:41.000Z</time>
        <extensions>
          <ns3:TrackPointExtension>
            <ns3:hr>146</ns3:hr>
            <ns3:cad>86</ns3:cad>
          </ns3:TrackPointExtension>
        </extensions>
      </trkpt>
      <trkpt lat="55.631735064089298248291015625" lon="37.32150136493146419525146484375">
        <ele>196.8000030517578125</ele>
        <time>2026-09-26T06:12:42.000Z</time>
        <extensions>
          <ns3:TrackPointExtension>
            <ns3:hr>146</ns3:hr>
            <ns3:cad>86</ns3:cad>
          </ns3:TrackPointExtension>
        </extensions>
      </trkpt>
      <trkpt lat="55.63175425864756107330322265625" lon="37.321520559489727020263671875">
        <ele>196.8000030517578125</ele>
        <time>2026-09-26T06:12:43.000Z</time>
        <extensions>
          <ns3:TrackPointExtension>
            <ns3:hr>146</ns3:hr>
            <ns3:cad>86</ns3:cad>
          </ns3:TrackPointExtension>
        </extensions>
      </trkpt>
      <trkpt lat="55.631773956120014190673828125" lon="37.32153774239122867584228515625">
        <ele>196.8000030517578125</ele>
        <time>2026-09-26T06:12:44.000Z</time>
        <extensions>
          <ns3:TrackPointExtension>
            <ns3:hr>146</ns3:hr>
            <ns3:cad>86</ns3:cad>
          </ns3:TrackPointExtension>
        </extensions>
      </trkpt>
      <trkpt lat="55.63179398886859416961669921875" lon="37.3215475492179393768310546875">
        <ele>196.600006103515625</ele>
        <time>2026-09-26T06:12:45.000Z</time>
        <extensions>
          <ns3:TrackPointExtension>
            <ns3:hr>147</ns3:hr>
            <ns3:cad>86</ns3:cad>
          </ns3:TrackPointExtension>
        </extensions>
      </trkpt>
      <trkpt lat="55.63181695528328418731689453125" lon="37.32155953533947467803955078125">
        <ele>196.600006103515625</ele>
        <time>2026-09-26T06:12:46.000Z</time>
        <extensions>
          <ns3:TrackPointExtension>
            <ns3:hr>146</ns3:hr>
            <ns3:cad>86</ns3:cad>
          </ns3:TrackPointExtension>
        </extensions>
      </trkpt>
      <trkpt lat="55.631834305822849273681640625" lon="37.3215710185468196868896484375">
        <ele>196.600006103515625</ele>
        <time>2026-09-26T06:12:47.000Z</time>
        <extensions>
          <ns3:TrackPointExtension>
            <ns3:hr>146</ns3:hr>
            <ns3:cad>85</ns3:cad>
          </ns3:TrackPointExtension>
        </extensions>
      </trkpt>
      <trkpt lat="55.63184897415339946746826171875" lon="37.3215837590396404266357421875">
        <ele>196.399993896484375</ele>
        <time>2026-09-26T06:12:48.000Z</time>
        <extensions>
          <ns3:TrackPointExtension>
            <ns3:hr>146</ns3:hr>
            <ns3:cad>85</ns3:cad>
          </ns3:TrackPointExtension>
        </extensions>
      </trkpt>
      <trkpt lat="55.63186146318912506103515625" lon="37.3216011933982372283935546875">
        <ele>196.399993896484375</ele>
        <time>2026-09-26T06:12:49.000Z</time>
        <extensions>
          <ns3:TrackPointExtension>
            <ns3:hr>146</ns3:hr>
            <ns3:cad>85</ns3:cad>
          </ns3:TrackPointExtension>
        </extensions>
      </trkpt>
      <trkpt lat="55.63187420368194580078125" lon="37.32161871157586574554443359375">
        <ele>196.399993896484375</ele>
        <time>2026-09-26T06:12:50.000Z</time>
        <extensions>
          <ns3:TrackPointExtension>
            <ns3:hr>146</ns3:hr>
            <ns3:cad>85</ns3:cad>
          </ns3:TrackPointExtension>
        </extensions>
      </trkpt>
      <trkpt lat="55.6318914704024791717529296875" lon="37.3216357268393039703369140625">
        <ele>196.1999969482421875</ele>
        <time>2026-09-26T06:12:51.000Z</time>
        <extensions>
          <ns3:TrackPointExtension>
            <ns3:hr>147</ns3:hr>
            <ns3:cad>86</ns3:cad>
          </ns3:TrackPointExtension>
        </extensions>
      </trkpt>
      <trkpt lat="55.631906725466251373291015625" lon="37.321652658283710479736328125">
        <ele>196.1999969482421875</ele>
        <time>2026-09-26T06:12:52.000Z</time>
        <extensions>
          <ns3:TrackPointExtension>
            <ns3:hr>146</ns3:hr>
            <ns3:cad>87</ns3:cad>
          </ns3:TrackPointExtension>
        </extensions>
      </trkpt>
      <trkpt lat="55.63192457892000675201416015625" lon="37.32166682370007038116455078125">
        <ele>196</ele>
        <time>2026-09-26T06:12:53.000Z</time>
        <extensions>
          <ns3:TrackPointExtension>
            <ns3:hr>146</ns3:hr>
            <ns3:cad>87</ns3:cad>
          </ns3:TrackPointExtension>
        </extensions>
      </trkpt>
      <trkpt lat="55.63194000162184238433837890625" lon="37.32168224640190601348876953125">
        <ele>196</ele>
        <time>2026-09-26T06:12:54.000Z</time>
        <extensions>
          <ns3:TrackPointExtension>
            <ns3:hr>147</ns3:hr>
            <ns3:cad>86</ns3:cad>
          </ns3:TrackPointExtension>
        </extensions>
      </trkpt>
      <trkpt lat="55.6319545023143291473388671875" lon="37.3217051289975643157958984375">
        <ele>195.8000030517578125</ele>
        <time>2026-09-26T06:12:55.000Z</time>
        <extensions>
          <ns3:TrackPointExtension>
            <ns3:hr>147</ns3:hr>
            <ns3:cad>86</ns3:cad>
          </ns3:TrackPointExtension>
        </extensions>
      </trkpt>
      <trkpt lat="55.63197151757776737213134765625" lon="37.32173035852611064910888671875">
        <ele>195.600006103515625</ele>
        <time>2026-09-26T06:12:56.000Z</time>
        <extensions>
          <ns3:TrackPointExtension>
            <ns3:hr>147</ns3:hr>
            <ns3:cad>85</ns3:cad>
          </ns3:TrackPointExtension>
        </extensions>
      </trkpt>
      <trkpt lat="55.6319876946508884429931640625" lon="37.32175332494080066680908203125">
        <ele>195.399993896484375</ele>
        <time>2026-09-26T06:12:57.000Z</time>
        <extensions>
          <ns3:TrackPointExtension>
            <ns3:hr>146</ns3:hr>
            <ns3:cad>85</ns3:cad>
          </ns3:TrackPointExtension>
        </extensions>
      </trkpt>
      <trkpt lat="55.63199959695339202880859375" lon="37.32178852893412113189697265625">
        <ele>195.1999969482421875</ele>
        <time>2026-09-26T06:12:58.000Z</time>
        <extensions>
          <ns3:TrackPointExtension>
            <ns3:hr>146</ns3:hr>
            <ns3:cad>85</ns3:cad>
          </ns3:TrackPointExtension>
        </extensions>
      </trkpt>
      <trkpt lat="55.63201007433235645294189453125" lon="37.3218298517167568206787109375">
        <ele>195</ele>
        <time>2026-09-26T06:12:59.000Z</time>
        <extensions>
          <ns3:TrackPointExtension>
            <ns3:hr>146</ns3:hr>
            <ns3:cad>86</ns3:cad>
          </ns3:TrackPointExtension>
        </extensions>
      </trkpt>
      <trkpt lat="55.63202231191098690032958984375" lon="37.3218695819377899169921875">
        <ele>194.600006103515625</ele>
        <time>2026-09-26T06:13:00.000Z</time>
        <extensions>
          <ns3:TrackPointExtension>
            <ns3:hr>145</ns3:hr>
            <ns3:cad>86</ns3:cad>
          </ns3:TrackPointExtension>
        </extensions>
      </trkpt>
      <trkpt lat="55.63203505240380764007568359375" lon="37.32190151698887348175048828125">
        <ele>194.399993896484375</ele>
        <time>2026-09-26T06:13:01.000Z</time>
        <extensions>
          <ns3:TrackPointExtension>
            <ns3:hr>145</ns3:hr>
            <ns3:cad>85</ns3:cad>
          </ns3:TrackPointExtension>
        </extensions>
      </trkpt>
      <trkpt lat="55.63204678706824779510498046875" lon="37.32193102128803730010986328125">
        <ele>194</ele>
        <time>2026-09-26T06:13:02.000Z</time>
        <extensions>
          <ns3:TrackPointExtension>
            <ns3:hr>145</ns3:hr>
            <ns3:cad>85</ns3:cad>
          </ns3:TrackPointExtension>
        </extensions>
      </trkpt>
      <trkpt lat="55.63206195831298828125" lon="37.321963123977184295654296875">
        <ele>193.600006103515625</ele>
        <time>2026-09-26T06:13:03.000Z</time>
        <extensions>
          <ns3:TrackPointExtension>
            <ns3:hr>145</ns3:hr>
            <ns3:cad>85</ns3:cad>
          </ns3:TrackPointExtension>
        </extensions>
      </trkpt>
      <trkpt lat="55.63207335770130157470703125" lon="37.32199673540890216827392578125">
        <ele>193.1999969482421875</ele>
        <time>2026-09-26T06:13:04.000Z</time>
        <extensions>
          <ns3:TrackPointExtension>
            <ns3:hr>145</ns3:hr>
            <ns3:cad>85</ns3:cad>
          </ns3:TrackPointExtension>
        </extensions>
      </trkpt>
      <trkpt lat="55.632089115679264068603515625" lon="37.3220306821167469024658203125">
        <ele>192.8000030517578125</ele>
        <time>2026-09-26T06:13:05.000Z</time>
        <extensions>
          <ns3:TrackPointExtension>
            <ns3:hr>146</ns3:hr>
            <ns3:cad>85</ns3:cad>
          </ns3:TrackPointExtension>
        </extensions>
      </trkpt>
      <trkpt lat="55.63210420310497283935546875" lon="37.32206596992909908294677734375">
        <ele>192.399993896484375</ele>
        <time>2026-09-26T06:13:06.000Z</time>
        <extensions>
          <ns3:TrackPointExtension>
            <ns3:hr>146</ns3:hr>
            <ns3:cad>85</ns3:cad>
          </ns3:TrackPointExtension>
        </extensions>
      </trkpt>
      <trkpt lat="55.6321228109300136566162109375" lon="37.32210360467433929443359375">
        <ele>192</ele>
        <time>2026-09-26T06:13:07.000Z</time>
        <extensions>
          <ns3:TrackPointExtension>
            <ns3:hr>146</ns3:hr>
            <ns3:cad>85</ns3:cad>
          </ns3:TrackPointExtension>
        </extensions>
      </trkpt>
      <trkpt lat="55.63213731162250041961669921875" lon="37.3221436701714992523193359375">
        <ele>191.600006103515625</ele>
        <time>2026-09-26T06:13:08.000Z</time>
        <extensions>
          <ns3:TrackPointExtension>
            <ns3:hr>145</ns3:hr>
            <ns3:cad>84</ns3:cad>
          </ns3:TrackPointExtension>
        </extensions>
      </trkpt>
      <trkpt lat="55.63215860165655612945556640625" lon="37.322181053459644317626953125">
        <ele>191</ele>
        <time>2026-09-26T06:13:09.000Z</time>
        <extensions>
          <ns3:TrackPointExtension>
            <ns3:hr>146</ns3:hr>
            <ns3:cad>84</ns3:cad>
          </ns3:TrackPointExtension>
        </extensions>
      </trkpt>
      <trkpt lat="55.63218064606189727783203125" lon="37.3222187720239162445068359375">
        <ele>190.600006103515625</ele>
        <time>2026-09-26T06:13:10.000Z</time>
        <extensions>
          <ns3:TrackPointExtension>
            <ns3:hr>145</ns3:hr>
            <ns3:cad>84</ns3:cad>
          </ns3:TrackPointExtension>
        </extensions>
      </trkpt>
      <trkpt lat="55.6322027742862701416015625" lon="37.32224031351506710052490234375">
        <ele>190.1999969482421875</ele>
        <time>2026-09-26T06:13:11.000Z</time>
        <extensions>
          <ns3:TrackPointExtension>
            <ns3:hr>145</ns3:hr>
            <ns3:cad>84</ns3:cad>
          </ns3:TrackPointExtension>
        </extensions>
      </trkpt>
      <trkpt lat="55.63222381286323070526123046875" lon="37.32224483974277973175048828125">
        <ele>189.8000030517578125</ele>
        <time>2026-09-26T06:13:12.000Z</time>
        <extensions>
          <ns3:TrackPointExtension>
            <ns3:hr>145</ns3:hr>
            <ns3:cad>85</ns3:cad>
          </ns3:TrackPointExtension>
        </extensions>
      </trkpt>
      <trkpt lat="55.63223806209862232208251953125" lon="37.3222201131284236907958984375">
        <ele>189.8000030517578125</ele>
        <time>2026-09-26T06:13:13.000Z</time>
        <extensions>
          <ns3:TrackPointExtension>
            <ns3:hr>145</ns3:hr>
            <ns3:cad>86</ns3:cad>
          </ns3:TrackPointExtension>
        </extensions>
      </trkpt>
      <trkpt lat="55.63224795274436473846435546875" lon="37.32218801043927669525146484375">
        <ele>190</ele>
        <time>2026-09-26T06:13:14.000Z</time>
        <extensions>
          <ns3:TrackPointExtension>
            <ns3:hr>145</ns3:hr>
            <ns3:cad>86</ns3:cad>
          </ns3:TrackPointExtension>
        </extensions>
      </trkpt>
      <trkpt lat="55.63225851394236087799072265625" lon="37.3221584223210811614990234375">
        <ele>190.1999969482421875</ele>
        <time>2026-09-26T06:13:15.000Z</time>
        <extensions>
          <ns3:TrackPointExtension>
            <ns3:hr>146</ns3:hr>
            <ns3:cad>86</ns3:cad>
          </ns3:TrackPointExtension>
        </extensions>
      </trkpt>
      <trkpt lat="55.63227209262549877166748046875" lon="37.32212732546031475067138671875">
        <ele>190.1999969482421875</ele>
        <time>2026-09-26T06:13:16.000Z</time>
        <extensions>
          <ns3:TrackPointExtension>
            <ns3:hr>145</ns3:hr>
            <ns3:cad>87</ns3:cad>
          </ns3:TrackPointExtension>
        </extensions>
      </trkpt>
      <trkpt lat="55.632284246385097503662109375" lon="37.32209295965731143951416015625">
        <ele>190.399993896484375</ele>
        <time>2026-09-26T06:13:17.000Z</time>
        <extensions>
          <ns3:TrackPointExtension>
            <ns3:hr>145</ns3:hr>
            <ns3:cad>87</ns3:cad>
          </ns3:TrackPointExtension>
        </extensions>
      </trkpt>
      <trkpt lat="55.6322924606502056121826171875" lon="37.322055660188198089599609375">
        <ele>190.399993896484375</ele>
        <time>2026-09-26T06:13:18.000Z</time>
        <extensions>
          <ns3:TrackPointExtension>
            <ns3:hr>146</ns3:hr>
            <ns3:cad>87</ns3:cad>
          </ns3:TrackPointExtension>
        </extensions>
      </trkpt>
      <trkpt lat="55.63229891471564769744873046875" lon="37.32201467268168926239013671875">
        <ele>190.8000030517578125</ele>
        <time>2026-09-26T06:13:19.000Z</time>
        <extensions>
          <ns3:TrackPointExtension>
            <ns3:hr>145</ns3:hr>
            <ns3:cad>87</ns3:cad>
          </ns3:TrackPointExtension>
        </extensions>
      </trkpt>
      <trkpt lat="55.63230243511497974395751953125" lon="37.32196756638586521148681640625">
        <ele>191</ele>
        <time>2026-09-26T06:13:20.000Z</time>
        <extensions>
          <ns3:TrackPointExtension>
            <ns3:hr>145</ns3:hr>
            <ns3:cad>87</ns3:cad>
          </ns3:TrackPointExtension>
        </extensions>
      </trkpt>
      <trkpt lat="55.6323035247623920440673828125" lon="37.3219207115471363067626953125">
        <ele>191.1999969482421875</ele>
        <time>2026-09-26T06:13:21.000Z</time>
        <extensions>
          <ns3:TrackPointExtension>
            <ns3:hr>145</ns3:hr>
            <ns3:cad>87</ns3:cad>
          </ns3:TrackPointExtension>
        </extensions>
      </trkpt>
      <trkpt lat="55.63230402767658233642578125" lon="37.321880646049976348876953125">
        <ele>191.399993896484375</ele>
        <time>2026-09-26T06:13:22.000Z</time>
        <extensions>
          <ns3:TrackPointExtension>
            <ns3:hr>145</ns3:hr>
            <ns3:cad>87</ns3:cad>
          </ns3:TrackPointExtension>
        </extensions>
      </trkpt>
      <trkpt lat="55.63230478204786777496337890625" lon="37.32183680869638919830322265625">
        <ele>191.600006103515625</ele>
        <time>2026-09-26T06:13:23.000Z</time>
        <extensions>
          <ns3:TrackPointExtension>
            <ns3:hr>145</ns3:hr>
            <ns3:cad>87</ns3:cad>
          </ns3:TrackPointExtension>
        </extensions>
      </trkpt>
      <trkpt lat="55.6323065422475337982177734375" lon="37.32179607264697551727294921875">
        <ele>191.600006103515625</ele>
        <time>2026-09-26T06:13:24.000Z</time>
        <extensions>
          <ns3:TrackPointExtension>
            <ns3:hr>145</ns3:hr>
            <ns3:cad>87</ns3:cad>
          </ns3:TrackPointExtension>
        </extensions>
      </trkpt>
      <trkpt lat="55.63231031410396099090576171875" lon="37.3217527382075786590576171875">
        <ele>191.8000030517578125</ele>
        <time>2026-09-26T06:13:25.000Z</time>
        <extensions>
          <ns3:TrackPointExtension>
            <ns3:hr>144</ns3:hr>
            <ns3:cad>87</ns3:cad>
          </ns3:TrackPointExtension>
        </extensions>
      </trkpt>
      <trkpt lat="55.6323155947029590606689453125" lon="37.32171024195849895477294921875">
        <ele>191.8000030517578125</ele>
        <time>2026-09-26T06:13:26.000Z</time>
        <extensions>
          <ns3:TrackPointExtension>
            <ns3:hr>145</ns3:hr>
            <ns3:cad>87</ns3:cad>
          </ns3:TrackPointExtension>
        </extensions>
      </trkpt>
      <trkpt lat="55.63231836073100566864013671875" lon="37.321666069328784942626953125">
        <ele>192</ele>
        <time>2026-09-26T06:13:27.000Z</time>
        <extensions>
          <ns3:TrackPointExtension>
            <ns3:hr>145</ns3:hr>
            <ns3:cad>87</ns3:cad>
          </ns3:TrackPointExtension>
        </extensions>
      </trkpt>
      <trkpt lat="55.63232255168259143829345703125" lon="37.3216239921748638153076171875">
        <ele>191.8000030517578125</ele>
        <time>2026-09-26T06:13:28.000Z</time>
        <extensions>
          <ns3:TrackPointExtension>
            <ns3:hr>145</ns3:hr>
            <ns3:cad>86</ns3:cad>
          </ns3:TrackPointExtension>
        </extensions>
      </trkpt>
      <trkpt lat="55.63232489861547946929931640625" lon="37.3215824179351329803466796875">
        <ele>192</ele>
        <time>2026-09-26T06:13:29.000Z</time>
        <extensions>
          <ns3:TrackPointExtension>
            <ns3:hr>145</ns3:hr>
            <ns3:cad>86</ns3:cad>
          </ns3:TrackPointExtension>
        </extensions>
      </trkpt>
      <trkpt lat="55.6323253177106380462646484375" lon="37.32154193334281444549560546875">
        <ele>192</ele>
        <time>2026-09-26T06:13:30.000Z</time>
        <extensions>
          <ns3:TrackPointExtension>
            <ns3:hr>145</ns3:hr>
            <ns3:cad>87</ns3:cad>
          </ns3:TrackPointExtension>
        </extensions>
      </trkpt>
      <trkpt lat="55.632323808968067169189453125" lon="37.32150723226368427276611328125">
        <ele>192.1999969482421875</ele>
        <time>2026-09-26T06:13:31.000Z</time>
        <extensions>
          <ns3:TrackPointExtension>
            <ns3:hr>145</ns3:hr>
            <ns3:cad>87</ns3:cad>
          </ns3:TrackPointExtension>
        </extensions>
      </trkpt>
      <trkpt lat="55.63232221640646457672119140625" lon="37.32147336937487125396728515625">
        <ele>192.399993896484375</ele>
        <time>2026-09-26T06:13:32.000Z</time>
        <extensions>
          <ns3:TrackPointExtension>
            <ns3:hr>145</ns3:hr>
            <ns3:cad>87</ns3:cad>
          </ns3:TrackPointExtension>
        </extensions>
      </trkpt>
      <trkpt lat="55.6323233060538768768310546875" lon="37.32143514789640903472900390625">
        <ele>192.399993896484375</ele>
        <time>2026-09-26T06:13:33.000Z</time>
        <extensions>
          <ns3:TrackPointExtension>
            <ns3:hr>145</ns3:hr>
            <ns3:cad>87</ns3:cad>
          </ns3:TrackPointExtension>
        </extensions>
      </trkpt>
      <trkpt lat="55.63232741318643093109130859375" lon="37.32139022089540958404541015625">
        <ele>192.600006103515625</ele>
        <time>2026-09-26T06:13:34.000Z</time>
        <extensions>
          <ns3:TrackPointExtension>
            <ns3:hr>146</ns3:hr>
            <ns3:cad>87</ns3:cad>
          </ns3:TrackPointExtension>
        </extensions>
      </trkpt>
      <trkpt lat="55.6323342025279998779296875" lon="37.3213517479598522186279296875">
        <ele>192.399993896484375</ele>
        <time>2026-09-26T06:13:35.000Z</time>
        <extensions>
          <ns3:TrackPointExtension>
            <ns3:hr>146</ns3:hr>
            <ns3:cad>87</ns3:cad>
          </ns3:TrackPointExtension>
        </extensions>
      </trkpt>
      <trkpt lat="55.6323387287557125091552734375" lon="37.3213074915111064910888671875">
        <ele>192.1999969482421875</ele>
        <time>2026-09-26T06:13:36.000Z</time>
        <extensions>
          <ns3:TrackPointExtension>
            <ns3:hr>146</ns3:hr>
            <ns3:cad>87</ns3:cad>
          </ns3:TrackPointExtension>
        </extensions>
      </trkpt>
      <trkpt lat="55.63234702683985233306884765625" lon="37.32126516290009021759033203125">
        <ele>191.8000030517578125</ele>
        <time>2026-09-26T06:13:37.000Z</time>
        <extensions>
          <ns3:TrackPointExtension>
            <ns3:hr>146</ns3:hr>
            <ns3:cad>87</ns3:cad>
          </ns3:TrackPointExtension>
        </extensions>
      </trkpt>
      <trkpt lat="55.6323541514575481414794921875" lon="37.3212258517742156982421875">
        <ele>191.600006103515625</ele>
        <time>2026-09-26T06:13:38.000Z</time>
        <extensions>
          <ns3:TrackPointExtension>
            <ns3:hr>147</ns3:hr>
            <ns3:cad>87</ns3:cad>
          </ns3:TrackPointExtension>
        </extensions>
      </trkpt>
      <trkpt lat="55.63236010260879993438720703125" lon="37.32118385843932628631591796875">
        <ele>191.1999969482421875</ele>
        <time>2026-09-26T06:13:39.000Z</time>
        <extensions>
          <ns3:TrackPointExtension>
            <ns3:hr>147</ns3:hr>
            <ns3:cad>87</ns3:cad>
          </ns3:TrackPointExtension>
        </extensions>
      </trkpt>
      <trkpt lat="55.6323635391891002655029296875" lon="37.321142368018627166748046875">
        <ele>191.1999969482421875</ele>
        <time>2026-09-26T06:13:40.000Z</time>
        <extensions>
          <ns3:TrackPointExtension>
            <ns3:hr>148</ns3:hr>
            <ns3:cad>87</ns3:cad>
          </ns3:TrackPointExtension>
        </extensions>
      </trkpt>
      <trkpt lat="55.6323702447116374969482421875" lon="37.32110171578824520111083984375">
        <ele>191</ele>
        <time>2026-09-26T06:13:41.000Z</time>
        <extensions>
          <ns3:TrackPointExtension>
            <ns3:hr>148</ns3:hr>
            <ns3:cad>87</ns3:cad>
          </ns3:TrackPointExtension>
        </extensions>
      </trkpt>
      <trkpt lat="55.63237317837774753570556640625" lon="37.32105980627238750457763671875">
        <ele>191</ele>
        <time>2026-09-26T06:13:42.000Z</time>
        <extensions>
          <ns3:TrackPointExtension>
            <ns3:hr>148</ns3:hr>
            <ns3:cad>87</ns3:cad>
          </ns3:TrackPointExtension>
        </extensions>
      </trkpt>
      <trkpt lat="55.63237753696739673614501953125" lon="37.32101554982364177703857421875">
        <ele>190.8000030517578125</ele>
        <time>2026-09-26T06:13:43.000Z</time>
        <extensions>
          <ns3:TrackPointExtension>
            <ns3:hr>148</ns3:hr>
            <ns3:cad>87</ns3:cad>
          </ns3:TrackPointExtension>
        </extensions>
      </trkpt>
      <trkpt lat="55.63238441012799739837646484375" lon="37.320974729955196380615234375">
        <ele>190.399993896484375</ele>
        <time>2026-09-26T06:13:44.000Z</time>
        <extensions>
          <ns3:TrackPointExtension>
            <ns3:hr>148</ns3:hr>
            <ns3:cad>87</ns3:cad>
          </ns3:TrackPointExtension>
        </extensions>
      </trkpt>
      <trkpt lat="55.632388852536678314208984375" lon="37.32093726284801959991455078125">
        <ele>190.1999969482421875</ele>
        <time>2026-09-26T06:13:45.000Z</time>
        <extensions>
          <ns3:TrackPointExtension>
            <ns3:hr>148</ns3:hr>
            <ns3:cad>86</ns3:cad>
          </ns3:TrackPointExtension>
        </extensions>
      </trkpt>
      <trkpt lat="55.63239119946956634521484375" lon="37.320893593132495880126953125">
        <ele>190</ele>
        <time>2026-09-26T06:13:46.000Z</time>
        <extensions>
          <ns3:TrackPointExtension>
            <ns3:hr>148</ns3:hr>
            <ns3:cad>86</ns3:cad>
          </ns3:TrackPointExtension>
        </extensions>
      </trkpt>
      <trkpt lat="55.63239379785954952239990234375" lon="37.32084891758859157562255859375">
        <ele>190</ele>
        <time>2026-09-26T06:13:47.000Z</time>
        <extensions>
          <ns3:TrackPointExtension>
            <ns3:hr>148</ns3:hr>
            <ns3:cad>86</ns3:cad>
          </ns3:TrackPointExtension>
        </extensions>
      </trkpt>
      <trkpt lat="55.632390193641185760498046875" lon="37.32080809772014617919921875">
        <ele>190.1999969482421875</ele>
        <time>2026-09-26T06:13:48.000Z</time>
        <extensions>
          <ns3:TrackPointExtension>
            <ns3:hr>148</ns3:hr>
            <ns3:cad>86</ns3:cad>
          </ns3:TrackPointExtension>
        </extensions>
      </trkpt>
      <trkpt lat="55.63238239847123622894287109375" lon="37.32076786458492279052734375">
        <ele>190.1999969482421875</ele>
        <time>2026-09-26T06:13:49.000Z</time>
        <extensions>
          <ns3:TrackPointExtension>
            <ns3:hr>148</ns3:hr>
            <ns3:cad>87</ns3:cad>
          </ns3:TrackPointExtension>
        </extensions>
      </trkpt>
      <trkpt lat="55.632375441491603851318359375" lon="37.32072897255420684814453125">
        <ele>190.1999969482421875</ele>
        <time>2026-09-26T06:13:50.000Z</time>
        <extensions>
          <ns3:TrackPointExtension>
            <ns3:hr>148</ns3:hr>
            <ns3:cad>87</ns3:cad>
          </ns3:TrackPointExtension>
        </extensions>
      </trkpt>
      <trkpt lat="55.63236705958843231201171875" lon="37.320687733590602874755859375">
        <ele>190</ele>
        <time>2026-09-26T06:13:51.000Z</time>
        <extensions>
          <ns3:TrackPointExtension>
            <ns3:hr>148</ns3:hr>
            <ns3:cad>87</ns3:cad>
          </ns3:TrackPointExtension>
        </extensions>
      </trkpt>
      <trkpt lat="55.63236110843718051910400390625" lon="37.320646829903125762939453125">
        <ele>190</ele>
        <time>2026-09-26T06:13:52.000Z</time>
        <extensions>
          <ns3:TrackPointExtension>
            <ns3:hr>148</ns3:hr>
            <ns3:cad>87</ns3:cad>
          </ns3:TrackPointExtension>
        </extensions>
      </trkpt>
      <trkpt lat="55.63235607929527759552001953125" lon="37.32060693204402923583984375">
        <ele>190</ele>
        <time>2026-09-26T06:13:53.000Z</time>
        <extensions>
          <ns3:TrackPointExtension>
            <ns3:hr>148</ns3:hr>
            <ns3:cad>88</ns3:cad>
          </ns3:TrackPointExtension>
        </extensions>
      </trkpt>
      <trkpt lat="55.63235272653400897979736328125" lon="37.3205672018229961395263671875">
        <ele>190</ele>
        <time>2026-09-26T06:13:54.000Z</time>
        <extensions>
          <ns3:TrackPointExtension>
            <ns3:hr>148</ns3:hr>
            <ns3:cad>88</ns3:cad>
          </ns3:TrackPointExtension>
        </extensions>
      </trkpt>
      <trkpt lat="55.63235239125788211822509765625" lon="37.32052621431648731231689453125">
        <ele>190</ele>
        <time>2026-09-26T06:13:55.000Z</time>
        <extensions>
          <ns3:TrackPointExtension>
            <ns3:hr>148</ns3:hr>
            <ns3:cad>88</ns3:cad>
          </ns3:TrackPointExtension>
        </extensions>
      </trkpt>
      <trkpt lat="55.63235289417207241058349609375" lon="37.32048011384904384613037109375">
        <ele>190</ele>
        <time>2026-09-26T06:13:56.000Z</time>
        <extensions>
          <ns3:TrackPointExtension>
            <ns3:hr>148</ns3:hr>
            <ns3:cad>88</ns3:cad>
          </ns3:TrackPointExtension>
        </extensions>
      </trkpt>
      <trkpt lat="55.63235054723918437957763671875" lon="37.32043853960931301116943359375">
        <ele>190</ele>
        <time>2026-09-26T06:13:57.000Z</time>
        <extensions>
          <ns3:TrackPointExtension>
            <ns3:hr>148</ns3:hr>
            <ns3:cad>89</ns3:cad>
          </ns3:TrackPointExtension>
        </extensions>
      </trkpt>
      <trkpt lat="55.632353983819484710693359375" lon="37.32039394788444042205810546875">
        <ele>190</ele>
        <time>2026-09-26T06:13:58.000Z</time>
        <extensions>
          <ns3:TrackPointExtension>
            <ns3:hr>148</ns3:hr>
            <ns3:cad>89</ns3:cad>
          </ns3:TrackPointExtension>
        </extensions>
      </trkpt>
      <trkpt lat="55.63236312009394168853759765625" lon="37.32035748660564422607421875">
        <ele>189.8000030517578125</ele>
        <time>2026-09-26T06:13:59.000Z</time>
        <extensions>
          <ns3:TrackPointExtension>
            <ns3:hr>148</ns3:hr>
            <ns3:cad>88</ns3:cad>
          </ns3:TrackPointExtension>
        </extensions>
      </trkpt>
      <trkpt lat="55.63237586058676242828369140625" lon="37.32031993567943572998046875">
        <ele>189.8000030517578125</ele>
        <time>2026-09-26T06:14:00.000Z</time>
        <extensions>
          <ns3:TrackPointExtension>
            <ns3:hr>148</ns3:hr>
            <ns3:cad>87</ns3:cad>
          </ns3:TrackPointExtension>
        </extensions>
      </trkpt>
      <trkpt lat="55.63239145092666149139404296875" lon="37.32028649188578128814697265625">
        <ele>189.8000030517578125</ele>
        <time>2026-09-26T06:14:01.000Z</time>
        <extensions>
          <ns3:TrackPointExtension>
            <ns3:hr>147</ns3:hr>
            <ns3:cad>87</ns3:cad>
          </ns3:TrackPointExtension>
        </extensions>
      </trkpt>
      <trkpt lat="55.63240385614335536956787109375" lon="37.32025380246341228485107421875">
        <ele>189.8000030517578125</ele>
        <time>2026-09-26T06:14:02.000Z</time>
        <extensions>
          <ns3:TrackPointExtension>
            <ns3:hr>148</ns3:hr>
            <ns3:cad>87</ns3:cad>
          </ns3:TrackPointExtension>
        </extensions>
      </trkpt>
      <trkpt lat="55.6324131600558757781982421875" lon="37.3202148266136646270751953125">
        <ele>190</ele>
        <time>2026-09-26T06:14:03.000Z</time>
        <extensions>
          <ns3:TrackPointExtension>
            <ns3:hr>148</ns3:hr>
            <ns3:cad>86</ns3:cad>
          </ns3:TrackPointExtension>
        </extensions>
      </trkpt>
      <trkpt lat="55.63241760246455669403076171875" lon="37.3201752640306949615478515625">
        <ele>190</ele>
        <time>2026-09-26T06:14:04.000Z</time>
        <extensions>
          <ns3:TrackPointExtension>
            <ns3:hr>147</ns3:hr>
            <ns3:cad>86</ns3:cad>
          </ns3:TrackPointExtension>
        </extensions>
      </trkpt>
      <trkpt lat="55.63242212869226932525634765625" lon="37.32013285160064697265625">
        <ele>190.1999969482421875</ele>
        <time>2026-09-26T06:14:05.000Z</time>
        <extensions>
          <ns3:TrackPointExtension>
            <ns3:hr>147</ns3:hr>
            <ns3:cad>86</ns3:cad>
          </ns3:TrackPointExtension>
        </extensions>
      </trkpt>
      <trkpt lat="55.632425062358379364013671875" lon="37.32008851133286952972412109375">
        <ele>190.1999969482421875</ele>
        <time>2026-09-26T06:14:06.000Z</time>
        <extensions>
          <ns3:TrackPointExtension>
            <ns3:hr>147</ns3:hr>
            <ns3:cad>86</ns3:cad>
          </ns3:TrackPointExtension>
        </extensions>
      </trkpt>
      <trkpt lat="55.63242883421480655670166015625" lon="37.320042662322521209716796875">
        <ele>190.1999969482421875</ele>
        <time>2026-09-26T06:14:07.000Z</time>
        <extensions>
          <ns3:TrackPointExtension>
            <ns3:hr>147</ns3:hr>
            <ns3:cad>86</ns3:cad>
          </ns3:TrackPointExtension>
        </extensions>
      </trkpt>
      <trkpt lat="55.6324339471757411956787109375" lon="37.31999865733087062835693359375">
        <ele>190.1999969482421875</ele>
        <time>2026-09-26T06:14:08.000Z</time>
        <extensions>
          <ns3:TrackPointExtension>
            <ns3:hr>146</ns3:hr>
            <ns3:cad>86</ns3:cad>
          </ns3:TrackPointExtension>
        </extensions>
      </trkpt>
      <trkpt lat="55.63243973068892955780029296875" lon="37.31995389796793460845947265625">
        <ele>190</ele>
        <time>2026-09-26T06:14:09.000Z</time>
        <extensions>
          <ns3:TrackPointExtension>
            <ns3:hr>147</ns3:hr>
            <ns3:cad>87</ns3:cad>
          </ns3:TrackPointExtension>
        </extensions>
      </trkpt>
      <trkpt lat="55.6324446760118007659912109375" lon="37.31990980915725231170654296875">
        <ele>190</ele>
        <time>2026-09-26T06:14:10.000Z</time>
        <extensions>
          <ns3:TrackPointExtension>
            <ns3:hr>146</ns3:hr>
            <ns3:cad>87</ns3:cad>
          </ns3:TrackPointExtension>
        </extensions>
      </trkpt>
      <trkpt lat="55.63244995661079883575439453125" lon="37.3198658041656017303466796875">
        <ele>190</ele>
        <time>2026-09-26T06:14:11.000Z</time>
        <extensions>
          <ns3:TrackPointExtension>
            <ns3:hr>146</ns3:hr>
            <ns3:cad>86</ns3:cad>
          </ns3:TrackPointExtension>
        </extensions>
      </trkpt>
      <trkpt lat="55.6324527226388454437255859375" lon="37.31982171535491943359375">
        <ele>190</ele>
        <time>2026-09-26T06:14:12.000Z</time>
        <extensions>
          <ns3:TrackPointExtension>
            <ns3:hr>146</ns3:hr>
            <ns3:cad>86</ns3:cad>
          </ns3:TrackPointExtension>
        </extensions>
      </trkpt>
      <trkpt lat="55.63245733268558979034423828125" lon="37.319778464734554290771484375">
        <ele>189.8000030517578125</ele>
        <time>2026-09-26T06:14:13.000Z</time>
        <extensions>
          <ns3:TrackPointExtension>
            <ns3:hr>147</ns3:hr>
            <ns3:cad>87</ns3:cad>
          </ns3:TrackPointExtension>
        </extensions>
      </trkpt>
      <trkpt lat="55.63246688805520534515380859375" lon="37.31973513029515743255615234375">
        <ele>189.8000030517578125</ele>
        <time>2026-09-26T06:14:14.000Z</time>
        <extensions>
          <ns3:TrackPointExtension>
            <ns3:hr>146</ns3:hr>
            <ns3:cad>87</ns3:cad>
          </ns3:TrackPointExtension>
        </extensions>
      </trkpt>
      <trkpt lat="55.632478706538677215576171875" lon="37.31969766318798065185546875">
        <ele>189.600006103515625</ele>
        <time>2026-09-26T06:14:15.000Z</time>
        <extensions>
          <ns3:TrackPointExtension>
            <ns3:hr>146</ns3:hr>
            <ns3:cad>87</ns3:cad>
          </ns3:TrackPointExtension>
        </extensions>
      </trkpt>
      <trkpt lat="55.63249002210795879364013671875" lon="37.3196542449295520782470703125">
        <ele>189.600006103515625</ele>
        <time>2026-09-26T06:14:16.000Z</time>
        <extensions>
          <ns3:TrackPointExtension>
            <ns3:hr>147</ns3:hr>
            <ns3:cad>87</ns3:cad>
          </ns3:TrackPointExtension>
        </extensions>
      </trkpt>
      <trkpt lat="55.632498823106288909912109375" lon="37.319608815014362335205078125">
        <ele>189.399993896484375</ele>
        <time>2026-09-26T06:14:17.000Z</time>
        <extensions>
          <ns3:TrackPointExtension>
            <ns3:hr>146</ns3:hr>
            <ns3:cad>87</ns3:cad>
          </ns3:TrackPointExtension>
        </extensions>
      </trkpt>
      <trkpt lat="55.632505528628826141357421875" lon="37.3195647262036800384521484375">
        <ele>189.1999969482421875</ele>
        <time>2026-09-26T06:14:18.000Z</time>
        <extensions>
          <ns3:TrackPointExtension>
            <ns3:hr>146</ns3:hr>
            <ns3:cad>87</ns3:cad>
          </ns3:TrackPointExtension>
        </extensions>
      </trkpt>
      <trkpt lat="55.63251164741814136505126953125" lon="37.319522313773632049560546875">
        <ele>189</ele>
        <time>2026-09-26T06:14:19.000Z</time>
        <extensions>
          <ns3:TrackPointExtension>
            <ns3:hr>146</ns3:hr>
            <ns3:cad>87</ns3:cad>
          </ns3:TrackPointExtension>
        </extensions>
      </trkpt>
      <trkpt lat="55.63251483254134654998779296875" lon="37.31947612948715686798095703125">
        <ele>188.600006103515625</ele>
        <time>2026-09-26T06:14:20.000Z</time>
        <extensions>
          <ns3:TrackPointExtension>
            <ns3:hr>146</ns3:hr>
            <ns3:cad>87</ns3:cad>
          </ns3:TrackPointExtension>
        </extensions>
      </trkpt>
      <trkpt lat="55.6325184367597103118896484375" lon="37.3194314539432525634765625">
        <ele>188.399993896484375</ele>
        <time>2026-09-26T06:14:21.000Z</time>
        <extensions>
          <ns3:TrackPointExtension>
            <ns3:hr>146</ns3:hr>
            <ns3:cad>87</ns3:cad>
          </ns3:TrackPointExtension>
        </extensions>
      </trkpt>
      <trkpt lat="55.632520951330661773681640625" lon="37.31938627548515796661376953125">
        <ele>188.1999969482421875</ele>
        <time>2026-09-26T06:14:22.000Z</time>
        <extensions>
          <ns3:TrackPointExtension>
            <ns3:hr>146</ns3:hr>
            <ns3:cad>87</ns3:cad>
          </ns3:TrackPointExtension>
        </extensions>
      </trkpt>
      <trkpt lat="55.6325244717299938201904296875" lon="37.31933950446546077728271484375">
        <ele>188.1999969482421875</ele>
        <time>2026-09-26T06:14:23.000Z</time>
        <extensions>
          <ns3:TrackPointExtension>
            <ns3:hr>146</ns3:hr>
            <ns3:cad>86</ns3:cad>
          </ns3:TrackPointExtension>
        </extensions>
      </trkpt>
      <trkpt lat="55.63252799212932586669921875" lon="37.3192948289215564727783203125">
        <ele>188.1999969482421875</ele>
        <time>2026-09-26T06:14:24.000Z</time>
        <extensions>
          <ns3:TrackPointExtension>
            <ns3:hr>147</ns3:hr>
            <ns3:cad>86</ns3:cad>
          </ns3:TrackPointExtension>
        </extensions>
      </trkpt>
      <trkpt lat="55.63253545202314853668212890625" lon="37.31924436986446380615234375">
        <ele>188</ele>
        <time>2026-09-26T06:14:25.000Z</time>
        <extensions>
          <ns3:TrackPointExtension>
            <ns3:hr>147</ns3:hr>
            <ns3:cad>87</ns3:cad>
          </ns3:TrackPointExtension>
        </extensions>
      </trkpt>
      <trkpt lat="55.63254098407924175262451171875" lon="37.319199778139591217041015625">
        <ele>188</ele>
        <time>2026-09-26T06:14:26.000Z</time>
        <extensions>
          <ns3:TrackPointExtension>
            <ns3:hr>147</ns3:hr>
            <ns3:cad>87</ns3:cad>
          </ns3:TrackPointExtension>
        </extensions>
      </trkpt>
      <trkpt lat="55.63254215754568576812744140625" lon="37.31915443204343318939208984375">
        <ele>188</ele>
        <time>2026-09-26T06:14:27.000Z</time>
        <extensions>
          <ns3:TrackPointExtension>
            <ns3:hr>147</ns3:hr>
            <ns3:cad>87</ns3:cad>
          </ns3:TrackPointExtension>
        </extensions>
      </trkpt>
      <trkpt lat="55.6325398944318294525146484375" lon="37.31911118142306804656982421875">
        <ele>188</ele>
        <time>2026-09-26T06:14:28.000Z</time>
        <extensions>
          <ns3:TrackPointExtension>
            <ns3:hr>147</ns3:hr>
            <ns3:cad>87</ns3:cad>
          </ns3:TrackPointExtension>
        </extensions>
      </trkpt>
      <trkpt lat="55.63253561966121196746826171875" lon="37.3190611414611339569091796875">
        <ele>188</ele>
        <time>2026-09-26T06:14:29.000Z</time>
        <extensions>
          <ns3:TrackPointExtension>
            <ns3:hr>146</ns3:hr>
            <ns3:cad>87</ns3:cad>
          </ns3:TrackPointExtension>
        </extensions>
      </trkpt>
      <trkpt lat="55.6325353682041168212890625" lon="37.31901596300303936004638671875">
        <ele>188</ele>
        <time>2026-09-26T06:14:30.000Z</time>
        <extensions>
          <ns3:TrackPointExtension>
            <ns3:hr>146</ns3:hr>
            <ns3:cad>86</ns3:cad>
          </ns3:TrackPointExtension>
        </extensions>
      </trkpt>
      <trkpt lat="55.63253444619476795196533203125" lon="37.31897086836397647857666015625">
        <ele>188</ele>
        <time>2026-09-26T06:14:31.000Z</time>
        <extensions>
          <ns3:TrackPointExtension>
            <ns3:hr>146</ns3:hr>
            <ns3:cad>86</ns3:cad>
          </ns3:TrackPointExtension>
        </extensions>
      </trkpt>
      <trkpt lat="55.6325328536331653594970703125" lon="37.3189270310103893280029296875">
        <ele>188</ele>
        <time>2026-09-26T06:14:32.000Z</time>
        <extensions>
          <ns3:TrackPointExtension>
            <ns3:hr>146</ns3:hr>
            <ns3:cad>88</ns3:cad>
          </ns3:TrackPointExtension>
        </extensions>
      </trkpt>
      <trkpt lat="55.63253126107156276702880859375" lon="37.318880595266819000244140625">
        <ele>188</ele>
        <time>2026-09-26T06:14:33.000Z</time>
        <extensions>
          <ns3:TrackPointExtension>
            <ns3:hr>147</ns3:hr>
            <ns3:cad>88</ns3:cad>
          </ns3:TrackPointExtension>
        </extensions>
      </trkpt>
      <trkpt lat="55.632529668509960174560546875" lon="37.31883709318935871124267578125">
        <ele>188.1999969482421875</ele>
        <time>2026-09-26T06:14:34.000Z</time>
        <extensions>
          <ns3:TrackPointExtension>
            <ns3:hr>147</ns3:hr>
            <ns3:cad>87</ns3:cad>
          </ns3:TrackPointExtension>
        </extensions>
      </trkpt>
      <trkpt lat="55.6325207836925983428955078125" lon="37.31880021281540393829345703125">
        <ele>188.1999969482421875</ele>
        <time>2026-09-26T06:14:35.000Z</time>
        <extensions>
          <ns3:TrackPointExtension>
            <ns3:hr>147</ns3:hr>
            <ns3:cad>87</ns3:cad>
          </ns3:TrackPointExtension>
        </extensions>
      </trkpt>
      <trkpt lat="55.6325030140578746795654296875" lon="37.31876417063176631927490234375">
        <ele>188.399993896484375</ele>
        <time>2026-09-26T06:14:36.000Z</time>
        <extensions>
          <ns3:TrackPointExtension>
            <ns3:hr>147</ns3:hr>
            <ns3:cad>86</ns3:cad>
          </ns3:TrackPointExtension>
        </extensions>
      </trkpt>
      <trkpt lat="55.63249069266021251678466796875" lon="37.3187319003045558929443359375">
        <ele>188.600006103515625</ele>
        <time>2026-09-26T06:14:37.000Z</time>
        <extensions>
          <ns3:TrackPointExtension>
            <ns3:hr>147</ns3:hr>
            <ns3:cad>86</ns3:cad>
          </ns3:TrackPointExtension>
        </extensions>
      </trkpt>
      <trkpt lat="55.632483065128326416015625" lon="37.31869124807417392730712890625">
        <ele>188.8000030517578125</ele>
        <time>2026-09-26T06:14:38.000Z</time>
        <extensions>
          <ns3:TrackPointExtension>
            <ns3:hr>147</ns3:hr>
            <ns3:cad>86</ns3:cad>
          </ns3:TrackPointExtension>
        </extensions>
      </trkpt>
      <trkpt lat="55.6324817240238189697265625" lon="37.31865084730088710784912109375">
        <ele>188.8000030517578125</ele>
        <time>2026-09-26T06:14:39.000Z</time>
        <extensions>
          <ns3:TrackPointExtension>
            <ns3:hr>148</ns3:hr>
            <ns3:cad>87</ns3:cad>
          </ns3:TrackPointExtension>
        </extensions>
      </trkpt>
      <trkpt lat="55.63248331658542156219482421875" lon="37.31861002743244171142578125">
        <ele>188.8000030517578125</ele>
        <time>2026-09-26T06:14:40.000Z</time>
        <extensions>
          <ns3:TrackPointExtension>
            <ns3:hr>147</ns3:hr>
            <ns3:cad>87</ns3:cad>
          </ns3:TrackPointExtension>
        </extensions>
      </trkpt>
      <trkpt lat="55.6324844062328338623046875" lon="37.318572811782360076904296875">
        <ele>188.8000030517578125</ele>
        <time>2026-09-26T06:14:41.000Z</time>
        <extensions>
          <ns3:TrackPointExtension>
            <ns3:hr>147</ns3:hr>
            <ns3:cad>87</ns3:cad>
          </ns3:TrackPointExtension>
        </extensions>
      </trkpt>
      <trkpt lat="55.63248449005186557769775390625" lon="37.31853232719004154205322265625">
        <ele>188.8000030517578125</ele>
        <time>2026-09-26T06:14:42.000Z</time>
        <extensions>
          <ns3:TrackPointExtension>
            <ns3:hr>147</ns3:hr>
            <ns3:cad>87</ns3:cad>
          </ns3:TrackPointExtension>
        </extensions>
      </trkpt>
      <trkpt lat="55.63248180784285068511962890625" lon="37.31849041767418384552001953125">
        <ele>188.8000030517578125</ele>
        <time>2026-09-26T06:14:43.000Z</time>
        <extensions>
          <ns3:TrackPointExtension>
            <ns3:hr>146</ns3:hr>
            <ns3:cad>87</ns3:cad>
          </ns3:TrackPointExtension>
        </extensions>
      </trkpt>
      <trkpt lat="55.6324748508632183074951171875" lon="37.3184495978057384490966796875">
        <ele>188.8000030517578125</ele>
        <time>2026-09-26T06:14:44.000Z</time>
        <extensions>
          <ns3:TrackPointExtension>
            <ns3:hr>146</ns3:hr>
            <ns3:cad>87</ns3:cad>
          </ns3:TrackPointExtension>
        </extensions>
      </trkpt>
      <trkpt lat="55.6324580870568752288818359375" lon="37.31840743683278560638427734375">
        <ele>189.1999969482421875</ele>
        <time>2026-09-26T06:14:45.000Z</time>
        <extensions>
          <ns3:TrackPointExtension>
            <ns3:hr>146</ns3:hr>
            <ns3:cad>87</ns3:cad>
          </ns3:TrackPointExtension>
        </extensions>
      </trkpt>
      <trkpt lat="55.63244040124118328094482421875" lon="37.31836737133562564849853515625">
        <ele>189.399993896484375</ele>
        <time>2026-09-26T06:14:46.000Z</time>
        <extensions>
          <ns3:TrackPointExtension>
            <ns3:hr>146</ns3:hr>
            <ns3:cad>87</ns3:cad>
          </ns3:TrackPointExtension>
        </extensions>
      </trkpt>
      <trkpt lat="55.63242070376873016357421875" lon="37.31833602301776409149169921875">
        <ele>189.600006103515625</ele>
        <time>2026-09-26T06:14:47.000Z</time>
        <extensions>
          <ns3:TrackPointExtension>
            <ns3:hr>146</ns3:hr>
            <ns3:cad>87</ns3:cad>
          </ns3:TrackPointExtension>
        </extensions>
      </trkpt>
      <trkpt lat="55.6324034370481967926025390625" lon="37.31831003911793231964111328125">
        <ele>190</ele>
        <time>2026-09-26T06:14:48.000Z</time>
        <extensions>
          <ns3:TrackPointExtension>
            <ns3:hr>147</ns3:hr>
            <ns3:cad>87</ns3:cad>
          </ns3:TrackPointExtension>
        </extensions>
      </trkpt>
      <trkpt lat="55.63238759525120258331298828125" lon="37.31827869080007076263427734375">
        <ele>190.1999969482421875</ele>
        <time>2026-09-26T06:14:49.000Z</time>
        <extensions>
          <ns3:TrackPointExtension>
            <ns3:hr>146</ns3:hr>
            <ns3:cad>87</ns3:cad>
          </ns3:TrackPointExtension>
        </extensions>
      </trkpt>
      <trkpt lat="55.63237485475838184356689453125" lon="37.3182430677115917205810546875">
        <ele>190.399993896484375</ele>
        <time>2026-09-26T06:14:50.000Z</time>
        <extensions>
          <ns3:TrackPointExtension>
            <ns3:hr>147</ns3:hr>
            <ns3:cad>87</ns3:cad>
          </ns3:TrackPointExtension>
        </extensions>
      </trkpt>
      <trkpt lat="55.63235809095203876495361328125" lon="37.31820794753730297088623046875">
        <ele>190.600006103515625</ele>
        <time>2026-09-26T06:14:51.000Z</time>
        <extensions>
          <ns3:TrackPointExtension>
            <ns3:hr>147</ns3:hr>
            <ns3:cad>87</ns3:cad>
          </ns3:TrackPointExtension>
        </extensions>
      </trkpt>
      <trkpt lat="55.6323387287557125091552734375" lon="37.3181770183145999908447265625">
        <ele>190.8000030517578125</ele>
        <time>2026-09-26T06:14:52.000Z</time>
        <extensions>
          <ns3:TrackPointExtension>
            <ns3:hr>147</ns3:hr>
            <ns3:cad>87</ns3:cad>
          </ns3:TrackPointExtension>
        </extensions>
      </trkpt>
      <trkpt lat="55.63231819309294223785400390625" lon="37.318144328892230987548828125">
        <ele>191.1999969482421875</ele>
        <time>2026-09-26T06:14:53.000Z</time>
        <extensions>
          <ns3:TrackPointExtension>
            <ns3:hr>147</ns3:hr>
            <ns3:cad>87</ns3:cad>
          </ns3:TrackPointExtension>
        </extensions>
      </trkpt>
      <trkpt lat="55.632299669086933135986328125" lon="37.31811247766017913818359375">
        <ele>191.399993896484375</ele>
        <time>2026-09-26T06:14:54.000Z</time>
        <extensions>
          <ns3:TrackPointExtension>
            <ns3:hr>147</ns3:hr>
            <ns3:cad>88</ns3:cad>
          </ns3:TrackPointExtension>
        </extensions>
      </trkpt>
      <trkpt lat="55.63228189945220947265625" lon="37.3180801235139369964599609375">
        <ele>191.600006103515625</ele>
        <time>2026-09-26T06:14:55.000Z</time>
        <extensions>
          <ns3:TrackPointExtension>
            <ns3:hr>147</ns3:hr>
            <ns3:cad>88</ns3:cad>
          </ns3:TrackPointExtension>
        </extensions>
      </trkpt>
      <trkpt lat="55.63226354308426380157470703125" lon="37.318046092987060546875">
        <ele>192</ele>
        <time>2026-09-26T06:14:56.000Z</time>
        <extensions>
          <ns3:TrackPointExtension>
            <ns3:hr>147</ns3:hr>
            <ns3:cad>88</ns3:cad>
          </ns3:TrackPointExtension>
        </extensions>
      </trkpt>
      <trkpt lat="55.63224577344954013824462890625" lon="37.31801784597337245941162109375">
        <ele>192.1999969482421875</ele>
        <time>2026-09-26T06:14:57.000Z</time>
        <extensions>
          <ns3:TrackPointExtension>
            <ns3:hr>148</ns3:hr>
            <ns3:cad>88</ns3:cad>
          </ns3:TrackPointExtension>
        </extensions>
      </trkpt>
      <trkpt lat="55.632227249443531036376953125" lon="37.31799018569290637969970703125">
        <ele>192.600006103515625</ele>
        <time>2026-09-26T06:14:58.000Z</time>
        <extensions>
          <ns3:TrackPointExtension>
            <ns3:hr>148</ns3:hr>
            <ns3:cad>88</ns3:cad>
          </ns3:TrackPointExtension>
        </extensions>
      </trkpt>
      <trkpt lat="55.63221325166523456573486328125" lon="37.31796420179307460784912109375">
        <ele>192.600006103515625</ele>
        <time>2026-09-26T06:14:59.000Z</time>
        <extensions>
          <ns3:TrackPointExtension>
            <ns3:hr>148</ns3:hr>
            <ns3:cad>88</ns3:cad>
          </ns3:TrackPointExtension>
        </extensions>
      </trkpt>
      <trkpt lat="55.6322002597153186798095703125" lon="37.31793679296970367431640625">
        <ele>192.8000030517578125</ele>
        <time>2026-09-26T06:15:00.000Z</time>
        <extensions>
          <ns3:TrackPointExtension>
            <ns3:hr>148</ns3:hr>
            <ns3:cad>87</ns3:cad>
          </ns3:TrackPointExtension>
        </extensions>
      </trkpt>
      <trkpt lat="55.63219062052667140960693359375" lon="37.31790460646152496337890625">
        <ele>193</ele>
        <time>2026-09-26T06:15:01.000Z</time>
        <extensions>
          <ns3:TrackPointExtension>
            <ns3:hr>147</ns3:hr>
            <ns3:cad>87</ns3:cad>
          </ns3:TrackPointExtension>
        </extensions>
      </trkpt>
      <trkpt lat="55.6321839988231658935546875" lon="37.31786579824984073638916015625">
        <ele>193</ele>
        <time>2026-09-26T06:15:02.000Z</time>
        <extensions>
          <ns3:TrackPointExtension>
            <ns3:hr>147</ns3:hr>
            <ns3:cad>87</ns3:cad>
          </ns3:TrackPointExtension>
        </extensions>
      </trkpt>
      <trkpt lat="55.63218240626156330108642578125" lon="37.31782187707722187042236328125">
        <ele>193.1999969482421875</ele>
        <time>2026-09-26T06:15:03.000Z</time>
        <extensions>
          <ns3:TrackPointExtension>
            <ns3:hr>148</ns3:hr>
            <ns3:cad>87</ns3:cad>
          </ns3:TrackPointExtension>
        </extensions>
      </trkpt>
      <trkpt lat="55.6321858428418636322021484375" lon="37.31777854263782501220703125">
        <ele>193</ele>
        <time>2026-09-26T06:15:04.000Z</time>
        <extensions>
          <ns3:TrackPointExtension>
            <ns3:hr>148</ns3:hr>
            <ns3:cad>87</ns3:cad>
          </ns3:TrackPointExtension>
        </extensions>
      </trkpt>
      <trkpt lat="55.63219497911632061004638671875" lon="37.31773830950260162353515625">
        <ele>193</ele>
        <time>2026-09-26T06:15:05.000Z</time>
        <extensions>
          <ns3:TrackPointExtension>
            <ns3:hr>148</ns3:hr>
            <ns3:cad>87</ns3:cad>
          </ns3:TrackPointExtension>
        </extensions>
      </trkpt>
      <trkpt lat="55.63220654614269733428955078125" lon="37.31770134530961513519287109375">
        <ele>192.8000030517578125</ele>
        <time>2026-09-26T06:15:06.000Z</time>
        <extensions>
          <ns3:TrackPointExtension>
            <ns3:hr>147</ns3:hr>
            <ns3:cad>87</ns3:cad>
          </ns3:TrackPointExtension>
        </extensions>
      </trkpt>
      <trkpt lat="55.6322163529694080352783203125" lon="37.31766010634601116180419921875">
        <ele>192.600006103515625</ele>
        <time>2026-09-26T06:15:07.000Z</time>
        <extensions>
          <ns3:TrackPointExtension>
            <ns3:hr>148</ns3:hr>
            <ns3:cad>87</ns3:cad>
          </ns3:TrackPointExtension>
        </extensions>
      </trkpt>
      <trkpt lat="55.6322223879396915435791015625" lon="37.31762230396270751953125">
        <ele>192.600006103515625</ele>
        <time>2026-09-26T06:15:08.000Z</time>
        <extensions>
          <ns3:TrackPointExtension>
            <ns3:hr>148</ns3:hr>
            <ns3:cad>87</ns3:cad>
          </ns3:TrackPointExtension>
        </extensions>
      </trkpt>
      <trkpt lat="55.6322280876338481903076171875" lon="37.31757930479943752288818359375">
        <ele>192.399993896484375</ele>
        <time>2026-09-26T06:15:09.000Z</time>
        <extensions>
          <ns3:TrackPointExtension>
            <ns3:hr>148</ns3:hr>
            <ns3:cad>87</ns3:cad>
          </ns3:TrackPointExtension>
        </extensions>
      </trkpt>
      <trkpt lat="55.63222900964319705963134765625" lon="37.31753890402615070343017578125">
        <ele>192.399993896484375</ele>
        <time>2026-09-26T06:15:10.000Z</time>
        <extensions>
          <ns3:TrackPointExtension>
            <ns3:hr>148</ns3:hr>
            <ns3:cad>87</ns3:cad>
          </ns3:TrackPointExtension>
        </extensions>
      </trkpt>
      <trkpt lat="55.63223051838576793670654296875" lon="37.317500598728656768798828125">
        <ele>192.399993896484375</ele>
        <time>2026-09-26T06:15:11.000Z</time>
        <extensions>
          <ns3:TrackPointExtension>
            <ns3:hr>148</ns3:hr>
            <ns3:cad>87</ns3:cad>
          </ns3:TrackPointExtension>
        </extensions>
      </trkpt>
      <trkpt lat="55.63223253004252910614013671875" lon="37.31745827011764049530029296875">
        <ele>192.399993896484375</ele>
        <time>2026-09-26T06:15:12.000Z</time>
        <extensions>
          <ns3:TrackPointExtension>
            <ns3:hr>148</ns3:hr>
            <ns3:cad>87</ns3:cad>
          </ns3:TrackPointExtension>
        </extensions>
      </trkpt>
      <trkpt lat="55.6322361342608928680419921875" lon="37.31741418130695819854736328125">
        <ele>192.399993896484375</ele>
        <time>2026-09-26T06:15:13.000Z</time>
        <extensions>
          <ns3:TrackPointExtension>
            <ns3:hr>148</ns3:hr>
            <ns3:cad>87</ns3:cad>
          </ns3:TrackPointExtension>
        </extensions>
      </trkpt>
      <trkpt lat="55.63223957084119319915771484375" lon="37.31736724264919757843017578125">
        <ele>192.1999969482421875</ele>
        <time>2026-09-26T06:15:14.000Z</time>
        <extensions>
          <ns3:TrackPointExtension>
            <ns3:hr>147</ns3:hr>
            <ns3:cad>87</ns3:cad>
          </ns3:TrackPointExtension>
        </extensions>
      </trkpt>
      <trkpt lat="55.6322441808879375457763671875" lon="37.3173234052956104278564453125">
        <ele>192.1999969482421875</ele>
        <time>2026-09-26T06:15:15.000Z</time>
        <extensions>
          <ns3:TrackPointExtension>
            <ns3:hr>147</ns3:hr>
            <ns3:cad>87</ns3:cad>
          </ns3:TrackPointExtension>
        </extensions>
      </trkpt>
      <trkpt lat="55.63224627636373043060302734375" lon="37.31728174723684787750244140625">
        <ele>192.1999969482421875</ele>
        <time>2026-09-26T06:15:16.000Z</time>
        <extensions>
          <ns3:TrackPointExtension>
            <ns3:hr>147</ns3:hr>
            <ns3:cad>87</ns3:cad>
          </ns3:TrackPointExtension>
        </extensions>
      </trkpt>
      <trkpt lat="55.63224610872566699981689453125" lon="37.31724536977708339691162109375">
        <ele>192.1999969482421875</ele>
        <time>2026-09-26T06:15:17.000Z</time>
        <extensions>
          <ns3:TrackPointExtension>
            <ns3:hr>147</ns3:hr>
            <ns3:cad>88</ns3:cad>
          </ns3:TrackPointExtension>
        </extensions>
      </trkpt>
      <trkpt lat="55.63224979676306247711181640625" lon="37.31720094569027423858642578125">
        <ele>192.1999969482421875</ele>
        <time>2026-09-26T06:15:18.000Z</time>
        <extensions>
          <ns3:TrackPointExtension>
            <ns3:hr>147</ns3:hr>
            <ns3:cad>88</ns3:cad>
          </ns3:TrackPointExtension>
        </extensions>
      </trkpt>
      <trkpt lat="55.63225398771464824676513671875" lon="37.3171483911573886871337890625">
        <ele>192</ele>
        <time>2026-09-26T06:15:19.000Z</time>
        <extensions>
          <ns3:TrackPointExtension>
            <ns3:hr>147</ns3:hr>
            <ns3:cad>88</ns3:cad>
          </ns3:TrackPointExtension>
        </extensions>
      </trkpt>
      <trkpt lat="55.63225834630429744720458984375" lon="37.31710371561348438262939453125">
        <ele>192</ele>
        <time>2026-09-26T06:15:20.000Z</time>
        <extensions>
          <ns3:TrackPointExtension>
            <ns3:hr>147</ns3:hr>
            <ns3:cad>87</ns3:cad>
          </ns3:TrackPointExtension>
        </extensions>
      </trkpt>
      <trkpt lat="55.63225884921848773956298828125" lon="37.31706448830664157867431640625">
        <ele>192</ele>
        <time>2026-09-26T06:15:21.000Z</time>
        <extensions>
          <ns3:TrackPointExtension>
            <ns3:hr>146</ns3:hr>
            <ns3:cad>86</ns3:cad>
          </ns3:TrackPointExtension>
        </extensions>
      </trkpt>
      <trkpt lat="55.63225834630429744720458984375" lon="37.31702148914337158203125">
        <ele>192</ele>
        <time>2026-09-26T06:15:22.000Z</time>
        <extensions>
          <ns3:TrackPointExtension>
            <ns3:hr>146</ns3:hr>
            <ns3:cad>86</ns3:cad>
          </ns3:TrackPointExtension>
        </extensions>
      </trkpt>
      <trkpt lat="55.632258094847202301025390625" lon="37.3169745504856109619140625">
        <ele>192</ele>
        <time>2026-09-26T06:15:23.000Z</time>
        <extensions>
          <ns3:TrackPointExtension>
            <ns3:hr>146</ns3:hr>
            <ns3:cad>86</ns3:cad>
          </ns3:TrackPointExtension>
        </extensions>
      </trkpt>
      <trkpt lat="55.63225482590496540069580078125" lon="37.31692585162818431854248046875">
        <ele>192</ele>
        <time>2026-09-26T06:15:24.000Z</time>
        <extensions>
          <ns3:TrackPointExtension>
            <ns3:hr>146</ns3:hr>
            <ns3:cad>87</ns3:cad>
          </ns3:TrackPointExtension>
        </extensions>
      </trkpt>
      <trkpt lat="55.6322495453059673309326171875" lon="37.3168784938752651214599609375">
        <ele>192.1999969482421875</ele>
        <time>2026-09-26T06:15:25.000Z</time>
        <extensions>
          <ns3:TrackPointExtension>
            <ns3:hr>146</ns3:hr>
            <ns3:cad>88</ns3:cad>
          </ns3:TrackPointExtension>
        </extensions>
      </trkpt>
      <trkpt lat="55.63224376179277896881103515625" lon="37.31683130376040935516357421875">
        <ele>192.1999969482421875</ele>
        <time>2026-09-26T06:15:26.000Z</time>
        <extensions>
          <ns3:TrackPointExtension>
            <ns3:hr>146</ns3:hr>
            <ns3:cad>88</ns3:cad>
          </ns3:TrackPointExtension>
        </extensions>
      </trkpt>
      <trkpt lat="55.6322411634027957916259765625" lon="37.31678117997944355010986328125">
        <ele>192.1999969482421875</ele>
        <time>2026-09-26T06:15:27.000Z</time>
        <extensions>
          <ns3:TrackPointExtension>
            <ns3:hr>146</ns3:hr>
            <ns3:cad>86</ns3:cad>
          </ns3:TrackPointExtension>
        </extensions>
      </trkpt>
      <trkpt lat="55.63224342651665210723876953125" lon="37.31673248112201690673828125">
        <ele>192.1999969482421875</ele>
        <time>2026-09-26T06:15:28.000Z</time>
        <extensions>
          <ns3:TrackPointExtension>
            <ns3:hr>146</ns3:hr>
            <ns3:cad>86</ns3:cad>
          </ns3:TrackPointExtension>
        </extensions>
      </trkpt>
      <trkpt lat="55.632250718772411346435546875" lon="37.3166806809604167938232421875">
        <ele>192.1999969482421875</ele>
        <time>2026-09-26T06:15:29.000Z</time>
        <extensions>
          <ns3:TrackPointExtension>
            <ns3:hr>146</ns3:hr>
            <ns3:cad>87</ns3:cad>
          </ns3:TrackPointExtension>
        </extensions>
      </trkpt>
      <trkpt lat="55.63225700519979000091552734375" lon="37.31663332320749759674072265625">
        <ele>192</ele>
        <time>2026-09-26T06:15:30.000Z</time>
        <extensions>
          <ns3:TrackPointExtension>
            <ns3:hr>146</ns3:hr>
            <ns3:cad>87</ns3:cad>
          </ns3:TrackPointExtension>
        </extensions>
      </trkpt>
      <trkpt lat="55.63225851394236087799072265625" lon="37.31659032404422760009765625">
        <ele>192</ele>
        <time>2026-09-26T06:15:31.000Z</time>
        <extensions>
          <ns3:TrackPointExtension>
            <ns3:hr>145</ns3:hr>
            <ns3:cad>87</ns3:cad>
          </ns3:TrackPointExtension>
        </extensions>
      </trkpt>
      <trkpt lat="55.63225449062883853912353515625" lon="37.31654682196676731109619140625">
        <ele>192</ele>
        <time>2026-09-26T06:15:32.000Z</time>
        <extensions>
          <ns3:TrackPointExtension>
            <ns3:hr>146</ns3:hr>
            <ns3:cad>87</ns3:cad>
          </ns3:TrackPointExtension>
        </extensions>
      </trkpt>
      <trkpt lat="55.6322505511343479156494140625" lon="37.31650206260383129119873046875">
        <ele>192.1999969482421875</ele>
        <time>2026-09-26T06:15:33.000Z</time>
        <extensions>
          <ns3:TrackPointExtension>
            <ns3:hr>146</ns3:hr>
            <ns3:cad>87</ns3:cad>
          </ns3:TrackPointExtension>
        </extensions>
      </trkpt>
      <trkpt lat="55.63224828802049160003662109375" lon="37.3164595663547515869140625">
        <ele>192.1999969482421875</ele>
        <time>2026-09-26T06:15:34.000Z</time>
        <extensions>
          <ns3:TrackPointExtension>
            <ns3:hr>146</ns3:hr>
            <ns3:cad>87</ns3:cad>
          </ns3:TrackPointExtension>
        </extensions>
      </trkpt>
      <trkpt lat="55.63224744983017444610595703125" lon="37.3164168186485767364501953125">
        <ele>192.1999969482421875</ele>
        <time>2026-09-26T06:15:35.000Z</time>
        <extensions>
          <ns3:TrackPointExtension>
            <ns3:hr>146</ns3:hr>
            <ns3:cad>87</ns3:cad>
          </ns3:TrackPointExtension>
        </extensions>
      </trkpt>
      <trkpt lat="55.63224971294403076171875" lon="37.3163765855133533477783203125">
        <ele>192.1999969482421875</ele>
        <time>2026-09-26T06:15:36.000Z</time>
        <extensions>
          <ns3:TrackPointExtension>
            <ns3:hr>146</ns3:hr>
            <ns3:cad>87</ns3:cad>
          </ns3:TrackPointExtension>
        </extensions>
      </trkpt>
      <trkpt lat="55.6322505511343479156494140625" lon="37.31633392162621021270751953125">
        <ele>192.1999969482421875</ele>
        <time>2026-09-26T06:15:37.000Z</time>
        <extensions>
          <ns3:TrackPointExtension>
            <ns3:hr>146</ns3:hr>
            <ns3:cad>87</ns3:cad>
          </ns3:TrackPointExtension>
        </extensions>
      </trkpt>
      <trkpt lat="55.6322575919330120086669921875" lon="37.3162887431681156158447265625">
        <ele>191.8000030517578125</ele>
        <time>2026-09-26T06:15:38.000Z</time>
        <extensions>
          <ns3:TrackPointExtension>
            <ns3:hr>146</ns3:hr>
            <ns3:cad>87</ns3:cad>
          </ns3:TrackPointExtension>
        </extensions>
      </trkpt>
      <trkpt lat="55.63226421363651752471923828125" lon="37.31624406762421131134033203125">
        <ele>191.600006103515625</ele>
        <time>2026-09-26T06:15:39.000Z</time>
        <extensions>
          <ns3:TrackPointExtension>
            <ns3:hr>146</ns3:hr>
            <ns3:cad>88</ns3:cad>
          </ns3:TrackPointExtension>
        </extensions>
      </trkpt>
      <trkpt lat="55.63227376900613307952880859375" lon="37.3161965422332286834716796875">
        <ele>191.399993896484375</ele>
        <time>2026-09-26T06:15:40.000Z</time>
        <extensions>
          <ns3:TrackPointExtension>
            <ns3:hr>146</ns3:hr>
            <ns3:cad>88</ns3:cad>
          </ns3:TrackPointExtension>
        </extensions>
      </trkpt>
      <trkpt lat="55.63228617422282695770263671875" lon="37.3161532916128635406494140625">
        <ele>191</ele>
        <time>2026-09-26T06:15:41.000Z</time>
        <extensions>
          <ns3:TrackPointExtension>
            <ns3:hr>145</ns3:hr>
            <ns3:cad>88</ns3:cad>
          </ns3:TrackPointExtension>
        </extensions>
      </trkpt>
      <trkpt lat="55.63229757361114025115966796875" lon="37.31610610149800777435302734375">
        <ele>190.8000030517578125</ele>
        <time>2026-09-26T06:15:42.000Z</time>
        <extensions>
          <ns3:TrackPointExtension>
            <ns3:hr>146</ns3:hr>
            <ns3:cad>88</ns3:cad>
          </ns3:TrackPointExtension>
        </extensions>
      </trkpt>
      <trkpt lat="55.63230662606656551361083984375" lon="37.3160567320883274078369140625">
        <ele>190.399993896484375</ele>
        <time>2026-09-26T06:15:43.000Z</time>
        <extensions>
          <ns3:TrackPointExtension>
            <ns3:hr>146</ns3:hr>
            <ns3:cad>88</ns3:cad>
          </ns3:TrackPointExtension>
        </extensions>
      </trkpt>
      <trkpt lat="55.6323145888745784759521484375" lon="37.316007949411869049072265625">
        <ele>190.399993896484375</ele>
        <time>2026-09-26T06:15:44.000Z</time>
        <extensions>
          <ns3:TrackPointExtension>
            <ns3:hr>146</ns3:hr>
            <ns3:cad>89</ns3:cad>
          </ns3:TrackPointExtension>
        </extensions>
      </trkpt>
      <trkpt lat="55.632319115102291107177734375" lon="37.315961010754108428955078125">
        <ele>190.399993896484375</ele>
        <time>2026-09-26T06:15:45.000Z</time>
        <extensions>
          <ns3:TrackPointExtension>
            <ns3:hr>146</ns3:hr>
            <ns3:cad>89</ns3:cad>
          </ns3:TrackPointExtension>
        </extensions>
      </trkpt>
      <trkpt lat="55.632324479520320892333984375" lon="37.31591382063925266265869140625">
        <ele>190.1999969482421875</ele>
        <time>2026-09-26T06:15:46.000Z</time>
        <extensions>
          <ns3:TrackPointExtension>
            <ns3:hr>146</ns3:hr>
            <ns3:cad>88</ns3:cad>
          </ns3:TrackPointExtension>
        </extensions>
      </trkpt>
      <trkpt lat="55.6323303468525409698486328125" lon="37.31586872600018978118896484375">
        <ele>190.1999969482421875</ele>
        <time>2026-09-26T06:15:47.000Z</time>
        <extensions>
          <ns3:TrackPointExtension>
            <ns3:hr>147</ns3:hr>
            <ns3:cad>88</ns3:cad>
          </ns3:TrackPointExtension>
        </extensions>
      </trkpt>
      <trkpt lat="55.6323343701660633087158203125" lon="37.31582346372306346893310546875">
        <ele>190</ele>
        <time>2026-09-26T06:15:48.000Z</time>
        <extensions>
          <ns3:TrackPointExtension>
            <ns3:hr>147</ns3:hr>
            <ns3:cad>88</ns3:cad>
          </ns3:TrackPointExtension>
        </extensions>
      </trkpt>
      <trkpt lat="55.6323340348899364471435546875" lon="37.3157794587314128875732421875">
        <ele>190</ele>
        <time>2026-09-26T06:15:49.000Z</time>
        <extensions>
          <ns3:TrackPointExtension>
            <ns3:hr>146</ns3:hr>
            <ns3:cad>88</ns3:cad>
          </ns3:TrackPointExtension>
        </extensions>
      </trkpt>
      <trkpt lat="55.63233244232833385467529296875" lon="37.31573143042623996734619140625">
        <ele>190</ele>
        <time>2026-09-26T06:15:50.000Z</time>
        <extensions>
          <ns3:TrackPointExtension>
            <ns3:hr>146</ns3:hr>
            <ns3:cad>89</ns3:cad>
          </ns3:TrackPointExtension>
        </extensions>
      </trkpt>
      <trkpt lat="55.632332526147365570068359375" lon="37.31568415649235248565673828125">
        <ele>190</ele>
        <time>2026-09-26T06:15:51.000Z</time>
        <extensions>
          <ns3:TrackPointExtension>
            <ns3:hr>146</ns3:hr>
            <ns3:cad>89</ns3:cad>
          </ns3:TrackPointExtension>
        </extensions>
      </trkpt>
      <trkpt lat="55.632330514490604400634765625" lon="37.31563218869268894195556640625">
        <ele>190</ele>
        <time>2026-09-26T06:15:52.000Z</time>
        <extensions>
          <ns3:TrackPointExtension>
            <ns3:hr>147</ns3:hr>
            <ns3:cad>89</ns3:cad>
          </ns3:TrackPointExtension>
        </extensions>
      </trkpt>
      <trkpt lat="55.63232657499611377716064453125" lon="37.315588183701038360595703125">
        <ele>190</ele>
        <time>2026-09-26T06:15:53.000Z</time>
        <extensions>
          <ns3:TrackPointExtension>
            <ns3:hr>147</ns3:hr>
            <ns3:cad>88</ns3:cad>
          </ns3:TrackPointExtension>
        </extensions>
      </trkpt>
      <trkpt lat="55.632325150072574615478515625" lon="37.3155422508716583251953125">
        <ele>190</ele>
        <time>2026-09-26T06:15:54.000Z</time>
        <extensions>
          <ns3:TrackPointExtension>
            <ns3:hr>147</ns3:hr>
            <ns3:cad>88</ns3:cad>
          </ns3:TrackPointExtension>
        </extensions>
      </trkpt>
      <trkpt lat="55.63232422806322574615478515625" lon="37.3154993355274200439453125">
        <ele>190</ele>
        <time>2026-09-26T06:15:55.000Z</time>
        <extensions>
          <ns3:TrackPointExtension>
            <ns3:hr>147</ns3:hr>
            <ns3:cad>88</ns3:cad>
          </ns3:TrackPointExtension>
        </extensions>
      </trkpt>
      <trkpt lat="55.6323236413300037384033203125" lon="37.31545197777450084686279296875">
        <ele>190</ele>
        <time>2026-09-26T06:15:56.000Z</time>
        <extensions>
          <ns3:TrackPointExtension>
            <ns3:hr>147</ns3:hr>
            <ns3:cad>88</ns3:cad>
          </ns3:TrackPointExtension>
        </extensions>
      </trkpt>
      <trkpt lat="55.6323249824345111846923828125" lon="37.31540453620254993438720703125">
        <ele>190</ele>
        <time>2026-09-26T06:15:57.000Z</time>
        <extensions>
          <ns3:TrackPointExtension>
            <ns3:hr>147</ns3:hr>
            <ns3:cad>88</ns3:cad>
          </ns3:TrackPointExtension>
        </extensions>
      </trkpt>
      <trkpt lat="55.63232791610062122344970703125" lon="37.31535893864929676055908203125">
        <ele>190</ele>
        <time>2026-09-26T06:15:58.000Z</time>
        <extensions>
          <ns3:TrackPointExtension>
            <ns3:hr>146</ns3:hr>
            <ns3:cad>87</ns3:cad>
          </ns3:TrackPointExtension>
        </extensions>
      </trkpt>
      <trkpt lat="55.632332526147365570068359375" lon="37.31531183235347270965576171875">
        <ele>190</ele>
        <time>2026-09-26T06:15:59.000Z</time>
        <extensions>
          <ns3:TrackPointExtension>
            <ns3:hr>146</ns3:hr>
            <ns3:cad>87</ns3:cad>
          </ns3:TrackPointExtension>
        </extensions>
      </trkpt>
      <trkpt lat="55.63233755528926849365234375" lon="37.3152691684663295745849609375">
        <ele>189.8000030517578125</ele>
        <time>2026-09-26T06:16:00.000Z</time>
        <extensions>
          <ns3:TrackPointExtension>
            <ns3:hr>146</ns3:hr>
            <ns3:cad>88</ns3:cad>
          </ns3:TrackPointExtension>
        </extensions>
      </trkpt>
      <trkpt lat="55.63234426081180572509765625" lon="37.31522642076015472412109375">
        <ele>189.8000030517578125</ele>
        <time>2026-09-26T06:16:01.000Z</time>
        <extensions>
          <ns3:TrackPointExtension>
            <ns3:hr>145</ns3:hr>
            <ns3:cad>88</ns3:cad>
          </ns3:TrackPointExtension>
        </extensions>
      </trkpt>
      <trkpt lat="55.6323588453233242034912109375" lon="37.315187864005565643310546875">
        <ele>189.8000030517578125</ele>
        <time>2026-09-26T06:16:02.000Z</time>
        <extensions>
          <ns3:TrackPointExtension>
            <ns3:hr>146</ns3:hr>
            <ns3:cad>88</ns3:cad>
          </ns3:TrackPointExtension>
        </extensions>
      </trkpt>
      <trkpt lat="55.6323722563683986663818359375" lon="37.315150983631610870361328125">
        <ele>189.600006103515625</ele>
        <time>2026-09-26T06:16:03.000Z</time>
        <extensions>
          <ns3:TrackPointExtension>
            <ns3:hr>146</ns3:hr>
            <ns3:cad>87</ns3:cad>
          </ns3:TrackPointExtension>
        </extensions>
      </trkpt>
      <trkpt lat="55.63238105736672878265380859375" lon="37.31511653400957584381103515625">
        <ele>189.600006103515625</ele>
        <time>2026-09-26T06:16:04.000Z</time>
        <extensions>
          <ns3:TrackPointExtension>
            <ns3:hr>146</ns3:hr>
            <ns3:cad>87</ns3:cad>
          </ns3:TrackPointExtension>
        </extensions>
      </trkpt>
      <trkpt lat="55.6323883496224880218505859375" lon="37.31507764197885990142822265625">
        <ele>189.600006103515625</ele>
        <time>2026-09-26T06:16:05.000Z</time>
        <extensions>
          <ns3:TrackPointExtension>
            <ns3:hr>147</ns3:hr>
            <ns3:cad>87</ns3:cad>
          </ns3:TrackPointExtension>
        </extensions>
      </trkpt>
      <trkpt lat="55.63239522278308868408203125" lon="37.31504310853779315948486328125">
        <ele>189.600006103515625</ele>
        <time>2026-09-26T06:16:06.000Z</time>
        <extensions>
          <ns3:TrackPointExtension>
            <ns3:hr>146</ns3:hr>
            <ns3:cad>88</ns3:cad>
          </ns3:TrackPointExtension>
        </extensions>
      </trkpt>
      <trkpt lat="55.6324081309139728546142578125" lon="37.31500924564898014068603515625">
        <ele>189.600006103515625</ele>
        <time>2026-09-26T06:16:07.000Z</time>
        <extensions>
          <ns3:TrackPointExtension>
            <ns3:hr>146</ns3:hr>
            <ns3:cad>89</ns3:cad>
          </ns3:TrackPointExtension>
        </extensions>
      </trkpt>
      <trkpt lat="55.6324222125113010406494140625" lon="37.3149744607508182525634765625">
        <ele>189.600006103515625</ele>
        <time>2026-09-26T06:16:08.000Z</time>
        <extensions>
          <ns3:TrackPointExtension>
            <ns3:hr>146</ns3:hr>
            <ns3:cad>89</ns3:cad>
          </ns3:TrackPointExtension>
        </extensions>
      </trkpt>
      <trkpt lat="55.63243805430829524993896484375" lon="37.31494202278554439544677734375">
        <ele>189.399993896484375</ele>
        <time>2026-09-26T06:16:09.000Z</time>
        <extensions>
          <ns3:TrackPointExtension>
            <ns3:hr>146</ns3:hr>
            <ns3:cad>89</ns3:cad>
          </ns3:TrackPointExtension>
        </extensions>
      </trkpt>
      <trkpt lat="55.6324520520865917205810546875" lon="37.31490631587803363800048828125">
        <ele>189.600006103515625</ele>
        <time>2026-09-26T06:16:10.000Z</time>
        <extensions>
          <ns3:TrackPointExtension>
            <ns3:hr>146</ns3:hr>
            <ns3:cad>88</ns3:cad>
          </ns3:TrackPointExtension>
        </extensions>
      </trkpt>
      <trkpt lat="55.63246470876038074493408203125" lon="37.31486977078020572662353515625">
        <ele>189.600006103515625</ele>
        <time>2026-09-26T06:16:11.000Z</time>
        <extensions>
          <ns3:TrackPointExtension>
            <ns3:hr>146</ns3:hr>
            <ns3:cad>87</ns3:cad>
          </ns3:TrackPointExtension>
        </extensions>
      </trkpt>
      <trkpt lat="55.632477700710296630859375" lon="37.3148366622626781463623046875">
        <ele>189.600006103515625</ele>
        <time>2026-09-26T06:16:12.000Z</time>
        <extensions>
          <ns3:TrackPointExtension>
            <ns3:hr>145</ns3:hr>
            <ns3:cad>87</ns3:cad>
          </ns3:TrackPointExtension>
        </extensions>
      </trkpt>
      <trkpt lat="55.63249119557440280914306640625" lon="37.314803637564182281494140625">
        <ele>189.8000030517578125</ele>
        <time>2026-09-26T06:16:13.000Z</time>
        <extensions>
          <ns3:TrackPointExtension>
            <ns3:hr>145</ns3:hr>
            <ns3:cad>87</ns3:cad>
          </ns3:TrackPointExtension>
        </extensions>
      </trkpt>
      <trkpt lat="55.6325023435056209564208984375" lon="37.31476843357086181640625">
        <ele>189.8000030517578125</ele>
        <time>2026-09-26T06:16:14.000Z</time>
        <extensions>
          <ns3:TrackPointExtension>
            <ns3:hr>146</ns3:hr>
            <ns3:cad>88</ns3:cad>
          </ns3:TrackPointExtension>
        </extensions>
      </trkpt>
      <trkpt lat="55.63250762410461902618408203125" lon="37.31472962535917758941650390625">
        <ele>190</ele>
        <time>2026-09-26T06:16:15.000Z</time>
        <extensions>
          <ns3:TrackPointExtension>
            <ns3:hr>146</ns3:hr>
            <ns3:cad>88</ns3:cad>
          </ns3:TrackPointExtension>
        </extensions>
      </trkpt>
      <trkpt lat="55.63251717947423458099365234375" lon="37.31468997895717620849609375">
        <ele>190.1999969482421875</ele>
        <time>2026-09-26T06:16:16.000Z</time>
        <extensions>
          <ns3:TrackPointExtension>
            <ns3:hr>146</ns3:hr>
            <ns3:cad>88</ns3:cad>
          </ns3:TrackPointExtension>
        </extensions>
      </trkpt>
      <trkpt lat="55.63252665102481842041015625" lon="37.3146482370793819427490234375">
        <ele>190.1999969482421875</ele>
        <time>2026-09-26T06:16:17.000Z</time>
        <extensions>
          <ns3:TrackPointExtension>
            <ns3:hr>146</ns3:hr>
            <ns3:cad>88</ns3:cad>
          </ns3:TrackPointExtension>
        </extensions>
      </trkpt>
      <trkpt lat="55.63253813423216342926025390625" lon="37.314606495201587677001953125">
        <ele>190.399993896484375</ele>
        <time>2026-09-26T06:16:18.000Z</time>
        <extensions>
          <ns3:TrackPointExtension>
            <ns3:hr>146</ns3:hr>
            <ns3:cad>88</ns3:cad>
          </ns3:TrackPointExtension>
        </extensions>
      </trkpt>
      <trkpt lat="55.6325489468872547149658203125" lon="37.3145624063909053802490234375">
        <ele>190.600006103515625</ele>
        <time>2026-09-26T06:16:19.000Z</time>
        <extensions>
          <ns3:TrackPointExtension>
            <ns3:hr>146</ns3:hr>
            <ns3:cad>88</ns3:cad>
          </ns3:TrackPointExtension>
        </extensions>
      </trkpt>
      <trkpt lat="55.63256026245653629302978515625" lon="37.31452393345534801483154296875">
        <ele>190.8000030517578125</ele>
        <time>2026-09-26T06:16:20.000Z</time>
        <extensions>
          <ns3:TrackPointExtension>
            <ns3:hr>146</ns3:hr>
            <ns3:cad>88</ns3:cad>
          </ns3:TrackPointExtension>
        </extensions>
      </trkpt>
      <trkpt lat="55.632572583854198455810546875" lon="37.31447883881628513336181640625">
        <ele>190.8000030517578125</ele>
        <time>2026-09-26T06:16:21.000Z</time>
        <extensions>
          <ns3:TrackPointExtension>
            <ns3:hr>146</ns3:hr>
            <ns3:cad>88</ns3:cad>
          </ns3:TrackPointExtension>
        </extensions>
      </trkpt>
      <trkpt lat="55.632583312690258026123046875" lon="37.31443709693849086761474609375">
        <ele>191</ele>
        <time>2026-09-26T06:16:22.000Z</time>
        <extensions>
          <ns3:TrackPointExtension>
            <ns3:hr>146</ns3:hr>
            <ns3:cad>88</ns3:cad>
          </ns3:TrackPointExtension>
        </extensions>
      </trkpt>
      <trkpt lat="55.63259328715503215789794921875" lon="37.31439636088907718658447265625">
        <ele>191.1999969482421875</ele>
        <time>2026-09-26T06:16:23.000Z</time>
        <extensions>
          <ns3:TrackPointExtension>
            <ns3:hr>146</ns3:hr>
            <ns3:cad>87</ns3:cad>
          </ns3:TrackPointExtension>
        </extensions>
      </trkpt>
      <trkpt lat="55.6326046027243137359619140625" lon="37.314355708658695220947265625">
        <ele>191.1999969482421875</ele>
        <time>2026-09-26T06:16:24.000Z</time>
        <extensions>
          <ns3:TrackPointExtension>
            <ns3:hr>146</ns3:hr>
            <ns3:cad>87</ns3:cad>
          </ns3:TrackPointExtension>
        </extensions>
      </trkpt>
      <trkpt lat="55.632617175579071044921875" lon="37.31431807391345500946044921875">
        <ele>191.399993896484375</ele>
        <time>2026-09-26T06:16:25.000Z</time>
        <extensions>
          <ns3:TrackPointExtension>
            <ns3:hr>146</ns3:hr>
            <ns3:cad>87</ns3:cad>
          </ns3:TrackPointExtension>
        </extensions>
      </trkpt>
      <trkpt lat="55.63262815587222576141357421875" lon="37.3142807744443416595458984375">
        <ele>191.399993896484375</ele>
        <time>2026-09-26T06:16:26.000Z</time>
        <extensions>
          <ns3:TrackPointExtension>
            <ns3:hr>146</ns3:hr>
            <ns3:cad>87</ns3:cad>
          </ns3:TrackPointExtension>
        </extensions>
      </trkpt>
      <trkpt lat="55.63263637013733386993408203125" lon="37.31424263678491115570068359375">
        <ele>191.600006103515625</ele>
        <time>2026-09-26T06:16:27.000Z</time>
        <extensions>
          <ns3:TrackPointExtension>
            <ns3:hr>146</ns3:hr>
            <ns3:cad>87</ns3:cad>
          </ns3:TrackPointExtension>
        </extensions>
      </trkpt>
      <trkpt lat="55.63264341093599796295166015625" lon="37.31420441530644893646240234375">
        <ele>191.8000030517578125</ele>
        <time>2026-09-26T06:16:28.000Z</time>
        <extensions>
          <ns3:TrackPointExtension>
            <ns3:hr>146</ns3:hr>
            <ns3:cad>87</ns3:cad>
          </ns3:TrackPointExtension>
        </extensions>
      </trkpt>
      <trkpt lat="55.63264877535402774810791015625" lon="37.31416761875152587890625">
        <ele>191.8000030517578125</ele>
        <time>2026-09-26T06:16:29.000Z</time>
        <extensions>
          <ns3:TrackPointExtension>
            <ns3:hr>146</ns3:hr>
            <ns3:cad>87</ns3:cad>
          </ns3:TrackPointExtension>
        </extensions>
      </trkpt>
      <trkpt lat="55.63265866599977016448974609375" lon="37.31412981636822223663330078125">
        <ele>191.8000030517578125</ele>
        <time>2026-09-26T06:16:30.000Z</time>
        <extensions>
          <ns3:TrackPointExtension>
            <ns3:hr>146</ns3:hr>
            <ns3:cad>86</ns3:cad>
          </ns3:TrackPointExtension>
        </extensions>
      </trkpt>
      <trkpt lat="55.63267157413065433502197265625" lon="37.3140896670520305633544921875">
        <ele>191.600006103515625</ele>
        <time>2026-09-26T06:16:31.000Z</time>
        <extensions>
          <ns3:TrackPointExtension>
            <ns3:hr>146</ns3:hr>
            <ns3:cad>86</ns3:cad>
          </ns3:TrackPointExtension>
        </extensions>
      </trkpt>
      <trkpt lat="55.63268632628023624420166015625" lon="37.31404918245971202850341796875">
        <ele>191.399993896484375</ele>
        <time>2026-09-26T06:16:32.000Z</time>
        <extensions>
          <ns3:TrackPointExtension>
            <ns3:hr>146</ns3:hr>
            <ns3:cad>86</ns3:cad>
          </ns3:TrackPointExtension>
        </extensions>
      </trkpt>
      <trkpt lat="55.6326998211443424224853515625" lon="37.31401314027607440948486328125">
        <ele>191</ele>
        <time>2026-09-26T06:16:33.000Z</time>
        <extensions>
          <ns3:TrackPointExtension>
            <ns3:hr>146</ns3:hr>
            <ns3:cad>86</ns3:cad>
          </ns3:TrackPointExtension>
        </extensions>
      </trkpt>
      <trkpt lat="55.63271549530327320098876953125" lon="37.3139723204076290130615234375">
        <ele>191</ele>
        <time>2026-09-26T06:16:34.000Z</time>
        <extensions>
          <ns3:TrackPointExtension>
            <ns3:hr>145</ns3:hr>
            <ns3:cad>87</ns3:cad>
          </ns3:TrackPointExtension>
        </extensions>
      </trkpt>
      <trkpt lat="55.63272873871028423309326171875" lon="37.313939966261386871337890625">
        <ele>190.8000030517578125</ele>
        <time>2026-09-26T06:16:35.000Z</time>
        <extensions>
          <ns3:TrackPointExtension>
            <ns3:hr>146</ns3:hr>
            <ns3:cad>87</ns3:cad>
          </ns3:TrackPointExtension>
        </extensions>
      </trkpt>
      <trkpt lat="55.6327418982982635498046875" lon="37.31390685774385929107666015625">
        <ele>190.8000030517578125</ele>
        <time>2026-09-26T06:16:36.000Z</time>
        <extensions>
          <ns3:TrackPointExtension>
            <ns3:hr>146</ns3:hr>
            <ns3:cad>87</ns3:cad>
          </ns3:TrackPointExtension>
        </extensions>
      </trkpt>
      <trkpt lat="55.6327548064291477203369140625" lon="37.313875593245029449462890625">
        <ele>190.8000030517578125</ele>
        <time>2026-09-26T06:16:37.000Z</time>
        <extensions>
          <ns3:TrackPointExtension>
            <ns3:hr>145</ns3:hr>
            <ns3:cad>87</ns3:cad>
          </ns3:TrackPointExtension>
        </extensions>
      </trkpt>
      <trkpt lat="55.632767379283905029296875" lon="37.31384265236556529998779296875">
        <ele>190.600006103515625</ele>
        <time>2026-09-26T06:16:38.000Z</time>
        <extensions>
          <ns3:TrackPointExtension>
            <ns3:hr>146</ns3:hr>
            <ns3:cad>87</ns3:cad>
          </ns3:TrackPointExtension>
        </extensions>
      </trkpt>
      <trkpt lat="55.63277986831963062286376953125" lon="37.31380577199161052703857421875">
        <ele>190.600006103515625</ele>
        <time>2026-09-26T06:16:39.000Z</time>
        <extensions>
          <ns3:TrackPointExtension>
            <ns3:hr>146</ns3:hr>
            <ns3:cad>87</ns3:cad>
          </ns3:TrackPointExtension>
        </extensions>
      </trkpt>
      <trkpt lat="55.63279244117438793182373046875" lon="37.3137684725224971771240234375">
        <ele>190.8000030517578125</ele>
        <time>2026-09-26T06:16:40.000Z</time>
        <extensions>
          <ns3:TrackPointExtension>
            <ns3:hr>145</ns3:hr>
            <ns3:cad>87</ns3:cad>
          </ns3:TrackPointExtension>
        </extensions>
      </trkpt>
      <trkpt lat="55.632805265486240386962890625" lon="37.31373502872884273529052734375">
        <ele>190.8000030517578125</ele>
        <time>2026-09-26T06:16:41.000Z</time>
        <extensions>
          <ns3:TrackPointExtension>
            <ns3:hr>146</ns3:hr>
            <ns3:cad>87</ns3:cad>
          </ns3:TrackPointExtension>
        </extensions>
      </trkpt>
      <trkpt lat="55.63281473703682422637939453125" lon="37.31369446031749248504638671875">
        <ele>191</ele>
        <time>2026-09-26T06:16:42.000Z</time>
        <extensions>
          <ns3:TrackPointExtension>
            <ns3:hr>146</ns3:hr>
            <ns3:cad>87</ns3:cad>
          </ns3:TrackPointExtension>
        </extensions>
      </trkpt>
      <trkpt lat="55.632822029292583465576171875" lon="37.31365238316357135772705078125">
        <ele>191.1999969482421875</ele>
        <time>2026-09-26T06:16:43.000Z</time>
        <extensions>
          <ns3:TrackPointExtension>
            <ns3:hr>146</ns3:hr>
            <ns3:cad>87</ns3:cad>
          </ns3:TrackPointExtension>
        </extensions>
      </trkpt>
      <trkpt lat="55.632824711501598358154296875" lon="37.31360527686774730682373046875">
        <ele>191.600006103515625</ele>
        <time>2026-09-26T06:16:44.000Z</time>
        <extensions>
          <ns3:TrackPointExtension>
            <ns3:hr>146</ns3:hr>
            <ns3:cad>87</ns3:cad>
          </ns3:TrackPointExtension>
        </extensions>
      </trkpt>
      <trkpt lat="55.6328228674829006195068359375" lon="37.31355808675289154052734375">
        <ele>191.8000030517578125</ele>
        <time>2026-09-26T06:16:45.000Z</time>
        <extensions>
          <ns3:TrackPointExtension>
            <ns3:hr>146</ns3:hr>
            <ns3:cad>87</ns3:cad>
          </ns3:TrackPointExtension>
        </extensions>
      </trkpt>
      <trkpt lat="55.63281775452196598052978515625" lon="37.31351441703736782073974609375">
        <ele>192</ele>
        <time>2026-09-26T06:16:46.000Z</time>
        <extensions>
          <ns3:TrackPointExtension>
            <ns3:hr>146</ns3:hr>
            <ns3:cad>88</ns3:cad>
          </ns3:TrackPointExtension>
        </extensions>
      </trkpt>
      <trkpt lat="55.632809959352016448974609375" lon="37.31346965767443180084228515625">
        <ele>192</ele>
        <time>2026-09-26T06:16:47.000Z</time>
        <extensions>
          <ns3:TrackPointExtension>
            <ns3:hr>146</ns3:hr>
            <ns3:cad>88</ns3:cad>
          </ns3:TrackPointExtension>
        </extensions>
      </trkpt>
      <trkpt lat="55.6328007392585277557373046875" lon="37.31342841871082782745361328125">
        <ele>192.1999969482421875</ele>
        <time>2026-09-26T06:16:48.000Z</time>
        <extensions>
          <ns3:TrackPointExtension>
            <ns3:hr>146</ns3:hr>
            <ns3:cad>88</ns3:cad>
          </ns3:TrackPointExtension>
        </extensions>
      </trkpt>
      <trkpt lat="55.6327930279076099395751953125" lon="37.31338550336658954620361328125">
        <ele>192.1999969482421875</ele>
        <time>2026-09-26T06:16:49.000Z</time>
        <extensions>
          <ns3:TrackPointExtension>
            <ns3:hr>147</ns3:hr>
            <ns3:cad>87</ns3:cad>
          </ns3:TrackPointExtension>
        </extensions>
      </trkpt>
      <trkpt lat="55.6327843107283115386962890625" lon="37.313344515860080718994140625">
        <ele>192.1999969482421875</ele>
        <time>2026-09-26T06:16:50.000Z</time>
        <extensions>
          <ns3:TrackPointExtension>
            <ns3:hr>147</ns3:hr>
            <ns3:cad>87</ns3:cad>
          </ns3:TrackPointExtension>
        </extensions>
      </trkpt>
      <trkpt lat="55.632778108119964599609375" lon="37.31330252252519130706787109375">
        <ele>192.1999969482421875</ele>
        <time>2026-09-26T06:16:51.000Z</time>
        <extensions>
          <ns3:TrackPointExtension>
            <ns3:hr>147</ns3:hr>
            <ns3:cad>86</ns3:cad>
          </ns3:TrackPointExtension>
        </extensions>
      </trkpt>
      <trkpt lat="55.6327725760638713836669921875" lon="37.31326027773320674896240234375">
        <ele>192.399993896484375</ele>
        <time>2026-09-26T06:16:52.000Z</time>
        <extensions>
          <ns3:TrackPointExtension>
            <ns3:hr>146</ns3:hr>
            <ns3:cad>86</ns3:cad>
          </ns3:TrackPointExtension>
        </extensions>
      </trkpt>
      <trkpt lat="55.63276746310293674468994140625" lon="37.3132172785699367523193359375">
        <ele>192.399993896484375</ele>
        <time>2026-09-26T06:16:53.000Z</time>
        <extensions>
          <ns3:TrackPointExtension>
            <ns3:hr>146</ns3:hr>
            <ns3:cad>87</ns3:cad>
          </ns3:TrackPointExtension>
        </extensions>
      </trkpt>
      <trkpt lat="55.6327641941606998443603515625" lon="37.31316790916025638580322265625">
        <ele>192.600006103515625</ele>
        <time>2026-09-26T06:16:54.000Z</time>
        <extensions>
          <ns3:TrackPointExtension>
            <ns3:hr>146</ns3:hr>
            <ns3:cad>87</ns3:cad>
          </ns3:TrackPointExtension>
        </extensions>
      </trkpt>
      <trkpt lat="55.6327608413994312286376953125" lon="37.31311879120767116546630859375">
        <ele>192.8000030517578125</ele>
        <time>2026-09-26T06:16:55.000Z</time>
        <extensions>
          <ns3:TrackPointExtension>
            <ns3:hr>147</ns3:hr>
            <ns3:cad>87</ns3:cad>
          </ns3:TrackPointExtension>
        </extensions>
      </trkpt>
      <trkpt lat="55.63275690190494060516357421875" lon="37.3130677454173564910888671875">
        <ele>193</ele>
        <time>2026-09-26T06:16:56.000Z</time>
        <extensions>
          <ns3:TrackPointExtension>
            <ns3:hr>146</ns3:hr>
            <ns3:cad>87</ns3:cad>
          </ns3:TrackPointExtension>
        </extensions>
      </trkpt>
      <trkpt lat="55.6327531300485134124755859375" lon="37.3130198009312152862548828125">
        <ele>193.1999969482421875</ele>
        <time>2026-09-26T06:16:57.000Z</time>
        <extensions>
          <ns3:TrackPointExtension>
            <ns3:hr>146</ns3:hr>
            <ns3:cad>88</ns3:cad>
          </ns3:TrackPointExtension>
        </extensions>
      </trkpt>
      <trkpt lat="55.63275639899075031280517578125" lon="37.31297965161502361297607421875">
        <ele>193.1999969482421875</ele>
        <time>2026-09-26T06:16:58.000Z</time>
        <extensions>
          <ns3:TrackPointExtension>
            <ns3:hr>146</ns3:hr>
            <ns3:cad>88</ns3:cad>
          </ns3:TrackPointExtension>
        </extensions>
      </trkpt>
      <trkpt lat="55.63276360742747783660888671875" lon="37.3129393346607685089111328125">
        <ele>193.399993896484375</ele>
        <time>2026-09-26T06:16:59.000Z</time>
        <extensions>
          <ns3:TrackPointExtension>
            <ns3:hr>146</ns3:hr>
            <ns3:cad>87</ns3:cad>
          </ns3:TrackPointExtension>
        </extensions>
      </trkpt>
      <trkpt lat="55.63276997767388820648193359375" lon="37.31290237046778202056884765625">
        <ele>193.399993896484375</ele>
        <time>2026-09-26T06:17:00.000Z</time>
        <extensions>
          <ns3:TrackPointExtension>
            <ns3:hr>146</ns3:hr>
            <ns3:cad>87</ns3:cad>
          </ns3:TrackPointExtension>
        </extensions>
      </trkpt>
      <trkpt lat="55.6327745877206325531005859375" lon="37.31286984868347644805908203125">
        <ele>193.1999969482421875</ele>
        <time>2026-09-26T06:17:01.000Z</time>
        <extensions>
          <ns3:TrackPointExtension>
            <ns3:hr>147</ns3:hr>
            <ns3:cad>86</ns3:cad>
          </ns3:TrackPointExtension>
        </extensions>
      </trkpt>
      <trkpt lat="55.6327792815864086151123046875" lon="37.31283389031887054443359375">
        <ele>193.1999969482421875</ele>
        <time>2026-09-26T06:17:02.000Z</time>
        <extensions>
          <ns3:TrackPointExtension>
            <ns3:hr>147</ns3:hr>
            <ns3:cad>86</ns3:cad>
          </ns3:TrackPointExtension>
        </extensions>
      </trkpt>
      <trkpt lat="55.63278439454734325408935546875" lon="37.31280078180134296417236328125">
        <ele>193.1999969482421875</ele>
        <time>2026-09-26T06:17:03.000Z</time>
        <extensions>
          <ns3:TrackPointExtension>
            <ns3:hr>147</ns3:hr>
            <ns3:cad>85</ns3:cad>
          </ns3:TrackPointExtension>
        </extensions>
      </trkpt>
      <trkpt lat="55.63278908841311931610107421875" lon="37.31276683509349822998046875">
        <ele>193.1999969482421875</ele>
        <time>2026-09-26T06:17:04.000Z</time>
        <extensions>
          <ns3:TrackPointExtension>
            <ns3:hr>147</ns3:hr>
            <ns3:cad>85</ns3:cad>
          </ns3:TrackPointExtension>
        </extensions>
      </trkpt>
      <trkpt lat="55.63279512338340282440185546875" lon="37.3127294518053531646728515625">
        <ele>193.1999969482421875</ele>
        <time>2026-09-26T06:17:05.000Z</time>
        <extensions>
          <ns3:TrackPointExtension>
            <ns3:hr>147</ns3:hr>
            <ns3:cad>87</ns3:cad>
          </ns3:TrackPointExtension>
        </extensions>
      </trkpt>
      <trkpt lat="55.63279864378273487091064453125" lon="37.31269617564976215362548828125">
        <ele>193.1999969482421875</ele>
        <time>2026-09-26T06:17:06.000Z</time>
        <extensions>
          <ns3:TrackPointExtension>
            <ns3:hr>147</ns3:hr>
            <ns3:cad>87</ns3:cad>
          </ns3:TrackPointExtension>
        </extensions>
      </trkpt>
      <trkpt lat="55.63281071372330188751220703125" lon="37.312658540904521942138671875">
        <ele>193.1999969482421875</ele>
        <time>2026-09-26T06:17:07.000Z</time>
        <extensions>
          <ns3:TrackPointExtension>
            <ns3:hr>147</ns3:hr>
            <ns3:cad>87</ns3:cad>
          </ns3:TrackPointExtension>
        </extensions>
      </trkpt>
      <trkpt lat="55.6328228674829006195068359375" lon="37.312613613903522491455078125">
        <ele>193.399993896484375</ele>
        <time>2026-09-26T06:17:08.000Z</time>
        <extensions>
          <ns3:TrackPointExtension>
            <ns3:hr>147</ns3:hr>
            <ns3:cad>87</ns3:cad>
          </ns3:TrackPointExtension>
        </extensions>
      </trkpt>
      <trkpt lat="55.63283300958573818206787109375" lon="37.312566675245761871337890625">
        <ele>193.399993896484375</ele>
        <time>2026-09-26T06:17:09.000Z</time>
        <extensions>
          <ns3:TrackPointExtension>
            <ns3:hr>147</ns3:hr>
            <ns3:cad>86</ns3:cad>
          </ns3:TrackPointExtension>
        </extensions>
      </trkpt>
      <trkpt lat="55.63284072093665599822998046875" lon="37.3125209100544452667236328125">
        <ele>193.600006103515625</ele>
        <time>2026-09-26T06:17:10.000Z</time>
        <extensions>
          <ns3:TrackPointExtension>
            <ns3:hr>148</ns3:hr>
            <ns3:cad>86</ns3:cad>
          </ns3:TrackPointExtension>
        </extensions>
      </trkpt>
      <trkpt lat="55.6328491866588592529296875" lon="37.312470786273479461669921875">
        <ele>193.8000030517578125</ele>
        <time>2026-09-26T06:17:11.000Z</time>
        <extensions>
          <ns3:TrackPointExtension>
            <ns3:hr>148</ns3:hr>
            <ns3:cad>87</ns3:cad>
          </ns3:TrackPointExtension>
        </extensions>
      </trkpt>
      <trkpt lat="55.63285446725785732269287109375" lon="37.3124243505299091339111328125">
        <ele>193.8000030517578125</ele>
        <time>2026-09-26T06:17:12.000Z</time>
        <extensions>
          <ns3:TrackPointExtension>
            <ns3:hr>148</ns3:hr>
            <ns3:cad>87</ns3:cad>
          </ns3:TrackPointExtension>
        </extensions>
      </trkpt>
      <trkpt lat="55.6328594125807285308837890625" lon="37.312376908957958221435546875">
        <ele>193.8000030517578125</ele>
        <time>2026-09-26T06:17:13.000Z</time>
        <extensions>
          <ns3:TrackPointExtension>
            <ns3:hr>148</ns3:hr>
            <ns3:cad>87</ns3:cad>
          </ns3:TrackPointExtension>
        </extensions>
      </trkpt>
      <trkpt lat="55.63286620192229747772216796875" lon="37.31233575381338596343994140625">
        <ele>193.8000030517578125</ele>
        <time>2026-09-26T06:17:14.000Z</time>
        <extensions>
          <ns3:TrackPointExtension>
            <ns3:hr>148</ns3:hr>
            <ns3:cad>87</ns3:cad>
          </ns3:TrackPointExtension>
        </extensions>
      </trkpt>
      <trkpt lat="55.6328718177974224090576171875" lon="37.31229183264076709747314453125">
        <ele>193.8000030517578125</ele>
        <time>2026-09-26T06:17:15.000Z</time>
        <extensions>
          <ns3:TrackPointExtension>
            <ns3:hr>147</ns3:hr>
            <ns3:cad>87</ns3:cad>
          </ns3:TrackPointExtension>
        </extensions>
      </trkpt>
      <trkpt lat="55.63287659548223018646240234375" lon="37.3122530244290828704833984375">
        <ele>193.8000030517578125</ele>
        <time>2026-09-26T06:17:16.000Z</time>
        <extensions>
          <ns3:TrackPointExtension>
            <ns3:hr>148</ns3:hr>
            <ns3:cad>88</ns3:cad>
          </ns3:TrackPointExtension>
        </extensions>
      </trkpt>
      <trkpt lat="55.63287743367254734039306640625" lon="37.31221488676965236663818359375">
        <ele>193.8000030517578125</ele>
        <time>2026-09-26T06:17:17.000Z</time>
        <extensions>
          <ns3:TrackPointExtension>
            <ns3:hr>148</ns3:hr>
            <ns3:cad>88</ns3:cad>
          </ns3:TrackPointExtension>
        </extensions>
      </trkpt>
      <trkpt lat="55.63286972232162952423095703125" lon="37.31217800639569759368896484375">
        <ele>193.8000030517578125</ele>
        <time>2026-09-26T06:17:18.000Z</time>
        <extensions>
          <ns3:TrackPointExtension>
            <ns3:hr>148</ns3:hr>
            <ns3:cad>88</ns3:cad>
          </ns3:TrackPointExtension>
        </extensions>
      </trkpt>
      <trkpt lat="55.63286519609391689300537109375" lon="37.312134839594364166259765625">
        <ele>194</ele>
        <time>2026-09-26T06:17:19.000Z</time>
        <extensions>
          <ns3:TrackPointExtension>
            <ns3:hr>148</ns3:hr>
            <ns3:cad>87</ns3:cad>
          </ns3:TrackPointExtension>
        </extensions>
      </trkpt>
      <trkpt lat="55.63286192715167999267578125" lon="37.3120884038507938385009765625">
        <ele>194.1999969482421875</ele>
        <time>2026-09-26T06:17:20.000Z</time>
        <extensions>
          <ns3:TrackPointExtension>
            <ns3:hr>148</ns3:hr>
            <ns3:cad>87</ns3:cad>
          </ns3:TrackPointExtension>
        </extensions>
      </trkpt>
      <trkpt lat="55.63285714946687221527099609375" lon="37.31203836388885974884033203125">
        <ele>194.399993896484375</ele>
        <time>2026-09-26T06:17:21.000Z</time>
        <extensions>
          <ns3:TrackPointExtension>
            <ns3:hr>147</ns3:hr>
            <ns3:cad>88</ns3:cad>
          </ns3:TrackPointExtension>
        </extensions>
      </trkpt>
      <trkpt lat="55.63284910283982753753662109375" lon="37.311988659203052520751953125">
        <ele>194.600006103515625</ele>
        <time>2026-09-26T06:17:22.000Z</time>
        <extensions>
          <ns3:TrackPointExtension>
            <ns3:hr>148</ns3:hr>
            <ns3:cad>88</ns3:cad>
          </ns3:TrackPointExtension>
        </extensions>
      </trkpt>
      <trkpt lat="55.632833428680896759033203125" lon="37.31194431893527507781982421875">
        <ele>194.8000030517578125</ele>
        <time>2026-09-26T06:17:23.000Z</time>
        <extensions>
          <ns3:TrackPointExtension>
            <ns3:hr>148</ns3:hr>
            <ns3:cad>88</ns3:cad>
          </ns3:TrackPointExtension>
        </extensions>
      </trkpt>
      <trkpt lat="55.63281406648457050323486328125" lon="37.3119056783616542816162109375">
        <ele>195</ele>
        <time>2026-09-26T06:17:24.000Z</time>
        <extensions>
          <ns3:TrackPointExtension>
            <ns3:hr>148</ns3:hr>
            <ns3:cad>87</ns3:cad>
          </ns3:TrackPointExtension>
        </extensions>
      </trkpt>
      <trkpt lat="55.6327943690121173858642578125" lon="37.31187558732926845550537109375">
        <ele>195</ele>
        <time>2026-09-26T06:17:25.000Z</time>
        <extensions>
          <ns3:TrackPointExtension>
            <ns3:hr>147</ns3:hr>
            <ns3:cad>87</ns3:cad>
          </ns3:TrackPointExtension>
        </extensions>
      </trkpt>
      <trkpt lat="55.6327729113399982452392578125" lon="37.3118459992110729217529296875">
        <ele>195.1999969482421875</ele>
        <time>2026-09-26T06:17:26.000Z</time>
        <extensions>
          <ns3:TrackPointExtension>
            <ns3:hr>148</ns3:hr>
            <ns3:cad>88</ns3:cad>
          </ns3:TrackPointExtension>
        </extensions>
      </trkpt>
      <trkpt lat="55.6327521242201328277587890625" lon="37.3118161596357822418212890625">
        <ele>195.1999969482421875</ele>
        <time>2026-09-26T06:17:27.000Z</time>
        <extensions>
          <ns3:TrackPointExtension>
            <ns3:hr>148</ns3:hr>
            <ns3:cad>88</ns3:cad>
          </ns3:TrackPointExtension>
        </extensions>
      </trkpt>
      <trkpt lat="55.632732845842838287353515625" lon="37.3117839731276035308837890625">
        <ele>195.1999969482421875</ele>
        <time>2026-09-26T06:17:28.000Z</time>
        <extensions>
          <ns3:TrackPointExtension>
            <ns3:hr>147</ns3:hr>
            <ns3:cad>88</ns3:cad>
          </ns3:TrackPointExtension>
        </extensions>
      </trkpt>
      <trkpt lat="55.63270904123783111572265625" lon="37.3117588274180889129638671875">
        <ele>195.399993896484375</ele>
        <time>2026-09-26T06:17:29.000Z</time>
        <extensions>
          <ns3:TrackPointExtension>
            <ns3:hr>147</ns3:hr>
            <ns3:cad>89</ns3:cad>
          </ns3:TrackPointExtension>
        </extensions>
      </trkpt>
      <trkpt lat="55.63268917612731456756591796875" lon="37.311736531555652618408203125">
        <ele>195.399993896484375</ele>
        <time>2026-09-26T06:17:30.000Z</time>
        <extensions>
          <ns3:TrackPointExtension>
            <ns3:hr>147</ns3:hr>
            <ns3:cad>89</ns3:cad>
          </ns3:TrackPointExtension>
        </extensions>
      </trkpt>
      <trkpt lat="55.6326726637780666351318359375" lon="37.31171532534062862396240234375">
        <ele>195.600006103515625</ele>
        <time>2026-09-26T06:17:31.000Z</time>
        <extensions>
          <ns3:TrackPointExtension>
            <ns3:hr>147</ns3:hr>
            <ns3:cad>89</ns3:cad>
          </ns3:TrackPointExtension>
        </extensions>
      </trkpt>
      <trkpt lat="55.63265397213399410247802734375" lon="37.3116852343082427978515625">
        <ele>195.600006103515625</ele>
        <time>2026-09-26T06:17:32.000Z</time>
        <extensions>
          <ns3:TrackPointExtension>
            <ns3:hr>148</ns3:hr>
            <ns3:cad>89</ns3:cad>
          </ns3:TrackPointExtension>
        </extensions>
      </trkpt>
      <trkpt lat="55.63263502903282642364501953125" lon="37.3116542212665081024169921875">
        <ele>195.600006103515625</ele>
        <time>2026-09-26T06:17:33.000Z</time>
        <extensions>
          <ns3:TrackPointExtension>
            <ns3:hr>148</ns3:hr>
            <ns3:cad>89</ns3:cad>
          </ns3:TrackPointExtension>
        </extensions>
      </trkpt>
      <trkpt lat="55.63261424191296100616455078125" lon="37.31161910109221935272216796875">
        <ele>195.8000030517578125</ele>
        <time>2026-09-26T06:17:34.000Z</time>
        <extensions>
          <ns3:TrackPointExtension>
            <ns3:hr>148</ns3:hr>
            <ns3:cad>89</ns3:cad>
          </ns3:TrackPointExtension>
        </extensions>
      </trkpt>
      <trkpt lat="55.632602758705615997314453125" lon="37.3115797899663448333740234375">
        <ele>195.8000030517578125</ele>
        <time>2026-09-26T06:17:35.000Z</time>
        <extensions>
          <ns3:TrackPointExtension>
            <ns3:hr>149</ns3:hr>
            <ns3:cad>87</ns3:cad>
          </ns3:TrackPointExtension>
        </extensions>
      </trkpt>
      <trkpt lat="55.63260669820010662078857421875" lon="37.31155120767652988433837890625">
        <ele>196</ele>
        <time>2026-09-26T06:17:36.000Z</time>
        <extensions>
          <ns3:TrackPointExtension>
            <ns3:hr>149</ns3:hr>
            <ns3:cad>87</ns3:cad>
          </ns3:TrackPointExtension>
        </extensions>
      </trkpt>
      <trkpt lat="55.63261357136070728302001953125" lon="37.31151734478771686553955078125">
        <ele>196</ele>
        <time>2026-09-26T06:17:37.000Z</time>
        <extensions>
          <ns3:TrackPointExtension>
            <ns3:hr>150</ns3:hr>
            <ns3:cad>88</ns3:cad>
          </ns3:TrackPointExtension>
        </extensions>
      </trkpt>
      <trkpt lat="55.632627569139003753662109375" lon="37.31148800812661647796630859375">
        <ele>196.1999969482421875</ele>
        <time>2026-09-26T06:17:38.000Z</time>
        <extensions>
          <ns3:TrackPointExtension>
            <ns3:hr>150</ns3:hr>
            <ns3:cad>88</ns3:cad>
          </ns3:TrackPointExtension>
        </extensions>
      </trkpt>
      <trkpt lat="55.63264198601245880126953125" lon="37.31146269477903842926025390625">
        <ele>196.1999969482421875</ele>
        <time>2026-09-26T06:17:39.000Z</time>
        <extensions>
          <ns3:TrackPointExtension>
            <ns3:hr>149</ns3:hr>
            <ns3:cad>86</ns3:cad>
          </ns3:TrackPointExtension>
        </extensions>
      </trkpt>
      <trkpt lat="55.63265766017138957977294921875" lon="37.311438135802745819091796875">
        <ele>196.1999969482421875</ele>
        <time>2026-09-26T06:17:40.000Z</time>
        <extensions>
          <ns3:TrackPointExtension>
            <ns3:hr>149</ns3:hr>
            <ns3:cad>85</ns3:cad>
          </ns3:TrackPointExtension>
        </extensions>
      </trkpt>
      <trkpt lat="55.63267123885452747344970703125" lon="37.31141072697937488555908203125">
        <ele>196.1999969482421875</ele>
        <time>2026-09-26T06:17:41.000Z</time>
        <extensions>
          <ns3:TrackPointExtension>
            <ns3:hr>149</ns3:hr>
            <ns3:cad>85</ns3:cad>
          </ns3:TrackPointExtension>
        </extensions>
      </trkpt>
      <trkpt lat="55.6326890923082828521728515625" lon="37.3113799653947353363037109375">
        <ele>196.1999969482421875</ele>
        <time>2026-09-26T06:17:42.000Z</time>
        <extensions>
          <ns3:TrackPointExtension>
            <ns3:hr>150</ns3:hr>
            <ns3:cad>86</ns3:cad>
          </ns3:TrackPointExtension>
        </extensions>
      </trkpt>
      <trkpt lat="55.63270359300076961517333984375" lon="37.31134987436234951019287109375">
        <ele>196.399993896484375</ele>
        <time>2026-09-26T06:17:43.000Z</time>
        <extensions>
          <ns3:TrackPointExtension>
            <ns3:hr>149</ns3:hr>
            <ns3:cad>86</ns3:cad>
          </ns3:TrackPointExtension>
        </extensions>
      </trkpt>
      <trkpt lat="55.632719434797763824462890625" lon="37.31131467036902904510498046875">
        <ele>196.1999969482421875</ele>
        <time>2026-09-26T06:17:44.000Z</time>
        <extensions>
          <ns3:TrackPointExtension>
            <ns3:hr>149</ns3:hr>
            <ns3:cad>88</ns3:cad>
          </ns3:TrackPointExtension>
        </extensions>
      </trkpt>
      <trkpt lat="55.63273854553699493408203125" lon="37.31128047220408916473388671875">
        <ele>196</ele>
        <time>2026-09-26T06:17:45.000Z</time>
        <extensions>
          <ns3:TrackPointExtension>
            <ns3:hr>149</ns3:hr>
            <ns3:cad>88</ns3:cad>
          </ns3:TrackPointExtension>
        </extensions>
      </trkpt>
      <trkpt lat="55.63275857828557491302490234375" lon="37.31125272810459136962890625">
        <ele>196</ele>
        <time>2026-09-26T06:17:46.000Z</time>
        <extensions>
          <ns3:TrackPointExtension>
            <ns3:hr>149</ns3:hr>
            <ns3:cad>88</ns3:cad>
          </ns3:TrackPointExtension>
        </extensions>
      </trkpt>
      <trkpt lat="55.6327809579670429229736328125" lon="37.31122313998639583587646484375">
        <ele>196</ele>
        <time>2026-09-26T06:17:47.000Z</time>
        <extensions>
          <ns3:TrackPointExtension>
            <ns3:hr>149</ns3:hr>
            <ns3:cad>87</ns3:cad>
          </ns3:TrackPointExtension>
        </extensions>
      </trkpt>
      <trkpt lat="55.632804930210113525390625" lon="37.311198748648166656494140625">
        <ele>196</ele>
        <time>2026-09-26T06:17:48.000Z</time>
        <extensions>
          <ns3:TrackPointExtension>
            <ns3:hr>149</ns3:hr>
            <ns3:cad>87</ns3:cad>
          </ns3:TrackPointExtension>
        </extensions>
      </trkpt>
      <trkpt lat="55.63282764516770839691162109375" lon="37.3111791349947452545166015625">
        <ele>196</ele>
        <time>2026-09-26T06:17:49.000Z</time>
        <extensions>
          <ns3:TrackPointExtension>
            <ns3:hr>149</ns3:hr>
            <ns3:cad>87</ns3:cad>
          </ns3:TrackPointExtension>
        </extensions>
      </trkpt>
      <trkpt lat="55.63284792937338352203369140625" lon="37.31116027571260929107666015625">
        <ele>195.8000030517578125</ele>
        <time>2026-09-26T06:17:50.000Z</time>
        <extensions>
          <ns3:TrackPointExtension>
            <ns3:hr>149</ns3:hr>
            <ns3:cad>87</ns3:cad>
          </ns3:TrackPointExtension>
        </extensions>
      </trkpt>
      <trkpt lat="55.63286888413131237030029296875" lon="37.31114200316369533538818359375">
        <ele>195.8000030517578125</ele>
        <time>2026-09-26T06:17:51.000Z</time>
        <extensions>
          <ns3:TrackPointExtension>
            <ns3:hr>149</ns3:hr>
            <ns3:cad>86</ns3:cad>
          </ns3:TrackPointExtension>
        </extensions>
      </trkpt>
      <trkpt lat="55.63289009034633636474609375" lon="37.31112171895802021026611328125">
        <ele>195.8000030517578125</ele>
        <time>2026-09-26T06:17:52.000Z</time>
        <extensions>
          <ns3:TrackPointExtension>
            <ns3:hr>149</ns3:hr>
            <ns3:cad>86</ns3:cad>
          </ns3:TrackPointExtension>
        </extensions>
      </trkpt>
      <trkpt lat="55.632912553846836090087890625" lon="37.31110059656202793121337890625">
        <ele>195.600006103515625</ele>
        <time>2026-09-26T06:17:53.000Z</time>
        <extensions>
          <ns3:TrackPointExtension>
            <ns3:hr>149</ns3:hr>
            <ns3:cad>86</ns3:cad>
          </ns3:TrackPointExtension>
        </extensions>
      </trkpt>
      <trkpt lat="55.63293124549090862274169921875" lon="37.31108265928924083709716796875">
        <ele>195.600006103515625</ele>
        <time>2026-09-26T06:17:54.000Z</time>
        <extensions>
          <ns3:TrackPointExtension>
            <ns3:hr>150</ns3:hr>
            <ns3:cad>86</ns3:cad>
          </ns3:TrackPointExtension>
        </extensions>
      </trkpt>
      <trkpt lat="55.6329479254782199859619140625" lon="37.31106421910226345062255859375">
        <ele>195.600006103515625</ele>
        <time>2026-09-26T06:17:55.000Z</time>
        <extensions>
          <ns3:TrackPointExtension>
            <ns3:hr>149</ns3:hr>
            <ns3:cad>86</ns3:cad>
          </ns3:TrackPointExtension>
        </extensions>
      </trkpt>
      <trkpt lat="55.63296427018940448760986328125" lon="37.311053574085235595703125">
        <ele>195.399993896484375</ele>
        <time>2026-09-26T06:17:56.000Z</time>
        <extensions>
          <ns3:TrackPointExtension>
            <ns3:hr>149</ns3:hr>
            <ns3:cad>86</ns3:cad>
          </ns3:TrackPointExtension>
        </extensions>
      </trkpt>
      <trkpt lat="55.63298237510025501251220703125" lon="37.3110306076705455780029296875">
        <ele>195.399993896484375</ele>
        <time>2026-09-26T06:17:57.000Z</time>
        <extensions>
          <ns3:TrackPointExtension>
            <ns3:hr>149</ns3:hr>
            <ns3:cad>86</ns3:cad>
          </ns3:TrackPointExtension>
        </extensions>
      </trkpt>
      <trkpt lat="55.6330049224197864532470703125" lon="37.31099867261946201324462890625">
        <ele>195.399993896484375</ele>
        <time>2026-09-26T06:17:58.000Z</time>
        <extensions>
          <ns3:TrackPointExtension>
            <ns3:hr>149</ns3:hr>
            <ns3:cad>87</ns3:cad>
          </ns3:TrackPointExtension>
        </extensions>
      </trkpt>
      <trkpt lat="55.63302780501544475555419921875" lon="37.31097285635769367218017578125">
        <ele>195.1999969482421875</ele>
        <time>2026-09-26T06:17:59.000Z</time>
        <extensions>
          <ns3:TrackPointExtension>
            <ns3:hr>149</ns3:hr>
            <ns3:cad>87</ns3:cad>
          </ns3:TrackPointExtension>
        </extensions>
      </trkpt>
      <trkpt lat="55.633049346506595611572265625" lon="37.31095391325652599334716796875">
        <ele>195</ele>
        <time>2026-09-26T06:18:00.000Z</time>
        <extensions>
          <ns3:TrackPointExtension>
            <ns3:hr>148</ns3:hr>
            <ns3:cad>87</ns3:cad>
          </ns3:TrackPointExtension>
        </extensions>
      </trkpt>
      <trkpt lat="55.633070804178714752197265625" lon="37.31093262322247028350830078125">
        <ele>194.8000030517578125</ele>
        <time>2026-09-26T06:18:01.000Z</time>
        <extensions>
          <ns3:TrackPointExtension>
            <ns3:hr>149</ns3:hr>
            <ns3:cad>87</ns3:cad>
          </ns3:TrackPointExtension>
        </extensions>
      </trkpt>
      <trkpt lat="55.63309385441243648529052734375" lon="37.31090915389358997344970703125">
        <ele>194.399993896484375</ele>
        <time>2026-09-26T06:18:02.000Z</time>
        <extensions>
          <ns3:TrackPointExtension>
            <ns3:hr>149</ns3:hr>
            <ns3:cad>87</ns3:cad>
          </ns3:TrackPointExtension>
        </extensions>
      </trkpt>
      <trkpt lat="55.633115731179714202880859375" lon="37.31088166125118732452392578125">
        <ele>194.1999969482421875</ele>
        <time>2026-09-26T06:18:03.000Z</time>
        <extensions>
          <ns3:TrackPointExtension>
            <ns3:hr>149</ns3:hr>
            <ns3:cad>88</ns3:cad>
          </ns3:TrackPointExtension>
        </extensions>
      </trkpt>
      <trkpt lat="55.63314221799373626708984375" lon="37.31085198931396007537841796875">
        <ele>193.8000030517578125</ele>
        <time>2026-09-26T06:18:04.000Z</time>
        <extensions>
          <ns3:TrackPointExtension>
            <ns3:hr>149</ns3:hr>
            <ns3:cad>88</ns3:cad>
          </ns3:TrackPointExtension>
        </extensions>
      </trkpt>
      <trkpt lat="55.633162669837474822998046875" lon="37.310828603804111480712890625">
        <ele>193.8000030517578125</ele>
        <time>2026-09-26T06:18:05.000Z</time>
        <extensions>
          <ns3:TrackPointExtension>
            <ns3:hr>149</ns3:hr>
            <ns3:cad>86</ns3:cad>
          </ns3:TrackPointExtension>
        </extensions>
      </trkpt>
      <trkpt lat="55.63318421132862567901611328125" lon="37.31080588884651660919189453125">
        <ele>193.600006103515625</ele>
        <time>2026-09-26T06:18:06.000Z</time>
        <extensions>
          <ns3:TrackPointExtension>
            <ns3:hr>150</ns3:hr>
            <ns3:cad>86</ns3:cad>
          </ns3:TrackPointExtension>
        </extensions>
      </trkpt>
      <trkpt lat="55.63320734538137912750244140625" lon="37.31078510172665119171142578125">
        <ele>193.600006103515625</ele>
        <time>2026-09-26T06:18:07.000Z</time>
        <extensions>
          <ns3:TrackPointExtension>
            <ns3:hr>150</ns3:hr>
            <ns3:cad>86</ns3:cad>
          </ns3:TrackPointExtension>
        </extensions>
      </trkpt>
      <trkpt lat="55.63322729431092739105224609375" lon="37.31076724827289581298828125">
        <ele>193.600006103515625</ele>
        <time>2026-09-26T06:18:08.000Z</time>
        <extensions>
          <ns3:TrackPointExtension>
            <ns3:hr>150</ns3:hr>
            <ns3:cad>86</ns3:cad>
          </ns3:TrackPointExtension>
        </extensions>
      </trkpt>
      <trkpt lat="55.6332488358020782470703125" lon="37.31074604205787181854248046875">
        <ele>193.399993896484375</ele>
        <time>2026-09-26T06:18:09.000Z</time>
        <extensions>
          <ns3:TrackPointExtension>
            <ns3:hr>149</ns3:hr>
            <ns3:cad>86</ns3:cad>
          </ns3:TrackPointExtension>
        </extensions>
      </trkpt>
      <trkpt lat="55.63326937146484851837158203125" lon="37.31072508729994297027587890625">
        <ele>193.399993896484375</ele>
        <time>2026-09-26T06:18:10.000Z</time>
        <extensions>
          <ns3:TrackPointExtension>
            <ns3:hr>149</ns3:hr>
            <ns3:cad>86</ns3:cad>
          </ns3:TrackPointExtension>
        </extensions>
      </trkpt>
      <trkpt lat="55.63329451717436313629150390625" lon="37.31070153415203094482421875">
        <ele>193.1999969482421875</ele>
        <time>2026-09-26T06:18:11.000Z</time>
        <extensions>
          <ns3:TrackPointExtension>
            <ns3:hr>149</ns3:hr>
            <ns3:cad>86</ns3:cad>
          </ns3:TrackPointExtension>
        </extensions>
      </trkpt>
      <trkpt lat="55.6333194114267826080322265625" lon="37.3106820881366729736328125">
        <ele>193.1999969482421875</ele>
        <time>2026-09-26T06:18:12.000Z</time>
        <extensions>
          <ns3:TrackPointExtension>
            <ns3:hr>149</ns3:hr>
            <ns3:cad>86</ns3:cad>
          </ns3:TrackPointExtension>
        </extensions>
      </trkpt>
      <trkpt lat="55.6333442218601703643798828125" lon="37.31065937317907810211181640625">
        <ele>193</ele>
        <time>2026-09-26T06:18:13.000Z</time>
        <extensions>
          <ns3:TrackPointExtension>
            <ns3:hr>150</ns3:hr>
            <ns3:cad>86</ns3:cad>
          </ns3:TrackPointExtension>
        </extensions>
      </trkpt>
      <trkpt lat="55.63337012194097042083740234375" lon="37.31063447892665863037109375">
        <ele>193</ele>
        <time>2026-09-26T06:18:14.000Z</time>
        <extensions>
          <ns3:TrackPointExtension>
            <ns3:hr>149</ns3:hr>
            <ns3:cad>86</ns3:cad>
          </ns3:TrackPointExtension>
        </extensions>
      </trkpt>
      <trkpt lat="55.63339275307953357696533203125" lon="37.31061126105487346649169921875">
        <ele>192.8000030517578125</ele>
        <time>2026-09-26T06:18:15.000Z</time>
        <extensions>
          <ns3:TrackPointExtension>
            <ns3:hr>148</ns3:hr>
            <ns3:cad>86</ns3:cad>
          </ns3:TrackPointExtension>
        </extensions>
      </trkpt>
      <trkpt lat="55.63341454602777957916259765625" lon="37.31057940982282161712646484375">
        <ele>192.600006103515625</ele>
        <time>2026-09-26T06:18:16.000Z</time>
        <extensions>
          <ns3:TrackPointExtension>
            <ns3:hr>148</ns3:hr>
            <ns3:cad>86</ns3:cad>
          </ns3:TrackPointExtension>
        </extensions>
      </trkpt>
      <trkpt lat="55.63344304449856281280517578125" lon="37.3105364106595516204833984375">
        <ele>192.399993896484375</ele>
        <time>2026-09-26T06:18:17.000Z</time>
        <extensions>
          <ns3:TrackPointExtension>
            <ns3:hr>148</ns3:hr>
            <ns3:cad>87</ns3:cad>
          </ns3:TrackPointExtension>
        </extensions>
      </trkpt>
      <trkpt lat="55.63346835784614086151123046875" lon="37.31049575842916965484619140625">
        <ele>192.1999969482421875</ele>
        <time>2026-09-26T06:18:18.000Z</time>
        <extensions>
          <ns3:TrackPointExtension>
            <ns3:hr>148</ns3:hr>
            <ns3:cad>87</ns3:cad>
          </ns3:TrackPointExtension>
        </extensions>
      </trkpt>
      <trkpt lat="55.63348956406116485595703125" lon="37.3104606382548809051513671875">
        <ele>192.1999969482421875</ele>
        <time>2026-09-26T06:18:19.000Z</time>
        <extensions>
          <ns3:TrackPointExtension>
            <ns3:hr>147</ns3:hr>
            <ns3:cad>87</ns3:cad>
          </ns3:TrackPointExtension>
        </extensions>
      </trkpt>
      <trkpt lat="55.63351026736199855804443359375" lon="37.31042836792767047882080078125">
        <ele>192</ele>
        <time>2026-09-26T06:18:20.000Z</time>
        <extensions>
          <ns3:TrackPointExtension>
            <ns3:hr>147</ns3:hr>
            <ns3:cad>87</ns3:cad>
          </ns3:TrackPointExtension>
        </extensions>
      </trkpt>
      <trkpt lat="55.63353055156767368316650390625" lon="37.31040246784687042236328125">
        <ele>191.8000030517578125</ele>
        <time>2026-09-26T06:18:21.000Z</time>
        <extensions>
          <ns3:TrackPointExtension>
            <ns3:hr>147</ns3:hr>
            <ns3:cad>87</ns3:cad>
          </ns3:TrackPointExtension>
        </extensions>
      </trkpt>
      <trkpt lat="55.63355469144880771636962890625" lon="37.31038142926990985870361328125">
        <ele>191.600006103515625</ele>
        <time>2026-09-26T06:18:22.000Z</time>
        <extensions>
          <ns3:TrackPointExtension>
            <ns3:hr>147</ns3:hr>
            <ns3:cad>87</ns3:cad>
          </ns3:TrackPointExtension>
        </extensions>
      </trkpt>
      <trkpt lat="55.6335785798728466033935546875" lon="37.3103650845587253570556640625">
        <ele>191.1999969482421875</ele>
        <time>2026-09-26T06:18:23.000Z</time>
        <extensions>
          <ns3:TrackPointExtension>
            <ns3:hr>147</ns3:hr>
            <ns3:cad>86</ns3:cad>
          </ns3:TrackPointExtension>
        </extensions>
      </trkpt>
      <trkpt lat="55.6336067430675029754638671875" lon="37.31034815311431884765625">
        <ele>190.8000030517578125</ele>
        <time>2026-09-26T06:18:24.000Z</time>
        <extensions>
          <ns3:TrackPointExtension>
            <ns3:hr>147</ns3:hr>
            <ns3:cad>86</ns3:cad>
          </ns3:TrackPointExtension>
        </extensions>
      </trkpt>
      <trkpt lat="55.63363180495798587799072265625" lon="37.31033398769795894622802734375">
        <ele>190.600006103515625</ele>
        <time>2026-09-26T06:18:25.000Z</time>
        <extensions>
          <ns3:TrackPointExtension>
            <ns3:hr>148</ns3:hr>
            <ns3:cad>86</ns3:cad>
          </ns3:TrackPointExtension>
        </extensions>
      </trkpt>
      <trkpt lat="55.63365720212459564208984375" lon="37.31031672097742557525634765625">
        <ele>190.1999969482421875</ele>
        <time>2026-09-26T06:18:26.000Z</time>
        <extensions>
          <ns3:TrackPointExtension>
            <ns3:hr>148</ns3:hr>
            <ns3:cad>86</ns3:cad>
          </ns3:TrackPointExtension>
        </extensions>
      </trkpt>
      <trkpt lat="55.63368109054863452911376953125" lon="37.310292162001132965087890625">
        <ele>189.600006103515625</ele>
        <time>2026-09-26T06:18:27.000Z</time>
        <extensions>
          <ns3:TrackPointExtension>
            <ns3:hr>148</ns3:hr>
            <ns3:cad>86</ns3:cad>
          </ns3:TrackPointExtension>
        </extensions>
      </trkpt>
      <trkpt lat="55.63370288349688053131103515625" lon="37.31026592664420604705810546875">
        <ele>189.1999969482421875</ele>
        <time>2026-09-26T06:18:28.000Z</time>
        <extensions>
          <ns3:TrackPointExtension>
            <ns3:hr>148</ns3:hr>
            <ns3:cad>87</ns3:cad>
          </ns3:TrackPointExtension>
        </extensions>
      </trkpt>
      <trkpt lat="55.63372199423611164093017578125" lon="37.31023013591766357421875">
        <ele>189</ele>
        <time>2026-09-26T06:18:29.000Z</time>
        <extensions>
          <ns3:TrackPointExtension>
            <ns3:hr>149</ns3:hr>
            <ns3:cad>87</ns3:cad>
          </ns3:TrackPointExtension>
        </extensions>
      </trkpt>
      <trkpt lat="55.6337418593466281890869140625" lon="37.31019266881048679351806640625">
        <ele>188.600006103515625</ele>
        <time>2026-09-26T06:18:30.000Z</time>
        <extensions>
          <ns3:TrackPointExtension>
            <ns3:hr>149</ns3:hr>
            <ns3:cad>87</ns3:cad>
          </ns3:TrackPointExtension>
        </extensions>
      </trkpt>
      <trkpt lat="55.63375107944011688232421875" lon="37.310143969953060150146484375">
        <ele>188.600006103515625</ele>
        <time>2026-09-26T06:18:31.000Z</time>
        <extensions>
          <ns3:TrackPointExtension>
            <ns3:hr>149</ns3:hr>
            <ns3:cad>87</ns3:cad>
          </ns3:TrackPointExtension>
        </extensions>
      </trkpt>
      <trkpt lat="55.63375418074429035186767578125" lon="37.31010315008461475372314453125">
        <ele>188.399993896484375</ele>
        <time>2026-09-26T06:18:32.000Z</time>
        <extensions>
          <ns3:TrackPointExtension>
            <ns3:hr>149</ns3:hr>
            <ns3:cad>88</ns3:cad>
          </ns3:TrackPointExtension>
        </extensions>
      </trkpt>
      <trkpt lat="55.633756779134273529052734375" lon="37.31006442569196224212646484375">
        <ele>188.399993896484375</ele>
        <time>2026-09-26T06:18:33.000Z</time>
        <extensions>
          <ns3:TrackPointExtension>
            <ns3:hr>149</ns3:hr>
            <ns3:cad>88</ns3:cad>
          </ns3:TrackPointExtension>
        </extensions>
      </trkpt>
      <trkpt lat="55.63376306556165218353271484375" lon="37.31002100743353366851806640625">
        <ele>188.399993896484375</ele>
        <time>2026-09-26T06:18:34.000Z</time>
        <extensions>
          <ns3:TrackPointExtension>
            <ns3:hr>149</ns3:hr>
            <ns3:cad>88</ns3:cad>
          </ns3:TrackPointExtension>
        </extensions>
      </trkpt>
      <trkpt lat="55.633767507970333099365234375" lon="37.30998940765857696533203125">
        <ele>188.1999969482421875</ele>
        <time>2026-09-26T06:18:35.000Z</time>
        <extensions>
          <ns3:TrackPointExtension>
            <ns3:hr>150</ns3:hr>
            <ns3:cad>86</ns3:cad>
          </ns3:TrackPointExtension>
        </extensions>
      </trkpt>
      <trkpt lat="55.633770190179347991943359375" lon="37.3099516890943050384521484375">
        <ele>188.1999969482421875</ele>
        <time>2026-09-26T06:18:36.000Z</time>
        <extensions>
          <ns3:TrackPointExtension>
            <ns3:hr>150</ns3:hr>
            <ns3:cad>86</ns3:cad>
          </ns3:TrackPointExtension>
        </extensions>
      </trkpt>
      <trkpt lat="55.6337716989219188690185546875" lon="37.30991371907293796539306640625">
        <ele>188.1999969482421875</ele>
        <time>2026-09-26T06:18:37.000Z</time>
        <extensions>
          <ns3:TrackPointExtension>
            <ns3:hr>150</ns3:hr>
            <ns3:cad>86</ns3:cad>
          </ns3:TrackPointExtension>
        </extensions>
      </trkpt>
      <trkpt lat="55.63377178274095058441162109375" lon="37.3098708875477313995361328125">
        <ele>188.1999969482421875</ele>
        <time>2026-09-26T06:18:38.000Z</time>
        <extensions>
          <ns3:TrackPointExtension>
            <ns3:hr>150</ns3:hr>
            <ns3:cad>86</ns3:cad>
          </ns3:TrackPointExtension>
        </extensions>
      </trkpt>
      <trkpt lat="55.63377044163644313812255859375" lon="37.30983057059347629547119140625">
        <ele>188.1999969482421875</ele>
        <time>2026-09-26T06:18:39.000Z</time>
        <extensions>
          <ns3:TrackPointExtension>
            <ns3:hr>151</ns3:hr>
            <ns3:cad>86</ns3:cad>
          </ns3:TrackPointExtension>
        </extensions>
      </trkpt>
      <trkpt lat="55.63376574777066707611083984375" lon="37.30978698469698429107666015625">
        <ele>188.399993896484375</ele>
        <time>2026-09-26T06:18:40.000Z</time>
        <extensions>
          <ns3:TrackPointExtension>
            <ns3:hr>150</ns3:hr>
            <ns3:cad>86</ns3:cad>
          </ns3:TrackPointExtension>
        </extensions>
      </trkpt>
      <trkpt lat="55.63375887461006641387939453125" lon="37.30974666774272918701171875">
        <ele>188.399993896484375</ele>
        <time>2026-09-26T06:18:41.000Z</time>
        <extensions>
          <ns3:TrackPointExtension>
            <ns3:hr>150</ns3:hr>
            <ns3:cad>86</ns3:cad>
          </ns3:TrackPointExtension>
        </extensions>
      </trkpt>
      <trkpt lat="55.63375082798302173614501953125" lon="37.30969947762787342071533203125">
        <ele>188.600006103515625</ele>
        <time>2026-09-26T06:18:42.000Z</time>
        <extensions>
          <ns3:TrackPointExtension>
            <ns3:hr>149</ns3:hr>
            <ns3:cad>87</ns3:cad>
          </ns3:TrackPointExtension>
        </extensions>
      </trkpt>
      <trkpt lat="55.63374278135597705841064453125" lon="37.309654466807842254638671875">
        <ele>188.600006103515625</ele>
        <time>2026-09-26T06:18:43.000Z</time>
        <extensions>
          <ns3:TrackPointExtension>
            <ns3:hr>148</ns3:hr>
            <ns3:cad>87</ns3:cad>
          </ns3:TrackPointExtension>
        </extensions>
      </trkpt>
      <trkpt lat="55.63373775221407413482666015625" lon="37.30961029417812824249267578125">
        <ele>188.8000030517578125</ele>
        <time>2026-09-26T06:18:44.000Z</time>
        <extensions>
          <ns3:TrackPointExtension>
            <ns3:hr>148</ns3:hr>
            <ns3:cad>87</ns3:cad>
          </ns3:TrackPointExtension>
        </extensions>
      </trkpt>
      <trkpt lat="55.63372559845447540283203125" lon="37.30956352315843105316162109375">
        <ele>188.8000030517578125</ele>
        <time>2026-09-26T06:18:45.000Z</time>
        <extensions>
          <ns3:TrackPointExtension>
            <ns3:hr>148</ns3:hr>
            <ns3:cad>87</ns3:cad>
          </ns3:TrackPointExtension>
        </extensions>
      </trkpt>
      <trkpt lat="55.63371797092258930206298828125" lon="37.30952647514641284942626953125">
        <ele>189</ele>
        <time>2026-09-26T06:18:46.000Z</time>
        <extensions>
          <ns3:TrackPointExtension>
            <ns3:hr>147</ns3:hr>
            <ns3:cad>87</ns3:cad>
          </ns3:TrackPointExtension>
        </extensions>
      </trkpt>
      <trkpt lat="55.633709840476512908935546875" lon="37.30948389507830142974853515625">
        <ele>189.1999969482421875</ele>
        <time>2026-09-26T06:18:47.000Z</time>
        <extensions>
          <ns3:TrackPointExtension>
            <ns3:hr>147</ns3:hr>
            <ns3:cad>87</ns3:cad>
          </ns3:TrackPointExtension>
        </extensions>
      </trkpt>
      <trkpt lat="55.63370271585881710052490234375" lon="37.3094424046576023101806640625">
        <ele>189.1999969482421875</ele>
        <time>2026-09-26T06:18:48.000Z</time>
        <extensions>
          <ns3:TrackPointExtension>
            <ns3:hr>147</ns3:hr>
            <ns3:cad>87</ns3:cad>
          </ns3:TrackPointExtension>
        </extensions>
      </trkpt>
      <trkpt lat="55.633697099983692169189453125" lon="37.3093981482088565826416015625">
        <ele>189.399993896484375</ele>
        <time>2026-09-26T06:18:49.000Z</time>
        <extensions>
          <ns3:TrackPointExtension>
            <ns3:hr>147</ns3:hr>
            <ns3:cad>86</ns3:cad>
          </ns3:TrackPointExtension>
        </extensions>
      </trkpt>
      <trkpt lat="55.63369810581207275390625" lon="37.30935011990368366241455078125">
        <ele>189.600006103515625</ele>
        <time>2026-09-26T06:18:50.000Z</time>
        <extensions>
          <ns3:TrackPointExtension>
            <ns3:hr>146</ns3:hr>
            <ns3:cad>86</ns3:cad>
          </ns3:TrackPointExtension>
        </extensions>
      </trkpt>
      <trkpt lat="55.6336972676217555999755859375" lon="37.30929982848465442657470703125">
        <ele>189.8000030517578125</ele>
        <time>2026-09-26T06:18:51.000Z</time>
        <extensions>
          <ns3:TrackPointExtension>
            <ns3:hr>146</ns3:hr>
            <ns3:cad>86</ns3:cad>
          </ns3:TrackPointExtension>
        </extensions>
      </trkpt>
      <trkpt lat="55.63369634561240673065185546875" lon="37.3092551529407501220703125">
        <ele>190</ele>
        <time>2026-09-26T06:18:52.000Z</time>
        <extensions>
          <ns3:TrackPointExtension>
            <ns3:hr>146</ns3:hr>
            <ns3:cad>86</ns3:cad>
          </ns3:TrackPointExtension>
        </extensions>
      </trkpt>
      <trkpt lat="55.6336908973753452301025390625" lon="37.30920846574008464813232421875">
        <ele>190.1999969482421875</ele>
        <time>2026-09-26T06:18:53.000Z</time>
        <extensions>
          <ns3:TrackPointExtension>
            <ns3:hr>146</ns3:hr>
            <ns3:cad>86</ns3:cad>
          </ns3:TrackPointExtension>
        </extensions>
      </trkpt>
      <trkpt lat="55.6336833536624908447265625" lon="37.3091658018529415130615234375">
        <ele>190.399993896484375</ele>
        <time>2026-09-26T06:18:54.000Z</time>
        <extensions>
          <ns3:TrackPointExtension>
            <ns3:hr>146</ns3:hr>
            <ns3:cad>86</ns3:cad>
          </ns3:TrackPointExtension>
        </extensions>
      </trkpt>
      <trkpt lat="55.63367958180606365203857421875" lon="37.3091218806803226470947265625">
        <ele>190.600006103515625</ele>
        <time>2026-09-26T06:18:55.000Z</time>
        <extensions>
          <ns3:TrackPointExtension>
            <ns3:hr>146</ns3:hr>
            <ns3:cad>86</ns3:cad>
          </ns3:TrackPointExtension>
        </extensions>
      </trkpt>
      <trkpt lat="55.63367874361574649810791015625" lon="37.30907686986029148101806640625">
        <ele>190.600006103515625</ele>
        <time>2026-09-26T06:18:56.000Z</time>
        <extensions>
          <ns3:TrackPointExtension>
            <ns3:hr>146</ns3:hr>
            <ns3:cad>86</ns3:cad>
          </ns3:TrackPointExtension>
        </extensions>
      </trkpt>
      <trkpt lat="55.63367203809320926666259765625" lon="37.3090290091931819915771484375">
        <ele>190.8000030517578125</ele>
        <time>2026-09-26T06:18:57.000Z</time>
        <extensions>
          <ns3:TrackPointExtension>
            <ns3:hr>146</ns3:hr>
            <ns3:cad>86</ns3:cad>
          </ns3:TrackPointExtension>
        </extensions>
      </trkpt>
      <trkpt lat="55.633663572371006011962890625" lon="37.30897947214543819427490234375">
        <ele>190.8000030517578125</ele>
        <time>2026-09-26T06:18:58.000Z</time>
        <extensions>
          <ns3:TrackPointExtension>
            <ns3:hr>147</ns3:hr>
            <ns3:cad>86</ns3:cad>
          </ns3:TrackPointExtension>
        </extensions>
      </trkpt>
      <trkpt lat="55.6336550228297710418701171875" lon="37.30893270112574100494384765625">
        <ele>191</ele>
        <time>2026-09-26T06:18:59.000Z</time>
        <extensions>
          <ns3:TrackPointExtension>
            <ns3:hr>146</ns3:hr>
            <ns3:cad>86</ns3:cad>
          </ns3:TrackPointExtension>
        </extensions>
      </trkpt>
      <trkpt lat="55.63364538364112377166748046875" lon="37.30888760648667812347412109375">
        <ele>191</ele>
        <time>2026-09-26T06:19:00.000Z</time>
        <extensions>
          <ns3:TrackPointExtension>
            <ns3:hr>147</ns3:hr>
            <ns3:cad>86</ns3:cad>
          </ns3:TrackPointExtension>
        </extensions>
      </trkpt>
      <trkpt lat="55.63363574445247650146484375" lon="37.308849804103374481201171875">
        <ele>191</ele>
        <time>2026-09-26T06:19:01.000Z</time>
        <extensions>
          <ns3:TrackPointExtension>
            <ns3:hr>147</ns3:hr>
            <ns3:cad>86</ns3:cad>
          </ns3:TrackPointExtension>
        </extensions>
      </trkpt>
      <trkpt lat="55.6336261890828609466552734375" lon="37.30881032533943653106689453125">
        <ele>191</ele>
        <time>2026-09-26T06:19:02.000Z</time>
        <extensions>
          <ns3:TrackPointExtension>
            <ns3:hr>147</ns3:hr>
            <ns3:cad>87</ns3:cad>
          </ns3:TrackPointExtension>
        </extensions>
      </trkpt>
      <trkpt lat="55.63361638225615024566650390625" lon="37.30876632034778594970703125">
        <ele>191.1999969482421875</ele>
        <time>2026-09-26T06:19:03.000Z</time>
        <extensions>
          <ns3:TrackPointExtension>
            <ns3:hr>147</ns3:hr>
            <ns3:cad>87</ns3:cad>
          </ns3:TrackPointExtension>
        </extensions>
      </trkpt>
      <trkpt lat="55.63360816799104213714599609375" lon="37.30872130952775478363037109375">
        <ele>191.1999969482421875</ele>
        <time>2026-09-26T06:19:04.000Z</time>
        <extensions>
          <ns3:TrackPointExtension>
            <ns3:hr>147</ns3:hr>
            <ns3:cad>86</ns3:cad>
          </ns3:TrackPointExtension>
        </extensions>
      </trkpt>
      <trkpt lat="55.633604563772678375244140625" lon="37.30867353267967700958251953125">
        <ele>191.1999969482421875</ele>
        <time>2026-09-26T06:19:05.000Z</time>
        <extensions>
          <ns3:TrackPointExtension>
            <ns3:hr>147</ns3:hr>
            <ns3:cad>85</ns3:cad>
          </ns3:TrackPointExtension>
        </extensions>
      </trkpt>
      <trkpt lat="55.633601211011409759521484375" lon="37.30861955322325229644775390625">
        <ele>191.1999969482421875</ele>
        <time>2026-09-26T06:19:06.000Z</time>
        <extensions>
          <ns3:TrackPointExtension>
            <ns3:hr>147</ns3:hr>
            <ns3:cad>84</ns3:cad>
          </ns3:TrackPointExtension>
        </extensions>
      </trkpt>
      <trkpt lat="55.63359693624079227447509765625" lon="37.308575212955474853515625">
        <ele>191.1999969482421875</ele>
        <time>2026-09-26T06:19:07.000Z</time>
        <extensions>
          <ns3:TrackPointExtension>
            <ns3:hr>146</ns3:hr>
            <ns3:cad>84</ns3:cad>
          </ns3:TrackPointExtension>
        </extensions>
      </trkpt>
      <trkpt lat="55.63359417021274566650390625" lon="37.30852835811674594879150390625">
        <ele>191</ele>
        <time>2026-09-26T06:19:08.000Z</time>
        <extensions>
          <ns3:TrackPointExtension>
            <ns3:hr>147</ns3:hr>
            <ns3:cad>84</ns3:cad>
          </ns3:TrackPointExtension>
        </extensions>
      </trkpt>
      <trkpt lat="55.63359224237501621246337890625" lon="37.30848862789571285247802734375">
        <ele>191</ele>
        <time>2026-09-26T06:19:09.000Z</time>
        <extensions>
          <ns3:TrackPointExtension>
            <ns3:hr>147</ns3:hr>
            <ns3:cad>84</ns3:cad>
          </ns3:TrackPointExtension>
        </extensions>
      </trkpt>
      <trkpt lat="55.633588135242462158203125" lon="37.3084483109414577484130859375">
        <ele>191</ele>
        <time>2026-09-26T06:19:10.000Z</time>
        <extensions>
          <ns3:TrackPointExtension>
            <ns3:hr>147</ns3:hr>
            <ns3:cad>85</ns3:cad>
          </ns3:TrackPointExtension>
        </extensions>
      </trkpt>
      <trkpt lat="55.63358486630022525787353515625" lon="37.3084020428359508514404296875">
        <ele>191</ele>
        <time>2026-09-26T06:19:11.000Z</time>
        <extensions>
          <ns3:TrackPointExtension>
            <ns3:hr>147</ns3:hr>
            <ns3:cad>85</ns3:cad>
          </ns3:TrackPointExtension>
        </extensions>
      </trkpt>
      <trkpt lat="55.63358134590089321136474609375" lon="37.30835988186299800872802734375">
        <ele>191</ele>
        <time>2026-09-26T06:19:12.000Z</time>
        <extensions>
          <ns3:TrackPointExtension>
            <ns3:hr>146</ns3:hr>
            <ns3:cad>86</ns3:cad>
          </ns3:TrackPointExtension>
        </extensions>
      </trkpt>
      <trkpt lat="55.633577406406402587890625" lon="37.30831646360456943511962890625">
        <ele>191</ele>
        <time>2026-09-26T06:19:13.000Z</time>
        <extensions>
          <ns3:TrackPointExtension>
            <ns3:hr>147</ns3:hr>
            <ns3:cad>87</ns3:cad>
          </ns3:TrackPointExtension>
        </extensions>
      </trkpt>
      <trkpt lat="55.63357128761708736419677734375" lon="37.3082746379077434539794921875">
        <ele>191</ele>
        <time>2026-09-26T06:19:14.000Z</time>
        <extensions>
          <ns3:TrackPointExtension>
            <ns3:hr>147</ns3:hr>
            <ns3:cad>87</ns3:cad>
          </ns3:TrackPointExtension>
        </extensions>
      </trkpt>
      <trkpt lat="55.633559636771678924560546875" lon="37.3082287050783634185791015625">
        <ele>191</ele>
        <time>2026-09-26T06:19:15.000Z</time>
        <extensions>
          <ns3:TrackPointExtension>
            <ns3:hr>149</ns3:hr>
            <ns3:cad>86</ns3:cad>
          </ns3:TrackPointExtension>
        </extensions>
      </trkpt>
      <trkpt lat="55.6335519254207611083984375" lon="37.30818151496350765228271484375">
        <ele>191</ele>
        <time>2026-09-26T06:19:16.000Z</time>
        <extensions>
          <ns3:TrackPointExtension>
            <ns3:hr>149</ns3:hr>
            <ns3:cad>85</ns3:cad>
          </ns3:TrackPointExtension>
        </extensions>
      </trkpt>
      <trkpt lat="55.63354630954563617706298828125" lon="37.30813675560057163238525390625">
        <ele>191</ele>
        <time>2026-09-26T06:19:17.000Z</time>
        <extensions>
          <ns3:TrackPointExtension>
            <ns3:hr>149</ns3:hr>
            <ns3:cad>85</ns3:cad>
          </ns3:TrackPointExtension>
        </extensions>
      </trkpt>
      <trkpt lat="55.63354278914630413055419921875" lon="37.3080942593514919281005859375">
        <ele>191</ele>
        <time>2026-09-26T06:19:18.000Z</time>
        <extensions>
          <ns3:TrackPointExtension>
            <ns3:hr>149</ns3:hr>
            <ns3:cad>85</ns3:cad>
          </ns3:TrackPointExtension>
        </extensions>
      </trkpt>
      <trkpt lat="55.63353524543344974517822265625" lon="37.30805553495883941650390625">
        <ele>191</ele>
        <time>2026-09-26T06:19:19.000Z</time>
        <extensions>
          <ns3:TrackPointExtension>
            <ns3:hr>149</ns3:hr>
            <ns3:cad>86</ns3:cad>
          </ns3:TrackPointExtension>
        </extensions>
      </trkpt>
      <trkpt lat="55.63352485187351703643798828125" lon="37.30802007950842380523681640625">
        <ele>191</ele>
        <time>2026-09-26T06:19:20.000Z</time>
        <extensions>
          <ns3:TrackPointExtension>
            <ns3:hr>149</ns3:hr>
            <ns3:cad>86</ns3:cad>
          </ns3:TrackPointExtension>
        </extensions>
      </trkpt>
      <trkpt lat="55.6335168890655040740966796875" lon="37.30798169039189815521240234375">
        <ele>191</ele>
        <time>2026-09-26T06:19:21.000Z</time>
        <extensions>
          <ns3:TrackPointExtension>
            <ns3:hr>149</ns3:hr>
            <ns3:cad>85</ns3:cad>
          </ns3:TrackPointExtension>
        </extensions>
      </trkpt>
      <trkpt lat="55.63350959680974483489990234375" lon="37.30794296599924564361572265625">
        <ele>190.8000030517578125</ele>
        <time>2026-09-26T06:19:22.000Z</time>
        <extensions>
          <ns3:TrackPointExtension>
            <ns3:hr>149</ns3:hr>
            <ns3:cad>85</ns3:cad>
          </ns3:TrackPointExtension>
        </extensions>
      </trkpt>
      <trkpt lat="55.6335028074681758880615234375" lon="37.307905666530132293701171875">
        <ele>190.600006103515625</ele>
        <time>2026-09-26T06:19:23.000Z</time>
        <extensions>
          <ns3:TrackPointExtension>
            <ns3:hr>149</ns3:hr>
            <ns3:cad>86</ns3:cad>
          </ns3:TrackPointExtension>
        </extensions>
      </trkpt>
      <trkpt lat="55.63349568285048007965087890625" lon="37.30786954052746295928955078125">
        <ele>190.600006103515625</ele>
        <time>2026-09-26T06:19:24.000Z</time>
        <extensions>
          <ns3:TrackPointExtension>
            <ns3:hr>149</ns3:hr>
            <ns3:cad>86</ns3:cad>
          </ns3:TrackPointExtension>
        </extensions>
      </trkpt>
      <trkpt lat="55.63348880968987941741943359375" lon="37.30783115141093730926513671875">
        <ele>190.399993896484375</ele>
        <time>2026-09-26T06:19:25.000Z</time>
        <extensions>
          <ns3:TrackPointExtension>
            <ns3:hr>150</ns3:hr>
            <ns3:cad>86</ns3:cad>
          </ns3:TrackPointExtension>
        </extensions>
      </trkpt>
      <trkpt lat="55.63348285853862762451171875" lon="37.30779058299958705902099609375">
        <ele>190.1999969482421875</ele>
        <time>2026-09-26T06:19:26.000Z</time>
        <extensions>
          <ns3:TrackPointExtension>
            <ns3:hr>149</ns3:hr>
            <ns3:cad>85</ns3:cad>
          </ns3:TrackPointExtension>
        </extensions>
      </trkpt>
      <trkpt lat="55.63347539864480495452880859375" lon="37.3077502660453319549560546875">
        <ele>190</ele>
        <time>2026-09-26T06:19:27.000Z</time>
        <extensions>
          <ns3:TrackPointExtension>
            <ns3:hr>149</ns3:hr>
            <ns3:cad>85</ns3:cad>
          </ns3:TrackPointExtension>
        </extensions>
      </trkpt>
      <trkpt lat="55.6334672681987285614013671875" lon="37.30771732516586780548095703125">
        <ele>190</ele>
        <time>2026-09-26T06:19:28.000Z</time>
        <extensions>
          <ns3:TrackPointExtension>
            <ns3:hr>149</ns3:hr>
            <ns3:cad>85</ns3:cad>
          </ns3:TrackPointExtension>
        </extensions>
      </trkpt>
      <trkpt lat="55.6334619037806987762451171875" lon="37.30767943896353244781494140625">
        <ele>189.8000030517578125</ele>
        <time>2026-09-26T06:19:29.000Z</time>
        <extensions>
          <ns3:TrackPointExtension>
            <ns3:hr>148</ns3:hr>
            <ns3:cad>85</ns3:cad>
          </ns3:TrackPointExtension>
        </extensions>
      </trkpt>
      <trkpt lat="55.63345913775265216827392578125" lon="37.30764306150376796722412109375">
        <ele>189.8000030517578125</ele>
        <time>2026-09-26T06:19:30.000Z</time>
        <extensions>
          <ns3:TrackPointExtension>
            <ns3:hr>148</ns3:hr>
            <ns3:cad>86</ns3:cad>
          </ns3:TrackPointExtension>
        </extensions>
      </trkpt>
      <trkpt lat="55.63345729373395442962646484375" lon="37.30760299600660800933837890625">
        <ele>189.600006103515625</ele>
        <time>2026-09-26T06:19:31.000Z</time>
        <extensions>
          <ns3:TrackPointExtension>
            <ns3:hr>148</ns3:hr>
            <ns3:cad>86</ns3:cad>
          </ns3:TrackPointExtension>
        </extensions>
      </trkpt>
      <trkpt lat="55.63345477916300296783447265625" lon="37.30756075121462345123291015625">
        <ele>189.399993896484375</ele>
        <time>2026-09-26T06:19:32.000Z</time>
        <extensions>
          <ns3:TrackPointExtension>
            <ns3:hr>148</ns3:hr>
            <ns3:cad>86</ns3:cad>
          </ns3:TrackPointExtension>
        </extensions>
      </trkpt>
      <trkpt lat="55.633451677858829498291015625" lon="37.3075170814990997314453125">
        <ele>189.1999969482421875</ele>
        <time>2026-09-26T06:19:33.000Z</time>
        <extensions>
          <ns3:TrackPointExtension>
            <ns3:hr>147</ns3:hr>
            <ns3:cad>86</ns3:cad>
          </ns3:TrackPointExtension>
        </extensions>
      </trkpt>
      <trkpt lat="55.6334484927356243133544921875" lon="37.3074688017368316650390625">
        <ele>189</ele>
        <time>2026-09-26T06:19:34.000Z</time>
        <extensions>
          <ns3:TrackPointExtension>
            <ns3:hr>147</ns3:hr>
            <ns3:cad>85</ns3:cad>
          </ns3:TrackPointExtension>
        </extensions>
      </trkpt>
      <trkpt lat="55.63344522379338741302490234375" lon="37.30742479674518108367919921875">
        <ele>189</ele>
        <time>2026-09-26T06:19:35.000Z</time>
        <extensions>
          <ns3:TrackPointExtension>
            <ns3:hr>147</ns3:hr>
            <ns3:cad>85</ns3:cad>
          </ns3:TrackPointExtension>
        </extensions>
      </trkpt>
      <trkpt lat="55.6334424577653408050537109375" lon="37.307378947734832763671875">
        <ele>188.8000030517578125</ele>
        <time>2026-09-26T06:19:36.000Z</time>
        <extensions>
          <ns3:TrackPointExtension>
            <ns3:hr>147</ns3:hr>
            <ns3:cad>85</ns3:cad>
          </ns3:TrackPointExtension>
        </extensions>
      </trkpt>
      <trkpt lat="55.6334392726421356201171875" lon="37.3073331825435161590576171875">
        <ele>188.600006103515625</ele>
        <time>2026-09-26T06:19:37.000Z</time>
        <extensions>
          <ns3:TrackPointExtension>
            <ns3:hr>147</ns3:hr>
            <ns3:cad>86</ns3:cad>
          </ns3:TrackPointExtension>
        </extensions>
      </trkpt>
      <trkpt lat="55.6334360875189304351806640625" lon="37.307283394038677215576171875">
        <ele>188.399993896484375</ele>
        <time>2026-09-26T06:19:38.000Z</time>
        <extensions>
          <ns3:TrackPointExtension>
            <ns3:hr>146</ns3:hr>
            <ns3:cad>86</ns3:cad>
          </ns3:TrackPointExtension>
        </extensions>
      </trkpt>
      <trkpt lat="55.63343047164380550384521484375" lon="37.30723989196121692657470703125">
        <ele>188.1999969482421875</ele>
        <time>2026-09-26T06:19:39.000Z</time>
        <extensions>
          <ns3:TrackPointExtension>
            <ns3:hr>146</ns3:hr>
            <ns3:cad>87</ns3:cad>
          </ns3:TrackPointExtension>
        </extensions>
      </trkpt>
      <trkpt lat="55.63342108391225337982177734375" lon="37.30719915591180324554443359375">
        <ele>188</ele>
        <time>2026-09-26T06:19:40.000Z</time>
        <extensions>
          <ns3:TrackPointExtension>
            <ns3:hr>146</ns3:hr>
            <ns3:cad>87</ns3:cad>
          </ns3:TrackPointExtension>
        </extensions>
      </trkpt>
      <trkpt lat="55.633406080305576324462890625" lon="37.3071564920246601104736328125">
        <ele>187.8000030517578125</ele>
        <time>2026-09-26T06:19:41.000Z</time>
        <extensions>
          <ns3:TrackPointExtension>
            <ns3:hr>146</ns3:hr>
            <ns3:cad>86</ns3:cad>
          </ns3:TrackPointExtension>
        </extensions>
      </trkpt>
      <trkpt lat="55.6333856284618377685546875" lon="37.30712824501097202301025390625">
        <ele>187.600006103515625</ele>
        <time>2026-09-26T06:19:42.000Z</time>
        <extensions>
          <ns3:TrackPointExtension>
            <ns3:hr>145</ns3:hr>
            <ns3:cad>86</ns3:cad>
          </ns3:TrackPointExtension>
        </extensions>
      </trkpt>
      <trkpt lat="55.6333603151142597198486328125" lon="37.3071051947772502899169921875">
        <ele>187.399993896484375</ele>
        <time>2026-09-26T06:19:43.000Z</time>
        <extensions>
          <ns3:TrackPointExtension>
            <ns3:hr>145</ns3:hr>
            <ns3:cad>86</ns3:cad>
          </ns3:TrackPointExtension>
        </extensions>
      </trkpt>
      <trkpt lat="55.6333348341286182403564453125" lon="37.30709253810346126556396484375">
        <ele>187.1999969482421875</ele>
        <time>2026-09-26T06:19:44.000Z</time>
        <extensions>
          <ns3:TrackPointExtension>
            <ns3:hr>146</ns3:hr>
            <ns3:cad>86</ns3:cad>
          </ns3:TrackPointExtension>
        </extensions>
      </trkpt>
      <trkpt lat="55.6333100236952304840087890625" lon="37.30708734132349491119384765625">
        <ele>187.1999969482421875</ele>
        <time>2026-09-26T06:19:45.000Z</time>
        <extensions>
          <ns3:TrackPointExtension>
            <ns3:hr>146</ns3:hr>
            <ns3:cad>87</ns3:cad>
          </ns3:TrackPointExtension>
        </extensions>
      </trkpt>
      <trkpt lat="55.63329108059406280517578125" lon="37.30707694776356220245361328125">
        <ele>187</ele>
        <time>2026-09-26T06:19:46.000Z</time>
        <extensions>
          <ns3:TrackPointExtension>
            <ns3:hr>146</ns3:hr>
            <ns3:cad>87</ns3:cad>
          </ns3:TrackPointExtension>
        </extensions>
      </trkpt>
      <trkpt lat="55.6332729756832122802734375" lon="37.3070703260600566864013671875">
        <ele>187</ele>
        <time>2026-09-26T06:19:47.000Z</time>
        <extensions>
          <ns3:TrackPointExtension>
            <ns3:hr>145</ns3:hr>
            <ns3:cad>87</ns3:cad>
          </ns3:TrackPointExtension>
        </extensions>
      </trkpt>
      <trkpt lat="55.633257217705249786376953125" lon="37.3070723377168178558349609375">
        <ele>187</ele>
        <time>2026-09-26T06:19:48.000Z</time>
        <extensions>
          <ns3:TrackPointExtension>
            <ns3:hr>146</ns3:hr>
            <ns3:cad>86</ns3:cad>
          </ns3:TrackPointExtension>
        </extensions>
      </trkpt>
      <trkpt lat="55.63324539922177791595458984375" lon="37.3070864193141460418701171875">
        <ele>187.1999969482421875</ele>
        <time>2026-09-26T06:19:49.000Z</time>
        <extensions>
          <ns3:TrackPointExtension>
            <ns3:hr>146</ns3:hr>
            <ns3:cad>86</ns3:cad>
          </ns3:TrackPointExtension>
        </extensions>
      </trkpt>
      <trkpt lat="55.63322897069156169891357421875" lon="37.3070974834263324737548828125">
        <ele>187.1999969482421875</ele>
        <time>2026-09-26T06:19:50.000Z</time>
        <extensions>
          <ns3:TrackPointExtension>
            <ns3:hr>146</ns3:hr>
            <ns3:cad>87</ns3:cad>
          </ns3:TrackPointExtension>
        </extensions>
      </trkpt>
      <trkpt lat="55.63321195542812347412109375" lon="37.30709522031247615814208984375">
        <ele>187.1999969482421875</ele>
        <time>2026-09-26T06:19:51.000Z</time>
        <extensions>
          <ns3:TrackPointExtension>
            <ns3:hr>146</ns3:hr>
            <ns3:cad>87</ns3:cad>
          </ns3:TrackPointExtension>
        </extensions>
      </trkpt>
      <trkpt lat="55.6331884860992431640625" lon="37.30708859860897064208984375">
        <ele>187.1999969482421875</ele>
        <time>2026-09-26T06:19:52.000Z</time>
        <extensions>
          <ns3:TrackPointExtension>
            <ns3:hr>146</ns3:hr>
            <ns3:cad>86</ns3:cad>
          </ns3:TrackPointExtension>
        </extensions>
      </trkpt>
      <trkpt lat="55.63316878862679004669189453125" lon="37.3070793785154819488525390625">
        <ele>187</ele>
        <time>2026-09-26T06:19:53.000Z</time>
        <extensions>
          <ns3:TrackPointExtension>
            <ns3:hr>146</ns3:hr>
            <ns3:cad>85</ns3:cad>
          </ns3:TrackPointExtension>
        </extensions>
      </trkpt>
      <trkpt lat="55.63315168954432010650634765625" lon="37.30707996524870395660400390625">
        <ele>187</ele>
        <time>2026-09-26T06:19:54.000Z</time>
        <extensions>
          <ns3:TrackPointExtension>
            <ns3:hr>146</ns3:hr>
            <ns3:cad>85</ns3:cad>
          </ns3:TrackPointExtension>
        </extensions>
      </trkpt>
      <trkpt lat="55.63313190825283527374267578125" lon="37.307086922228336334228515625">
        <ele>187.1999969482421875</ele>
        <time>2026-09-26T06:19:55.000Z</time>
        <extensions>
          <ns3:TrackPointExtension>
            <ns3:hr>146</ns3:hr>
            <ns3:cad>85</ns3:cad>
          </ns3:TrackPointExtension>
        </extensions>
      </trkpt>
      <trkpt lat="55.633112378418445587158203125" lon="37.3070911131799221038818359375">
        <ele>187.1999969482421875</ele>
        <time>2026-09-26T06:19:56.000Z</time>
        <extensions>
          <ns3:TrackPointExtension>
            <ns3:hr>146</ns3:hr>
            <ns3:cad>85</ns3:cad>
          </ns3:TrackPointExtension>
        </extensions>
      </trkpt>
      <trkpt lat="55.63308932818472385406494140625" lon="37.30709874071180820465087890625">
        <ele>187.1999969482421875</ele>
        <time>2026-09-26T06:19:57.000Z</time>
        <extensions>
          <ns3:TrackPointExtension>
            <ns3:hr>147</ns3:hr>
            <ns3:cad>85</ns3:cad>
          </ns3:TrackPointExtension>
        </extensions>
      </trkpt>
      <trkpt lat="55.6330666132271289825439453125" lon="37.3071062006056308746337890625">
        <ele>187.1999969482421875</ele>
        <time>2026-09-26T06:19:58.000Z</time>
        <extensions>
          <ns3:TrackPointExtension>
            <ns3:hr>146</ns3:hr>
            <ns3:cad>85</ns3:cad>
          </ns3:TrackPointExtension>
        </extensions>
      </trkpt>
      <trkpt lat="55.63303970731794834136962890625" lon="37.307109050452709197998046875">
        <ele>187</ele>
        <time>2026-09-26T06:19:59.000Z</time>
        <extensions>
          <ns3:TrackPointExtension>
            <ns3:hr>146</ns3:hr>
            <ns3:cad>85</ns3:cad>
          </ns3:TrackPointExtension>
        </extensions>
      </trkpt>
      <trkpt lat="55.63301472924649715423583984375" lon="37.3071098886430263519287109375">
        <ele>186.8000030517578125</ele>
        <time>2026-09-26T06:20:00.000Z</time>
        <extensions>
          <ns3:TrackPointExtension>
            <ns3:hr>146</ns3:hr>
            <ns3:cad>85</ns3:cad>
          </ns3:TrackPointExtension>
        </extensions>
      </trkpt>
      <trkpt lat="55.6329931877553462982177734375" lon="37.3071058653295040130615234375">
        <ele>186.399993896484375</ele>
        <time>2026-09-26T06:20:01.000Z</time>
        <extensions>
          <ns3:TrackPointExtension>
            <ns3:hr>146</ns3:hr>
            <ns3:cad>85</ns3:cad>
          </ns3:TrackPointExtension>
        </extensions>
      </trkpt>
      <trkpt lat="55.6329700537025928497314453125" lon="37.307104356586933135986328125">
        <ele>186.1999969482421875</ele>
        <time>2026-09-26T06:20:02.000Z</time>
        <extensions>
          <ns3:TrackPointExtension>
            <ns3:hr>146</ns3:hr>
            <ns3:cad>85</ns3:cad>
          </ns3:TrackPointExtension>
        </extensions>
      </trkpt>
      <trkpt lat="55.632947422564029693603515625" lon="37.30710242874920368194580078125">
        <ele>186</ele>
        <time>2026-09-26T06:20:03.000Z</time>
        <extensions>
          <ns3:TrackPointExtension>
            <ns3:hr>146</ns3:hr>
            <ns3:cad>86</ns3:cad>
          </ns3:TrackPointExtension>
        </extensions>
      </trkpt>
      <trkpt lat="55.63292219303548336029052734375" lon="37.30709304101765155792236328125">
        <ele>185.600006103515625</ele>
        <time>2026-09-26T06:20:04.000Z</time>
        <extensions>
          <ns3:TrackPointExtension>
            <ns3:hr>146</ns3:hr>
            <ns3:cad>86</ns3:cad>
          </ns3:TrackPointExtension>
        </extensions>
      </trkpt>
      <trkpt lat="55.632899142801761627197265625" lon="37.30708315037190914154052734375">
        <ele>185.1999969482421875</ele>
        <time>2026-09-26T06:20:05.000Z</time>
        <extensions>
          <ns3:TrackPointExtension>
            <ns3:hr>146</ns3:hr>
            <ns3:cad>85</ns3:cad>
          </ns3:TrackPointExtension>
        </extensions>
      </trkpt>
      <trkpt lat="55.6328748352825641632080078125" lon="37.30707225389778614044189453125">
        <ele>185</ele>
        <time>2026-09-26T06:20:06.000Z</time>
        <extensions>
          <ns3:TrackPointExtension>
            <ns3:hr>146</ns3:hr>
            <ns3:cad>85</ns3:cad>
          </ns3:TrackPointExtension>
        </extensions>
      </trkpt>
      <trkpt lat="55.63285329379141330718994140625" lon="37.30705565772950649261474609375">
        <ele>184.600006103515625</ele>
        <time>2026-09-26T06:20:07.000Z</time>
        <extensions>
          <ns3:TrackPointExtension>
            <ns3:hr>146</ns3:hr>
            <ns3:cad>86</ns3:cad>
          </ns3:TrackPointExtension>
        </extensions>
      </trkpt>
      <trkpt lat="55.63282730989158153533935546875" lon="37.307040654122829437255859375">
        <ele>184.1999969482421875</ele>
        <time>2026-09-26T06:20:08.000Z</time>
        <extensions>
          <ns3:TrackPointExtension>
            <ns3:hr>145</ns3:hr>
            <ns3:cad>86</ns3:cad>
          </ns3:TrackPointExtension>
        </extensions>
      </trkpt>
      <trkpt lat="55.63280032016336917877197265625" lon="37.307031936943531036376953125">
        <ele>183.8000030517578125</ele>
        <time>2026-09-26T06:20:09.000Z</time>
        <extensions>
          <ns3:TrackPointExtension>
            <ns3:hr>146</ns3:hr>
            <ns3:cad>86</ns3:cad>
          </ns3:TrackPointExtension>
        </extensions>
      </trkpt>
      <trkpt lat="55.63277609646320343017578125" lon="37.30703570879995822906494140625">
        <ele>183.600006103515625</ele>
        <time>2026-09-26T06:20:10.000Z</time>
        <extensions>
          <ns3:TrackPointExtension>
            <ns3:hr>146</ns3:hr>
            <ns3:cad>86</ns3:cad>
          </ns3:TrackPointExtension>
        </extensions>
      </trkpt>
      <trkpt lat="55.632749609649181365966796875" lon="37.30703671462833881378173828125">
        <ele>183.399993896484375</ele>
        <time>2026-09-26T06:20:11.000Z</time>
        <extensions>
          <ns3:TrackPointExtension>
            <ns3:hr>146</ns3:hr>
            <ns3:cad>86</ns3:cad>
          </ns3:TrackPointExtension>
        </extensions>
      </trkpt>
      <trkpt lat="55.63272672705352306365966796875" lon="37.3070341162383556365966796875">
        <ele>183</ele>
        <time>2026-09-26T06:20:12.000Z</time>
        <extensions>
          <ns3:TrackPointExtension>
            <ns3:hr>146</ns3:hr>
            <ns3:cad>85</ns3:cad>
          </ns3:TrackPointExtension>
        </extensions>
      </trkpt>
      <trkpt lat="55.6327031739056110382080078125" lon="37.3070260696113109588623046875">
        <ele>182.8000030517578125</ele>
        <time>2026-09-26T06:20:13.000Z</time>
        <extensions>
          <ns3:TrackPointExtension>
            <ns3:hr>146</ns3:hr>
            <ns3:cad>85</ns3:cad>
          </ns3:TrackPointExtension>
        </extensions>
      </trkpt>
      <trkpt lat="55.63268180005252361297607421875" lon="37.30701978318393230438232421875">
        <ele>182.399993896484375</ele>
        <time>2026-09-26T06:20:14.000Z</time>
        <extensions>
          <ns3:TrackPointExtension>
            <ns3:hr>146</ns3:hr>
            <ns3:cad>85</ns3:cad>
          </ns3:TrackPointExtension>
        </extensions>
      </trkpt>
      <trkpt lat="55.6326605938374996185302734375" lon="37.30701752007007598876953125">
        <ele>182.1999969482421875</ele>
        <time>2026-09-26T06:20:15.000Z</time>
        <extensions>
          <ns3:TrackPointExtension>
            <ns3:hr>146</ns3:hr>
            <ns3:cad>85</ns3:cad>
          </ns3:TrackPointExtension>
        </extensions>
      </trkpt>
      <trkpt lat="55.63263787887990474700927734375" lon="37.307018525898456573486328125">
        <ele>182</ele>
        <time>2026-09-26T06:20:16.000Z</time>
        <extensions>
          <ns3:TrackPointExtension>
            <ns3:hr>146</ns3:hr>
            <ns3:cad>85</ns3:cad>
          </ns3:TrackPointExtension>
        </extensions>
      </trkpt>
      <trkpt lat="55.63261784613132476806640625" lon="37.30702280066907405853271484375">
        <ele>181.8000030517578125</ele>
        <time>2026-09-26T06:20:17.000Z</time>
        <extensions>
          <ns3:TrackPointExtension>
            <ns3:hr>146</ns3:hr>
            <ns3:cad>85</ns3:cad>
          </ns3:TrackPointExtension>
        </extensions>
      </trkpt>
      <trkpt lat="55.63259638845920562744140625" lon="37.30702950619161128997802734375">
        <ele>181.600006103515625</ele>
        <time>2026-09-26T06:20:18.000Z</time>
        <extensions>
          <ns3:TrackPointExtension>
            <ns3:hr>145</ns3:hr>
            <ns3:cad>85</ns3:cad>
          </ns3:TrackPointExtension>
        </extensions>
      </trkpt>
      <trkpt lat="55.6325737573206424713134765625" lon="37.30702824890613555908203125">
        <ele>181.399993896484375</ele>
        <time>2026-09-26T06:20:19.000Z</time>
        <extensions>
          <ns3:TrackPointExtension>
            <ns3:hr>146</ns3:hr>
            <ns3:cad>85</ns3:cad>
          </ns3:TrackPointExtension>
        </extensions>
      </trkpt>
      <trkpt lat="55.63254869543015956878662109375" lon="37.30703185312449932098388671875">
        <ele>181.1999969482421875</ele>
        <time>2026-09-26T06:20:20.000Z</time>
        <extensions>
          <ns3:TrackPointExtension>
            <ns3:hr>146</ns3:hr>
            <ns3:cad>85</ns3:cad>
          </ns3:TrackPointExtension>
        </extensions>
      </trkpt>
      <trkpt lat="55.6325244717299938201904296875" lon="37.30703361332416534423828125">
        <ele>181</ele>
        <time>2026-09-26T06:20:21.000Z</time>
        <extensions>
          <ns3:TrackPointExtension>
            <ns3:hr>146</ns3:hr>
            <ns3:cad>85</ns3:cad>
          </ns3:TrackPointExtension>
        </extensions>
      </trkpt>
      <trkpt lat="55.6325020082294940948486328125" lon="37.30703503824770450592041015625">
        <ele>180.8000030517578125</ele>
        <time>2026-09-26T06:20:22.000Z</time>
        <extensions>
          <ns3:TrackPointExtension>
            <ns3:hr>146</ns3:hr>
            <ns3:cad>85</ns3:cad>
          </ns3:TrackPointExtension>
        </extensions>
      </trkpt>
      <trkpt lat="55.63247811980545520782470703125" lon="37.30703805573284626007080078125">
        <ele>180.600006103515625</ele>
        <time>2026-09-26T06:20:23.000Z</time>
        <extensions>
          <ns3:TrackPointExtension>
            <ns3:hr>146</ns3:hr>
            <ns3:cad>84</ns3:cad>
          </ns3:TrackPointExtension>
        </extensions>
      </trkpt>
      <trkpt lat="55.63245682977139949798583984375" lon="37.307043336331844329833984375">
        <ele>180.600006103515625</ele>
        <time>2026-09-26T06:20:24.000Z</time>
        <extensions>
          <ns3:TrackPointExtension>
            <ns3:hr>146</ns3:hr>
            <ns3:cad>84</ns3:cad>
          </ns3:TrackPointExtension>
        </extensions>
      </trkpt>
      <trkpt lat="55.6324369646608829498291015625" lon="37.3070552386343479156494140625">
        <ele>180.399993896484375</ele>
        <time>2026-09-26T06:20:25.000Z</time>
        <extensions>
          <ns3:TrackPointExtension>
            <ns3:hr>146</ns3:hr>
            <ns3:cad>84</ns3:cad>
          </ns3:TrackPointExtension>
        </extensions>
      </trkpt>
      <trkpt lat="55.63241860829293727874755859375" lon="37.307074181735515594482421875">
        <ele>180.399993896484375</ele>
        <time>2026-09-26T06:20:26.000Z</time>
        <extensions>
          <ns3:TrackPointExtension>
            <ns3:hr>146</ns3:hr>
            <ns3:cad>83</ns3:cad>
          </ns3:TrackPointExtension>
        </extensions>
      </trkpt>
      <trkpt lat="55.63240192830562591552734375" lon="37.3070921190083026885986328125">
        <ele>180.399993896484375</ele>
        <time>2026-09-26T06:20:27.000Z</time>
        <extensions>
          <ns3:TrackPointExtension>
            <ns3:hr>146</ns3:hr>
            <ns3:cad>83</ns3:cad>
          </ns3:TrackPointExtension>
        </extensions>
      </trkpt>
      <trkpt lat="55.63238524831831455230712890625" lon="37.30710980482399463653564453125">
        <ele>180.399993896484375</ele>
        <time>2026-09-26T06:20:28.000Z</time>
        <extensions>
          <ns3:TrackPointExtension>
            <ns3:hr>146</ns3:hr>
            <ns3:cad>83</ns3:cad>
          </ns3:TrackPointExtension>
        </extensions>
      </trkpt>
      <trkpt lat="55.63236965797841548919677734375" lon="37.30712807737290859222412109375">
        <ele>180.600006103515625</ele>
        <time>2026-09-26T06:20:29.000Z</time>
        <extensions>
          <ns3:TrackPointExtension>
            <ns3:hr>146</ns3:hr>
            <ns3:cad>84</ns3:cad>
          </ns3:TrackPointExtension>
        </extensions>
      </trkpt>
      <trkpt lat="55.63235641457140445709228515625" lon="37.30714626610279083251953125">
        <ele>180.600006103515625</ele>
        <time>2026-09-26T06:20:30.000Z</time>
        <extensions>
          <ns3:TrackPointExtension>
            <ns3:hr>146</ns3:hr>
            <ns3:cad>84</ns3:cad>
          </ns3:TrackPointExtension>
        </extensions>
      </trkpt>
      <trkpt lat="55.6323347054421901702880859375" lon="37.30716705322265625">
        <ele>180.600006103515625</ele>
        <time>2026-09-26T06:20:31.000Z</time>
        <extensions>
          <ns3:TrackPointExtension>
            <ns3:hr>145</ns3:hr>
            <ns3:cad>83</ns3:cad>
          </ns3:TrackPointExtension>
        </extensions>
      </trkpt>
      <trkpt lat="55.63231584616005420684814453125" lon="37.3071849904954433441162109375">
        <ele>180.600006103515625</ele>
        <time>2026-09-26T06:20:32.000Z</time>
        <extensions>
          <ns3:TrackPointExtension>
            <ns3:hr>145</ns3:hr>
            <ns3:cad>83</ns3:cad>
          </ns3:TrackPointExtension>
        </extensions>
      </trkpt>
      <trkpt lat="55.63229824416339397430419921875" lon="37.30720737017691135406494140625">
        <ele>180.600006103515625</ele>
        <time>2026-09-26T06:20:33.000Z</time>
        <extensions>
          <ns3:TrackPointExtension>
            <ns3:hr>145</ns3:hr>
            <ns3:cad>84</ns3:cad>
          </ns3:TrackPointExtension>
        </extensions>
      </trkpt>
      <trkpt lat="55.632286258041858673095703125" lon="37.30723301880061626434326171875">
        <ele>180.600006103515625</ele>
        <time>2026-09-26T06:20:34.000Z</time>
        <extensions>
          <ns3:TrackPointExtension>
            <ns3:hr>146</ns3:hr>
            <ns3:cad>84</ns3:cad>
          </ns3:TrackPointExtension>
        </extensions>
      </trkpt>
      <trkpt lat="55.6322778761386871337890625" lon="37.30725682340562343597412109375">
        <ele>180.8000030517578125</ele>
        <time>2026-09-26T06:20:35.000Z</time>
        <extensions>
          <ns3:TrackPointExtension>
            <ns3:hr>145</ns3:hr>
            <ns3:cad>84</ns3:cad>
          </ns3:TrackPointExtension>
        </extensions>
      </trkpt>
      <trkpt lat="55.63227293081581592559814453125" lon="37.30728917755186557769775390625">
        <ele>181</ele>
        <time>2026-09-26T06:20:36.000Z</time>
        <extensions>
          <ns3:TrackPointExtension>
            <ns3:hr>145</ns3:hr>
            <ns3:cad>83</ns3:cad>
          </ns3:TrackPointExtension>
        </extensions>
      </trkpt>
      <trkpt lat="55.63226572237908840179443359375" lon="37.30732270516455173492431640625">
        <ele>181.1999969482421875</ele>
        <time>2026-09-26T06:20:37.000Z</time>
        <extensions>
          <ns3:TrackPointExtension>
            <ns3:hr>145</ns3:hr>
            <ns3:cad>83</ns3:cad>
          </ns3:TrackPointExtension>
        </extensions>
      </trkpt>
      <trkpt lat="55.63225516118109226226806640625" lon="37.30735790915787220001220703125">
        <ele>181.399993896484375</ele>
        <time>2026-09-26T06:20:38.000Z</time>
        <extensions>
          <ns3:TrackPointExtension>
            <ns3:hr>145</ns3:hr>
            <ns3:cad>82</ns3:cad>
          </ns3:TrackPointExtension>
        </extensions>
      </trkpt>
      <trkpt lat="55.63224677927792072296142578125" lon="37.30739227496087551116943359375">
        <ele>181.600006103515625</ele>
        <time>2026-09-26T06:20:39.000Z</time>
        <extensions>
          <ns3:TrackPointExtension>
            <ns3:hr>145</ns3:hr>
            <ns3:cad>82</ns3:cad>
          </ns3:TrackPointExtension>
        </extensions>
      </trkpt>
      <trkpt lat="55.63223831355571746826171875" lon="37.3074250482022762298583984375">
        <ele>181.8000030517578125</ele>
        <time>2026-09-26T06:20:40.000Z</time>
        <extensions>
          <ns3:TrackPointExtension>
            <ns3:hr>146</ns3:hr>
            <ns3:cad>82</ns3:cad>
          </ns3:TrackPointExtension>
        </extensions>
      </trkpt>
      <trkpt lat="55.63222599215805530548095703125" lon="37.307459078729152679443359375">
        <ele>182</ele>
        <time>2026-09-26T06:20:41.000Z</time>
        <extensions>
          <ns3:TrackPointExtension>
            <ns3:hr>146</ns3:hr>
            <ns3:cad>82</ns3:cad>
          </ns3:TrackPointExtension>
        </extensions>
      </trkpt>
      <trkpt lat="55.6322173587977886199951171875" lon="37.30749570764601230621337890625">
        <ele>182.600006103515625</ele>
        <time>2026-09-26T06:20:42.000Z</time>
        <extensions>
          <ns3:TrackPointExtension>
            <ns3:hr>146</ns3:hr>
            <ns3:cad>83</ns3:cad>
          </ns3:TrackPointExtension>
        </extensions>
      </trkpt>
      <trkpt lat="55.63221308402717113494873046875" lon="37.30753392912447452545166015625">
        <ele>183</ele>
        <time>2026-09-26T06:20:43.000Z</time>
        <extensions>
          <ns3:TrackPointExtension>
            <ns3:hr>146</ns3:hr>
            <ns3:cad>84</ns3:cad>
          </ns3:TrackPointExtension>
        </extensions>
      </trkpt>
      <trkpt lat="55.63220168463885784149169921875" lon="37.30756678618490695953369140625">
        <ele>183.600006103515625</ele>
        <time>2026-09-26T06:20:44.000Z</time>
        <extensions>
          <ns3:TrackPointExtension>
            <ns3:hr>146</ns3:hr>
            <ns3:cad>85</ns3:cad>
          </ns3:TrackPointExtension>
        </extensions>
      </trkpt>
      <trkpt lat="55.63219833187758922576904296875" lon="37.3075990565121173858642578125">
        <ele>184</ele>
        <time>2026-09-26T06:20:45.000Z</time>
        <extensions>
          <ns3:TrackPointExtension>
            <ns3:hr>147</ns3:hr>
            <ns3:cad>85</ns3:cad>
          </ns3:TrackPointExtension>
        </extensions>
      </trkpt>
      <trkpt lat="55.6321932189166545867919921875" lon="37.30763685889542102813720703125">
        <ele>184.600006103515625</ele>
        <time>2026-09-26T06:20:46.000Z</time>
        <extensions>
          <ns3:TrackPointExtension>
            <ns3:hr>147</ns3:hr>
            <ns3:cad>85</ns3:cad>
          </ns3:TrackPointExtension>
        </extensions>
      </trkpt>
      <trkpt lat="55.6321875192224979400634765625" lon="37.30767357163131237030029296875">
        <ele>185</ele>
        <time>2026-09-26T06:20:47.000Z</time>
        <extensions>
          <ns3:TrackPointExtension>
            <ns3:hr>147</ns3:hr>
            <ns3:cad>86</ns3:cad>
          </ns3:TrackPointExtension>
        </extensions>
      </trkpt>
      <trkpt lat="55.63218475319445133209228515625" lon="37.307714559137821197509765625">
        <ele>185.399993896484375</ele>
        <time>2026-09-26T06:20:48.000Z</time>
        <extensions>
          <ns3:TrackPointExtension>
            <ns3:hr>147</ns3:hr>
            <ns3:cad>86</ns3:cad>
          </ns3:TrackPointExtension>
        </extensions>
      </trkpt>
      <trkpt lat="55.6321808136999607086181640625" lon="37.30775504373013973236083984375">
        <ele>185.8000030517578125</ele>
        <time>2026-09-26T06:20:49.000Z</time>
        <extensions>
          <ns3:TrackPointExtension>
            <ns3:hr>147</ns3:hr>
            <ns3:cad>85</ns3:cad>
          </ns3:TrackPointExtension>
        </extensions>
      </trkpt>
      <trkpt lat="55.63218123279511928558349609375" lon="37.30779477395117282867431640625">
        <ele>186.1999969482421875</ele>
        <time>2026-09-26T06:20:50.000Z</time>
        <extensions>
          <ns3:TrackPointExtension>
            <ns3:hr>146</ns3:hr>
            <ns3:cad>85</ns3:cad>
          </ns3:TrackPointExtension>
        </extensions>
      </trkpt>
      <trkpt lat="55.63218743540346622467041015625" lon="37.3078317381441593170166015625">
        <ele>186.600006103515625</ele>
        <time>2026-09-26T06:20:51.000Z</time>
        <extensions>
          <ns3:TrackPointExtension>
            <ns3:hr>147</ns3:hr>
            <ns3:cad>85</ns3:cad>
          </ns3:TrackPointExtension>
        </extensions>
      </trkpt>
      <trkpt lat="55.6321947276592254638671875" lon="37.30786417610943317413330078125">
        <ele>187</ele>
        <time>2026-09-26T06:20:52.000Z</time>
        <extensions>
          <ns3:TrackPointExtension>
            <ns3:hr>147</ns3:hr>
            <ns3:cad>85</ns3:cad>
          </ns3:TrackPointExtension>
        </extensions>
      </trkpt>
      <trkpt lat="55.63219799660146236419677734375" lon="37.30789862573146820068359375">
        <ele>187.399993896484375</ele>
        <time>2026-09-26T06:20:53.000Z</time>
        <extensions>
          <ns3:TrackPointExtension>
            <ns3:hr>147</ns3:hr>
            <ns3:cad>84</ns3:cad>
          </ns3:TrackPointExtension>
        </extensions>
      </trkpt>
      <trkpt lat="55.63220168463885784149169921875" lon="37.30793123133480548858642578125">
        <ele>187.8000030517578125</ele>
        <time>2026-09-26T06:20:54.000Z</time>
        <extensions>
          <ns3:TrackPointExtension>
            <ns3:hr>147</ns3:hr>
            <ns3:cad>84</ns3:cad>
          </ns3:TrackPointExtension>
        </extensions>
      </trkpt>
      <trkpt lat="55.632204115390777587890625" lon="37.30796928517520427703857421875">
        <ele>188.1999969482421875</ele>
        <time>2026-09-26T06:20:55.000Z</time>
        <extensions>
          <ns3:TrackPointExtension>
            <ns3:hr>146</ns3:hr>
            <ns3:cad>84</ns3:cad>
          </ns3:TrackPointExtension>
        </extensions>
      </trkpt>
      <trkpt lat="55.63220210373401641845703125" lon="37.308003902435302734375">
        <ele>188.600006103515625</ele>
        <time>2026-09-26T06:20:56.000Z</time>
        <extensions>
          <ns3:TrackPointExtension>
            <ns3:hr>146</ns3:hr>
            <ns3:cad>84</ns3:cad>
          </ns3:TrackPointExtension>
        </extensions>
      </trkpt>
      <trkpt lat="55.63218827359378337860107421875" lon="37.3080285452306270599365234375">
        <ele>188.600006103515625</ele>
        <time>2026-09-26T06:20:57.000Z</time>
        <extensions>
          <ns3:TrackPointExtension>
            <ns3:hr>146</ns3:hr>
            <ns3:cad>84</ns3:cad>
          </ns3:TrackPointExtension>
        </extensions>
      </trkpt>
      <trkpt lat="55.6321741081774234771728515625" lon="37.30804924853146076202392578125">
        <ele>188.8000030517578125</ele>
        <time>2026-09-26T06:20:58.000Z</time>
        <extensions>
          <ns3:TrackPointExtension>
            <ns3:hr>146</ns3:hr>
            <ns3:cad>84</ns3:cad>
          </ns3:TrackPointExtension>
        </extensions>
      </trkpt>
      <trkpt lat="55.63215625472366809844970703125" lon="37.30806131847202777862548828125">
        <ele>188.600006103515625</ele>
        <time>2026-09-26T06:20:59.000Z</time>
        <extensions>
          <ns3:TrackPointExtension>
            <ns3:hr>146</ns3:hr>
            <ns3:cad>84</ns3:cad>
          </ns3:TrackPointExtension>
        </extensions>
      </trkpt>
      <trkpt lat="55.6321412511169910430908203125" lon="37.3080872185528278350830078125">
        <ele>188.8000030517578125</ele>
        <time>2026-09-26T06:21:00.000Z</time>
        <extensions>
          <ns3:TrackPointExtension>
            <ns3:hr>146</ns3:hr>
            <ns3:cad>83</ns3:cad>
          </ns3:TrackPointExtension>
        </extensions>
      </trkpt>
      <trkpt lat="55.6321214698255062103271484375" lon="37.308122925460338592529296875">
        <ele>188.8000030517578125</ele>
        <time>2026-09-26T06:21:01.000Z</time>
        <extensions>
          <ns3:TrackPointExtension>
            <ns3:hr>146</ns3:hr>
            <ns3:cad>83</ns3:cad>
          </ns3:TrackPointExtension>
        </extensions>
      </trkpt>
      <trkpt lat="55.6321026943624019622802734375" lon="37.3081556148827075958251953125">
        <ele>189</ele>
        <time>2026-09-26T06:21:02.000Z</time>
        <extensions>
          <ns3:TrackPointExtension>
            <ns3:hr>146</ns3:hr>
            <ns3:cad>83</ns3:cad>
          </ns3:TrackPointExtension>
        </extensions>
      </trkpt>
      <trkpt lat="55.63208668492734432220458984375" lon="37.3081904835999011993408203125">
        <ele>189.1999969482421875</ele>
        <time>2026-09-26T06:21:03.000Z</time>
        <extensions>
          <ns3:TrackPointExtension>
            <ns3:hr>145</ns3:hr>
            <ns3:cad>83</ns3:cad>
          </ns3:TrackPointExtension>
        </extensions>
      </trkpt>
      <trkpt lat="55.63206841237843036651611328125" lon="37.308224178850650787353515625">
        <ele>189.1999969482421875</ele>
        <time>2026-09-26T06:21:04.000Z</time>
        <extensions>
          <ns3:TrackPointExtension>
            <ns3:hr>145</ns3:hr>
            <ns3:cad>84</ns3:cad>
          </ns3:TrackPointExtension>
        </extensions>
      </trkpt>
      <trkpt lat="55.6320473738014698028564453125" lon="37.3082585446536540985107421875">
        <ele>189.399993896484375</ele>
        <time>2026-09-26T06:21:05.000Z</time>
        <extensions>
          <ns3:TrackPointExtension>
            <ns3:hr>145</ns3:hr>
            <ns3:cad>84</ns3:cad>
          </ns3:TrackPointExtension>
        </extensions>
      </trkpt>
      <trkpt lat="55.63202935270965099334716796875" lon="37.30829291045665740966796875">
        <ele>189.399993896484375</ele>
        <time>2026-09-26T06:21:06.000Z</time>
        <extensions>
          <ns3:TrackPointExtension>
            <ns3:hr>145</ns3:hr>
            <ns3:cad>84</ns3:cad>
          </ns3:TrackPointExtension>
        </extensions>
      </trkpt>
      <trkpt lat="55.63201292417943477630615234375" lon="37.3083262704312801361083984375">
        <ele>189.600006103515625</ele>
        <time>2026-09-26T06:21:07.000Z</time>
        <extensions>
          <ns3:TrackPointExtension>
            <ns3:hr>145</ns3:hr>
            <ns3:cad>84</ns3:cad>
          </ns3:TrackPointExtension>
        </extensions>
      </trkpt>
      <trkpt lat="55.63199423253536224365234375" lon="37.30836155824363231658935546875">
        <ele>189.600006103515625</ele>
        <time>2026-09-26T06:21:08.000Z</time>
        <extensions>
          <ns3:TrackPointExtension>
            <ns3:hr>145</ns3:hr>
            <ns3:cad>84</ns3:cad>
          </ns3:TrackPointExtension>
        </extensions>
      </trkpt>
      <trkpt lat="55.6319747865200042724609375" lon="37.30839491821825504302978515625">
        <ele>189.8000030517578125</ele>
        <time>2026-09-26T06:21:09.000Z</time>
        <extensions>
          <ns3:TrackPointExtension>
            <ns3:hr>146</ns3:hr>
            <ns3:cad>85</ns3:cad>
          </ns3:TrackPointExtension>
        </extensions>
      </trkpt>
      <trkpt lat="55.63195408321917057037353515625" lon="37.30842542834579944610595703125">
        <ele>189.600006103515625</ele>
        <time>2026-09-26T06:21:10.000Z</time>
        <extensions>
          <ns3:TrackPointExtension>
            <ns3:hr>147</ns3:hr>
            <ns3:cad>85</ns3:cad>
          </ns3:TrackPointExtension>
        </extensions>
      </trkpt>
      <trkpt lat="55.63193530775606632232666015625" lon="37.30845459736883640289306640625">
        <ele>189.600006103515625</ele>
        <time>2026-09-26T06:21:11.000Z</time>
        <extensions>
          <ns3:TrackPointExtension>
            <ns3:hr>148</ns3:hr>
            <ns3:cad>85</ns3:cad>
          </ns3:TrackPointExtension>
        </extensions>
      </trkpt>
      <trkpt lat="55.6319179572165012359619140625" lon="37.30848410166800022125244140625">
        <ele>189.600006103515625</ele>
        <time>2026-09-26T06:21:12.000Z</time>
        <extensions>
          <ns3:TrackPointExtension>
            <ns3:hr>148</ns3:hr>
            <ns3:cad>85</ns3:cad>
          </ns3:TrackPointExtension>
        </extensions>
      </trkpt>
      <trkpt lat="55.63190496526658535003662109375" lon="37.30851419270038604736328125">
        <ele>189.399993896484375</ele>
        <time>2026-09-26T06:21:13.000Z</time>
        <extensions>
          <ns3:TrackPointExtension>
            <ns3:hr>148</ns3:hr>
            <ns3:cad>85</ns3:cad>
          </ns3:TrackPointExtension>
        </extensions>
      </trkpt>
      <trkpt lat="55.6318897940218448638916015625" lon="37.30854260735213756561279296875">
        <ele>189.399993896484375</ele>
        <time>2026-09-26T06:21:14.000Z</time>
        <extensions>
          <ns3:TrackPointExtension>
            <ns3:hr>148</ns3:hr>
            <ns3:cad>85</ns3:cad>
          </ns3:TrackPointExtension>
        </extensions>
      </trkpt>
      <trkpt lat="55.63187177293002605438232421875" lon="37.3085740394890308380126953125">
        <ele>189</ele>
        <time>2026-09-26T06:21:15.000Z</time>
        <extensions>
          <ns3:TrackPointExtension>
            <ns3:hr>149</ns3:hr>
            <ns3:cad>84</ns3:cad>
          </ns3:TrackPointExtension>
        </extensions>
      </trkpt>
      <trkpt lat="55.63185878098011016845703125" lon="37.3086079023778438568115234375">
        <ele>188.8000030517578125</ele>
        <time>2026-09-26T06:21:16.000Z</time>
        <extensions>
          <ns3:TrackPointExtension>
            <ns3:hr>148</ns3:hr>
            <ns3:cad>84</ns3:cad>
          </ns3:TrackPointExtension>
        </extensions>
      </trkpt>
      <trkpt lat="55.63184536993503570556640625" lon="37.30864017270505428314208984375">
        <ele>188.600006103515625</ele>
        <time>2026-09-26T06:21:17.000Z</time>
        <extensions>
          <ns3:TrackPointExtension>
            <ns3:hr>148</ns3:hr>
            <ns3:cad>84</ns3:cad>
          </ns3:TrackPointExtension>
        </extensions>
      </trkpt>
      <trkpt lat="55.6318317912518978118896484375" lon="37.30867914855480194091796875">
        <ele>188.399993896484375</ele>
        <time>2026-09-26T06:21:18.000Z</time>
        <extensions>
          <ns3:TrackPointExtension>
            <ns3:hr>148</ns3:hr>
            <ns3:cad>83</ns3:cad>
          </ns3:TrackPointExtension>
        </extensions>
      </trkpt>
      <trkpt lat="55.63181988894939422607421875" lon="37.308710999786853790283203125">
        <ele>188.399993896484375</ele>
        <time>2026-09-26T06:21:19.000Z</time>
        <extensions>
          <ns3:TrackPointExtension>
            <ns3:hr>148</ns3:hr>
            <ns3:cad>83</ns3:cad>
          </ns3:TrackPointExtension>
        </extensions>
      </trkpt>
      <trkpt lat="55.63180253840982913970947265625" lon="37.30873438529670238494873046875">
        <ele>188.399993896484375</ele>
        <time>2026-09-26T06:21:20.000Z</time>
        <extensions>
          <ns3:TrackPointExtension>
            <ns3:hr>148</ns3:hr>
            <ns3:cad>84</ns3:cad>
          </ns3:TrackPointExtension>
        </extensions>
      </trkpt>
      <trkpt lat="55.63177940435707569122314453125" lon="37.30875668115913867950439453125">
        <ele>188.1999969482421875</ele>
        <time>2026-09-26T06:21:21.000Z</time>
        <extensions>
          <ns3:TrackPointExtension>
            <ns3:hr>147</ns3:hr>
            <ns3:cad>84</ns3:cad>
          </ns3:TrackPointExtension>
        </extensions>
      </trkpt>
      <trkpt lat="55.631758533418178558349609375" lon="37.30877495370805263519287109375">
        <ele>188.1999969482421875</ele>
        <time>2026-09-26T06:21:22.000Z</time>
        <extensions>
          <ns3:TrackPointExtension>
            <ns3:hr>147</ns3:hr>
            <ns3:cad>84</ns3:cad>
          </ns3:TrackPointExtension>
        </extensions>
      </trkpt>
      <trkpt lat="55.6317382492125034332275390625" lon="37.30879590846598148345947265625">
        <ele>188</ele>
        <time>2026-09-26T06:21:23.000Z</time>
        <extensions>
          <ns3:TrackPointExtension>
            <ns3:hr>147</ns3:hr>
            <ns3:cad>84</ns3:cad>
          </ns3:TrackPointExtension>
        </extensions>
      </trkpt>
      <trkpt lat="55.631718970835208892822265625" lon="37.3088244907557964324951171875">
        <ele>188</ele>
        <time>2026-09-26T06:21:24.000Z</time>
        <extensions>
          <ns3:TrackPointExtension>
            <ns3:hr>147</ns3:hr>
            <ns3:cad>84</ns3:cad>
          </ns3:TrackPointExtension>
        </extensions>
      </trkpt>
      <trkpt lat="55.63170631416141986846923828125" lon="37.3088617064058780670166015625">
        <ele>188.1999969482421875</ele>
        <time>2026-09-26T06:21:25.000Z</time>
        <extensions>
          <ns3:TrackPointExtension>
            <ns3:hr>147</ns3:hr>
            <ns3:cad>83</ns3:cad>
          </ns3:TrackPointExtension>
        </extensions>
      </trkpt>
      <trkpt lat="55.63170430250465869903564453125" lon="37.3089005984365940093994140625">
        <ele>188.1999969482421875</ele>
        <time>2026-09-26T06:21:26.000Z</time>
        <extensions>
          <ns3:TrackPointExtension>
            <ns3:hr>147</ns3:hr>
            <ns3:cad>83</ns3:cad>
          </ns3:TrackPointExtension>
        </extensions>
      </trkpt>
      <trkpt lat="55.631700195372104644775390625" lon="37.30894728563725948333740234375">
        <ele>188.399993896484375</ele>
        <time>2026-09-26T06:21:27.000Z</time>
        <extensions>
          <ns3:TrackPointExtension>
            <ns3:hr>146</ns3:hr>
            <ns3:cad>84</ns3:cad>
          </ns3:TrackPointExtension>
        </extensions>
      </trkpt>
      <trkpt lat="55.63170413486659526824951171875" lon="37.308988273143768310546875">
        <ele>188.600006103515625</ele>
        <time>2026-09-26T06:21:28.000Z</time>
        <extensions>
          <ns3:TrackPointExtension>
            <ns3:hr>146</ns3:hr>
            <ns3:cad>85</ns3:cad>
          </ns3:TrackPointExtension>
        </extensions>
      </trkpt>
      <trkpt lat="55.6317043863236904144287109375" lon="37.30902976356446743011474609375">
        <ele>188.8000030517578125</ele>
        <time>2026-09-26T06:21:29.000Z</time>
        <extensions>
          <ns3:TrackPointExtension>
            <ns3:hr>146</ns3:hr>
            <ns3:cad>86</ns3:cad>
          </ns3:TrackPointExtension>
        </extensions>
      </trkpt>
      <trkpt lat="55.63169592060148715972900390625" lon="37.309071756899356842041015625">
        <ele>188.8000030517578125</ele>
        <time>2026-09-26T06:21:30.000Z</time>
        <extensions>
          <ns3:TrackPointExtension>
            <ns3:hr>147</ns3:hr>
            <ns3:cad>86</ns3:cad>
          </ns3:TrackPointExtension>
        </extensions>
      </trkpt>
      <trkpt lat="55.63168670050799846649169921875" lon="37.3090987466275691986083984375">
        <ele>188.8000030517578125</ele>
        <time>2026-09-26T06:21:31.000Z</time>
        <extensions>
          <ns3:TrackPointExtension>
            <ns3:hr>147</ns3:hr>
            <ns3:cad>85</ns3:cad>
          </ns3:TrackPointExtension>
        </extensions>
      </trkpt>
      <trkpt lat="55.6316738761961460113525390625" lon="37.3091232217848300933837890625">
        <ele>188.8000030517578125</ele>
        <time>2026-09-26T06:21:32.000Z</time>
        <extensions>
          <ns3:TrackPointExtension>
            <ns3:hr>147</ns3:hr>
            <ns3:cad>85</ns3:cad>
          </ns3:TrackPointExtension>
        </extensions>
      </trkpt>
      <trkpt lat="55.63166105188429355621337890625" lon="37.30915255844593048095703125">
        <ele>188.600006103515625</ele>
        <time>2026-09-26T06:21:33.000Z</time>
        <extensions>
          <ns3:TrackPointExtension>
            <ns3:hr>147</ns3:hr>
            <ns3:cad>85</ns3:cad>
          </ns3:TrackPointExtension>
        </extensions>
      </trkpt>
      <trkpt lat="55.63164822757244110107421875" lon="37.30917929671704769134521484375">
        <ele>188.600006103515625</ele>
        <time>2026-09-26T06:21:34.000Z</time>
        <extensions>
          <ns3:TrackPointExtension>
            <ns3:hr>146</ns3:hr>
            <ns3:cad>84</ns3:cad>
          </ns3:TrackPointExtension>
        </extensions>
      </trkpt>
      <trkpt lat="55.6316366605460643768310546875" lon="37.30921433307230472564697265625">
        <ele>188.600006103515625</ele>
        <time>2026-09-26T06:21:35.000Z</time>
        <extensions>
          <ns3:TrackPointExtension>
            <ns3:hr>146</ns3:hr>
            <ns3:cad>84</ns3:cad>
          </ns3:TrackPointExtension>
        </extensions>
      </trkpt>
      <trkpt lat="55.63162819482386112213134765625" lon="37.30925003997981548309326171875">
        <ele>188.600006103515625</ele>
        <time>2026-09-26T06:21:36.000Z</time>
        <extensions>
          <ns3:TrackPointExtension>
            <ns3:hr>146</ns3:hr>
            <ns3:cad>84</ns3:cad>
          </ns3:TrackPointExtension>
        </extensions>
      </trkpt>
      <trkpt lat="55.63161863945424556732177734375" lon="37.3092900216579437255859375">
        <ele>188.8000030517578125</ele>
        <time>2026-09-26T06:21:37.000Z</time>
        <extensions>
          <ns3:TrackPointExtension>
            <ns3:hr>145</ns3:hr>
            <ns3:cad>84</ns3:cad>
          </ns3:TrackPointExtension>
        </extensions>
      </trkpt>
      <trkpt lat="55.631606988608837127685546875" lon="37.3093267343938350677490234375">
        <ele>188.8000030517578125</ele>
        <time>2026-09-26T06:21:38.000Z</time>
        <extensions>
          <ns3:TrackPointExtension>
            <ns3:hr>144</ns3:hr>
            <ns3:cad>84</ns3:cad>
          </ns3:TrackPointExtension>
        </extensions>
      </trkpt>
      <trkpt lat="55.63159449957311153411865234375" lon="37.30936151929199695587158203125">
        <ele>189</ele>
        <time>2026-09-26T06:21:39.000Z</time>
        <extensions>
          <ns3:TrackPointExtension>
            <ns3:hr>144</ns3:hr>
            <ns3:cad>85</ns3:cad>
          </ns3:TrackPointExtension>
        </extensions>
      </trkpt>
      <trkpt lat="55.63158025033771991729736328125" lon="37.309398986399173736572265625">
        <ele>189.1999969482421875</ele>
        <time>2026-09-26T06:21:40.000Z</time>
        <extensions>
          <ns3:TrackPointExtension>
            <ns3:hr>144</ns3:hr>
            <ns3:cad>85</ns3:cad>
          </ns3:TrackPointExtension>
        </extensions>
      </trkpt>
      <trkpt lat="55.63156231306493282318115234375" lon="37.3094313405454158782958984375">
        <ele>189.1999969482421875</ele>
        <time>2026-09-26T06:21:41.000Z</time>
        <extensions>
          <ns3:TrackPointExtension>
            <ns3:hr>144</ns3:hr>
            <ns3:cad>85</ns3:cad>
          </ns3:TrackPointExtension>
        </extensions>
      </trkpt>
      <trkpt lat="55.6315454654395580291748046875" lon="37.30946277268230915069580078125">
        <ele>189.1999969482421875</ele>
        <time>2026-09-26T06:21:42.000Z</time>
        <extensions>
          <ns3:TrackPointExtension>
            <ns3:hr>143</ns3:hr>
            <ns3:cad>85</ns3:cad>
          </ns3:TrackPointExtension>
        </extensions>
      </trkpt>
      <trkpt lat="55.63153088092803955078125" lon="37.3094900138676166534423828125">
        <ele>189.1999969482421875</ele>
        <time>2026-09-26T06:21:43.000Z</time>
        <extensions>
          <ns3:TrackPointExtension>
            <ns3:hr>143</ns3:hr>
            <ns3:cad>85</ns3:cad>
          </ns3:TrackPointExtension>
        </extensions>
      </trkpt>
      <trkpt lat="55.631517805159091949462890625" lon="37.30951406992971897125244140625">
        <ele>189.1999969482421875</ele>
        <time>2026-09-26T06:21:44.000Z</time>
        <extensions>
          <ns3:TrackPointExtension>
            <ns3:hr>143</ns3:hr>
            <ns3:cad>85</ns3:cad>
          </ns3:TrackPointExtension>
        </extensions>
      </trkpt>
      <trkpt lat="55.63150682486593723297119140625" lon="37.309537120163440704345703125">
        <ele>189.399993896484375</ele>
        <time>2026-09-26T06:21:45.000Z</time>
        <extensions>
          <ns3:TrackPointExtension>
            <ns3:hr>143</ns3:hr>
            <ns3:cad>85</ns3:cad>
          </ns3:TrackPointExtension>
        </extensions>
      </trkpt>
      <trkpt lat="55.63149374909698963165283203125" lon="37.3095567338168621063232421875">
        <ele>189.399993896484375</ele>
        <time>2026-09-26T06:21:46.000Z</time>
        <extensions>
          <ns3:TrackPointExtension>
            <ns3:hr>143</ns3:hr>
            <ns3:cad>85</ns3:cad>
          </ns3:TrackPointExtension>
        </extensions>
      </trkpt>
      <trkpt lat="55.63147723674774169921875" lon="37.30956964194774627685546875">
        <ele>189.399993896484375</ele>
        <time>2026-09-26T06:21:47.000Z</time>
        <extensions>
          <ns3:TrackPointExtension>
            <ns3:hr>144</ns3:hr>
            <ns3:cad>85</ns3:cad>
          </ns3:TrackPointExtension>
        </extensions>
      </trkpt>
      <trkpt lat="55.63145820982754230499267578125" lon="37.3095855675637722015380859375">
        <ele>189.600006103515625</ele>
        <time>2026-09-26T06:21:48.000Z</time>
        <extensions>
          <ns3:TrackPointExtension>
            <ns3:hr>144</ns3:hr>
            <ns3:cad>85</ns3:cad>
          </ns3:TrackPointExtension>
        </extensions>
      </trkpt>
      <trkpt lat="55.63143943436443805694580078125" lon="37.309606857597827911376953125">
        <ele>189.600006103515625</ele>
        <time>2026-09-26T06:21:49.000Z</time>
        <extensions>
          <ns3:TrackPointExtension>
            <ns3:hr>144</ns3:hr>
            <ns3:cad>85</ns3:cad>
          </ns3:TrackPointExtension>
        </extensions>
      </trkpt>
      <trkpt lat="55.6314217485487461090087890625" lon="37.3096254654228687286376953125">
        <ele>189.600006103515625</ele>
        <time>2026-09-26T06:21:50.000Z</time>
        <extensions>
          <ns3:TrackPointExtension>
            <ns3:hr>145</ns3:hr>
            <ns3:cad>85</ns3:cad>
          </ns3:TrackPointExtension>
        </extensions>
      </trkpt>
      <trkpt lat="55.63140171580016613006591796875" lon="37.30964633636176586151123046875">
        <ele>189.600006103515625</ele>
        <time>2026-09-26T06:21:51.000Z</time>
        <extensions>
          <ns3:TrackPointExtension>
            <ns3:hr>145</ns3:hr>
            <ns3:cad>85</ns3:cad>
          </ns3:TrackPointExtension>
        </extensions>
      </trkpt>
      <trkpt lat="55.63138411380350589752197265625" lon="37.30966351926326751708984375">
        <ele>189.600006103515625</ele>
        <time>2026-09-26T06:21:52.000Z</time>
        <extensions>
          <ns3:TrackPointExtension>
            <ns3:hr>145</ns3:hr>
            <ns3:cad>85</ns3:cad>
          </ns3:TrackPointExtension>
        </extensions>
      </trkpt>
      <trkpt lat="55.6313645839691162109375" lon="37.30969008989632129669189453125">
        <ele>189.399993896484375</ele>
        <time>2026-09-26T06:21:53.000Z</time>
        <extensions>
          <ns3:TrackPointExtension>
            <ns3:hr>146</ns3:hr>
            <ns3:cad>85</ns3:cad>
          </ns3:TrackPointExtension>
        </extensions>
      </trkpt>
      <trkpt lat="55.63134782016277313232421875" lon="37.30971607379615306854248046875">
        <ele>189.399993896484375</ele>
        <time>2026-09-26T06:21:54.000Z</time>
        <extensions>
          <ns3:TrackPointExtension>
            <ns3:hr>146</ns3:hr>
            <ns3:cad>85</ns3:cad>
          </ns3:TrackPointExtension>
        </extensions>
      </trkpt>
      <trkpt lat="55.6313298828899860382080078125" lon="37.30974239297211170196533203125">
        <ele>189.399993896484375</ele>
        <time>2026-09-26T06:21:55.000Z</time>
        <extensions>
          <ns3:TrackPointExtension>
            <ns3:hr>147</ns3:hr>
            <ns3:cad>86</ns3:cad>
          </ns3:TrackPointExtension>
        </extensions>
      </trkpt>
      <trkpt lat="55.6313044019043445587158203125" lon="37.30977390892803668975830078125">
        <ele>189.399993896484375</ele>
        <time>2026-09-26T06:21:56.000Z</time>
        <extensions>
          <ns3:TrackPointExtension>
            <ns3:hr>147</ns3:hr>
            <ns3:cad>86</ns3:cad>
          </ns3:TrackPointExtension>
        </extensions>
      </trkpt>
      <trkpt lat="55.6312774121761322021484375" lon="37.3098041675984859466552734375">
        <ele>189.399993896484375</ele>
        <time>2026-09-26T06:21:57.000Z</time>
        <extensions>
          <ns3:TrackPointExtension>
            <ns3:hr>147</ns3:hr>
            <ns3:cad>86</ns3:cad>
          </ns3:TrackPointExtension>
        </extensions>
      </trkpt>
      <trkpt lat="55.631259642541408538818359375" lon="37.3098380304872989654541015625">
        <ele>189.399993896484375</ele>
        <time>2026-09-26T06:21:58.000Z</time>
        <extensions>
          <ns3:TrackPointExtension>
            <ns3:hr>147</ns3:hr>
            <ns3:cad>86</ns3:cad>
          </ns3:TrackPointExtension>
        </extensions>
      </trkpt>
      <trkpt lat="55.63124329783022403717041015625" lon="37.30988119728863239288330078125">
        <ele>189.600006103515625</ele>
        <time>2026-09-26T06:21:59.000Z</time>
        <extensions>
          <ns3:TrackPointExtension>
            <ns3:hr>147</ns3:hr>
            <ns3:cad>86</ns3:cad>
          </ns3:TrackPointExtension>
        </extensions>
      </trkpt>
      <trkpt lat="55.63122603110969066619873046875" lon="37.30991757474839687347412109375">
        <ele>189.600006103515625</ele>
        <time>2026-09-26T06:22:00.000Z</time>
        <extensions>
          <ns3:TrackPointExtension>
            <ns3:hr>147</ns3:hr>
            <ns3:cad>85</ns3:cad>
          </ns3:TrackPointExtension>
        </extensions>
      </trkpt>
      <trkpt lat="55.6312142126262187957763671875" lon="37.3099590651690959930419921875">
        <ele>189.8000030517578125</ele>
        <time>2026-09-26T06:22:01.000Z</time>
        <extensions>
          <ns3:TrackPointExtension>
            <ns3:hr>147</ns3:hr>
            <ns3:cad>85</ns3:cad>
          </ns3:TrackPointExtension>
        </extensions>
      </trkpt>
      <trkpt lat="55.6311997957527637481689453125" lon="37.30999401770532131195068359375">
        <ele>189.600006103515625</ele>
        <time>2026-09-26T06:22:02.000Z</time>
        <extensions>
          <ns3:TrackPointExtension>
            <ns3:hr>147</ns3:hr>
            <ns3:cad>85</ns3:cad>
          </ns3:TrackPointExtension>
        </extensions>
      </trkpt>
      <trkpt lat="55.63118127174675464630126953125" lon="37.31003223918378353118896484375">
        <ele>189.600006103515625</ele>
        <time>2026-09-26T06:22:03.000Z</time>
        <extensions>
          <ns3:TrackPointExtension>
            <ns3:hr>147</ns3:hr>
            <ns3:cad>85</ns3:cad>
          </ns3:TrackPointExtension>
        </extensions>
      </trkpt>
      <trkpt lat="55.63116685487329959869384765625" lon="37.3100676946341991424560546875">
        <ele>189.600006103515625</ele>
        <time>2026-09-26T06:22:04.000Z</time>
        <extensions>
          <ns3:TrackPointExtension>
            <ns3:hr>148</ns3:hr>
            <ns3:cad>85</ns3:cad>
          </ns3:TrackPointExtension>
        </extensions>
      </trkpt>
      <trkpt lat="55.63115470111370086669921875" lon="37.310098707675933837890625">
        <ele>189.600006103515625</ele>
        <time>2026-09-26T06:22:05.000Z</time>
        <extensions>
          <ns3:TrackPointExtension>
            <ns3:hr>148</ns3:hr>
            <ns3:cad>84</ns3:cad>
          </ns3:TrackPointExtension>
        </extensions>
      </trkpt>
      <trkpt lat="55.631138272583484649658203125" lon="37.310133911669254302978515625">
        <ele>189.600006103515625</ele>
        <time>2026-09-26T06:22:06.000Z</time>
        <extensions>
          <ns3:TrackPointExtension>
            <ns3:hr>148</ns3:hr>
            <ns3:cad>84</ns3:cad>
          </ns3:TrackPointExtension>
        </extensions>
      </trkpt>
      <trkpt lat="55.63112385571002960205078125" lon="37.31016567908227443695068359375">
        <ele>189.399993896484375</ele>
        <time>2026-09-26T06:22:07.000Z</time>
        <extensions>
          <ns3:TrackPointExtension>
            <ns3:hr>148</ns3:hr>
            <ns3:cad>84</ns3:cad>
          </ns3:TrackPointExtension>
        </extensions>
      </trkpt>
      <trkpt lat="55.63110868446528911590576171875" lon="37.3101994581520557403564453125">
        <ele>189.399993896484375</ele>
        <time>2026-09-26T06:22:08.000Z</time>
        <extensions>
          <ns3:TrackPointExtension>
            <ns3:hr>149</ns3:hr>
            <ns3:cad>84</ns3:cad>
          </ns3:TrackPointExtension>
        </extensions>
      </trkpt>
      <trkpt lat="55.63109762035310268402099609375" lon="37.31023390777409076690673828125">
        <ele>189.399993896484375</ele>
        <time>2026-09-26T06:22:09.000Z</time>
        <extensions>
          <ns3:TrackPointExtension>
            <ns3:hr>149</ns3:hr>
            <ns3:cad>84</ns3:cad>
          </ns3:TrackPointExtension>
        </extensions>
      </trkpt>
      <trkpt lat="55.63108320347964763641357421875" lon="37.31026927940547466278076171875">
        <ele>189.1999969482421875</ele>
        <time>2026-09-26T06:22:10.000Z</time>
        <extensions>
          <ns3:TrackPointExtension>
            <ns3:hr>149</ns3:hr>
            <ns3:cad>84</ns3:cad>
          </ns3:TrackPointExtension>
        </extensions>
      </trkpt>
      <trkpt lat="55.63106962479650974273681640625" lon="37.31029911898076534271240234375">
        <ele>189.1999969482421875</ele>
        <time>2026-09-26T06:22:11.000Z</time>
        <extensions>
          <ns3:TrackPointExtension>
            <ns3:hr>149</ns3:hr>
            <ns3:cad>84</ns3:cad>
          </ns3:TrackPointExtension>
        </extensions>
      </trkpt>
      <trkpt lat="55.63105571083724498748779296875" lon="37.3103251866996288299560546875">
        <ele>189</ele>
        <time>2026-09-26T06:22:12.000Z</time>
        <extensions>
          <ns3:TrackPointExtension>
            <ns3:hr>149</ns3:hr>
            <ns3:cad>85</ns3:cad>
          </ns3:TrackPointExtension>
        </extensions>
      </trkpt>
      <trkpt lat="55.6310358457267284393310546875" lon="37.31035024859011173248291015625">
        <ele>188.8000030517578125</ele>
        <time>2026-09-26T06:22:13.000Z</time>
        <extensions>
          <ns3:TrackPointExtension>
            <ns3:hr>150</ns3:hr>
            <ns3:cad>85</ns3:cad>
          </ns3:TrackPointExtension>
        </extensions>
      </trkpt>
      <trkpt lat="55.6310177408158779144287109375" lon="37.3103744722902774810791015625">
        <ele>188.600006103515625</ele>
        <time>2026-09-26T06:22:14.000Z</time>
        <extensions>
          <ns3:TrackPointExtension>
            <ns3:hr>150</ns3:hr>
            <ns3:cad>85</ns3:cad>
          </ns3:TrackPointExtension>
        </extensions>
      </trkpt>
      <trkpt lat="55.6310019828379154205322265625" lon="37.31039844453334808349609375">
        <ele>188.600006103515625</ele>
        <time>2026-09-26T06:22:15.000Z</time>
        <extensions>
          <ns3:TrackPointExtension>
            <ns3:hr>150</ns3:hr>
            <ns3:cad>85</ns3:cad>
          </ns3:TrackPointExtension>
        </extensions>
      </trkpt>
      <trkpt lat="55.63098899088799953460693359375" lon="37.310425601899623870849609375">
        <ele>188.8000030517578125</ele>
        <time>2026-09-26T06:22:16.000Z</time>
        <extensions>
          <ns3:TrackPointExtension>
            <ns3:hr>150</ns3:hr>
            <ns3:cad>85</ns3:cad>
          </ns3:TrackPointExtension>
        </extensions>
      </trkpt>
      <trkpt lat="55.630978681147098541259765625" lon="37.31045619584619998931884765625">
        <ele>188.8000030517578125</ele>
        <time>2026-09-26T06:22:17.000Z</time>
        <extensions>
          <ns3:TrackPointExtension>
            <ns3:hr>149</ns3:hr>
            <ns3:cad>85</ns3:cad>
          </ns3:TrackPointExtension>
        </extensions>
      </trkpt>
      <trkpt lat="55.63096350990235805511474609375" lon="37.31049508787691593170166015625">
        <ele>189</ele>
        <time>2026-09-26T06:22:18.000Z</time>
        <extensions>
          <ns3:TrackPointExtension>
            <ns3:hr>150</ns3:hr>
            <ns3:cad>85</ns3:cad>
          </ns3:TrackPointExtension>
        </extensions>
      </trkpt>
      <trkpt lat="55.63094523735344409942626953125" lon="37.31052341870963573455810546875">
        <ele>188.8000030517578125</ele>
        <time>2026-09-26T06:22:19.000Z</time>
        <extensions>
          <ns3:TrackPointExtension>
            <ns3:hr>149</ns3:hr>
            <ns3:cad>85</ns3:cad>
          </ns3:TrackPointExtension>
        </extensions>
      </trkpt>
      <trkpt lat="55.63093014992773532867431640625" lon="37.31055627577006816864013671875">
        <ele>188.8000030517578125</ele>
        <time>2026-09-26T06:22:20.000Z</time>
        <extensions>
          <ns3:TrackPointExtension>
            <ns3:hr>149</ns3:hr>
            <ns3:cad>85</ns3:cad>
          </ns3:TrackPointExtension>
        </extensions>
      </trkpt>
      <trkpt lat="55.63091623596847057342529296875" lon="37.31059047393500804901123046875">
        <ele>189</ele>
        <time>2026-09-26T06:22:21.000Z</time>
        <extensions>
          <ns3:TrackPointExtension>
            <ns3:hr>149</ns3:hr>
            <ns3:cad>85</ns3:cad>
          </ns3:TrackPointExtension>
        </extensions>
      </trkpt>
      <trkpt lat="55.63090282492339611053466796875" lon="37.3106242530047893524169921875">
        <ele>189.1999969482421875</ele>
        <time>2026-09-26T06:22:22.000Z</time>
        <extensions>
          <ns3:TrackPointExtension>
            <ns3:hr>150</ns3:hr>
            <ns3:cad>85</ns3:cad>
          </ns3:TrackPointExtension>
        </extensions>
      </trkpt>
      <trkpt lat="55.63088648021221160888671875" lon="37.310653589665889739990234375">
        <ele>189.1999969482421875</ele>
        <time>2026-09-26T06:22:23.000Z</time>
        <extensions>
          <ns3:TrackPointExtension>
            <ns3:hr>150</ns3:hr>
            <ns3:cad>86</ns3:cad>
          </ns3:TrackPointExtension>
        </extensions>
      </trkpt>
      <trkpt lat="55.6308742426335811614990234375" lon="37.310678064823150634765625">
        <ele>189.1999969482421875</ele>
        <time>2026-09-26T06:22:24.000Z</time>
        <extensions>
          <ns3:TrackPointExtension>
            <ns3:hr>150</ns3:hr>
            <ns3:cad>86</ns3:cad>
          </ns3:TrackPointExtension>
        </extensions>
      </trkpt>
      <trkpt lat="55.63086510635912418365478515625" lon="37.31070430018007755279541015625">
        <ele>189.399993896484375</ele>
        <time>2026-09-26T06:22:25.000Z</time>
        <extensions>
          <ns3:TrackPointExtension>
            <ns3:hr>149</ns3:hr>
            <ns3:cad>86</ns3:cad>
          </ns3:TrackPointExtension>
        </extensions>
      </trkpt>
      <trkpt lat="55.63085496425628662109375" lon="37.31073128990828990936279296875">
        <ele>189.399993896484375</ele>
        <time>2026-09-26T06:22:26.000Z</time>
        <extensions>
          <ns3:TrackPointExtension>
            <ns3:hr>150</ns3:hr>
            <ns3:cad>85</ns3:cad>
          </ns3:TrackPointExtension>
        </extensions>
      </trkpt>
      <trkpt lat="55.63085203059017658233642578125" lon="37.31076213531196117401123046875">
        <ele>189.600006103515625</ele>
        <time>2026-09-26T06:22:27.000Z</time>
        <extensions>
          <ns3:TrackPointExtension>
            <ns3:hr>150</ns3:hr>
            <ns3:cad>85</ns3:cad>
          </ns3:TrackPointExtension>
        </extensions>
      </trkpt>
      <trkpt lat="55.63085420988500118255615234375" lon="37.31079784221947193145751953125">
        <ele>190</ele>
        <time>2026-09-26T06:22:28.000Z</time>
        <extensions>
          <ns3:TrackPointExtension>
            <ns3:hr>150</ns3:hr>
            <ns3:cad>85</ns3:cad>
          </ns3:TrackPointExtension>
        </extensions>
      </trkpt>
      <trkpt lat="55.63084800727665424346923828125" lon="37.31083405204117298126220703125">
        <ele>190.1999969482421875</ele>
        <time>2026-09-26T06:22:29.000Z</time>
        <extensions>
          <ns3:TrackPointExtension>
            <ns3:hr>149</ns3:hr>
            <ns3:cad>84</ns3:cad>
          </ns3:TrackPointExtension>
        </extensions>
      </trkpt>
      <trkpt lat="55.6308353506028652191162109375" lon="37.31086908839643001556396484375">
        <ele>190.1999969482421875</ele>
        <time>2026-09-26T06:22:30.000Z</time>
        <extensions>
          <ns3:TrackPointExtension>
            <ns3:hr>150</ns3:hr>
            <ns3:cad>84</ns3:cad>
          </ns3:TrackPointExtension>
        </extensions>
      </trkpt>
      <trkpt lat="55.63082210719585418701171875" lon="37.3108958266675472259521484375">
        <ele>190.399993896484375</ele>
        <time>2026-09-26T06:22:31.000Z</time>
        <extensions>
          <ns3:TrackPointExtension>
            <ns3:hr>150</ns3:hr>
            <ns3:cad>84</ns3:cad>
          </ns3:TrackPointExtension>
        </extensions>
      </trkpt>
      <trkpt lat="55.63080408610403537750244140625" lon="37.3109219782054424285888671875">
        <ele>190.399993896484375</ele>
        <time>2026-09-26T06:22:32.000Z</time>
        <extensions>
          <ns3:TrackPointExtension>
            <ns3:hr>149</ns3:hr>
            <ns3:cad>84</ns3:cad>
          </ns3:TrackPointExtension>
        </extensions>
      </trkpt>
      <trkpt lat="55.6307857297360897064208984375" lon="37.31094854883849620819091796875">
        <ele>190.399993896484375</ele>
        <time>2026-09-26T06:22:33.000Z</time>
        <extensions>
          <ns3:TrackPointExtension>
            <ns3:hr>150</ns3:hr>
            <ns3:cad>84</ns3:cad>
          </ns3:TrackPointExtension>
        </extensions>
      </trkpt>
      <trkpt lat="55.63076888211071491241455078125" lon="37.310975454747676849365234375">
        <ele>190.399993896484375</ele>
        <time>2026-09-26T06:22:34.000Z</time>
        <extensions>
          <ns3:TrackPointExtension>
            <ns3:hr>150</ns3:hr>
            <ns3:cad>84</ns3:cad>
          </ns3:TrackPointExtension>
        </extensions>
      </trkpt>
      <trkpt lat="55.630749352276325225830078125" lon="37.310999594628810882568359375">
        <ele>190.399993896484375</ele>
        <time>2026-09-26T06:22:35.000Z</time>
        <extensions>
          <ns3:TrackPointExtension>
            <ns3:hr>150</ns3:hr>
            <ns3:cad>85</ns3:cad>
          </ns3:TrackPointExtension>
        </extensions>
      </trkpt>
      <trkpt lat="55.63073091208934783935546875" lon="37.31101669371128082275390625">
        <ele>190.600006103515625</ele>
        <time>2026-09-26T06:22:36.000Z</time>
        <extensions>
          <ns3:TrackPointExtension>
            <ns3:hr>150</ns3:hr>
            <ns3:cad>85</ns3:cad>
          </ns3:TrackPointExtension>
        </extensions>
      </trkpt>
      <trkpt lat="55.6307039223611354827880859375" lon="37.31102197431027889251708984375">
        <ele>190.399993896484375</ele>
        <time>2026-09-26T06:22:37.000Z</time>
        <extensions>
          <ns3:TrackPointExtension>
            <ns3:hr>151</ns3:hr>
            <ns3:cad>85</ns3:cad>
          </ns3:TrackPointExtension>
        </extensions>
      </trkpt>
      <trkpt lat="55.630680285394191741943359375" lon="37.3110239021480083465576171875">
        <ele>190.1999969482421875</ele>
        <time>2026-09-26T06:22:38.000Z</time>
        <extensions>
          <ns3:TrackPointExtension>
            <ns3:hr>150</ns3:hr>
            <ns3:cad>85</ns3:cad>
          </ns3:TrackPointExtension>
        </extensions>
      </trkpt>
      <trkpt lat="55.63065237365663051605224609375" lon="37.311030440032482147216796875">
        <ele>190.1999969482421875</ele>
        <time>2026-09-26T06:22:39.000Z</time>
        <extensions>
          <ns3:TrackPointExtension>
            <ns3:hr>150</ns3:hr>
            <ns3:cad>85</ns3:cad>
          </ns3:TrackPointExtension>
        </extensions>
      </trkpt>
      <trkpt lat="55.6306288205087184906005859375" lon="37.31104343198239803314208984375">
        <ele>190.1999969482421875</ele>
        <time>2026-09-26T06:22:40.000Z</time>
        <extensions>
          <ns3:TrackPointExtension>
            <ns3:hr>151</ns3:hr>
            <ns3:cad>85</ns3:cad>
          </ns3:TrackPointExtension>
        </extensions>
      </trkpt>
      <trkpt lat="55.6306013278663158416748046875" lon="37.3110654763877391815185546875">
        <ele>190</ele>
        <time>2026-09-26T06:22:41.000Z</time>
        <extensions>
          <ns3:TrackPointExtension>
            <ns3:hr>151</ns3:hr>
            <ns3:cad>85</ns3:cad>
          </ns3:TrackPointExtension>
        </extensions>
      </trkpt>
      <trkpt lat="55.6305755116045475006103515625" lon="37.3110871016979217529296875">
        <ele>190</ele>
        <time>2026-09-26T06:22:42.000Z</time>
        <extensions>
          <ns3:TrackPointExtension>
            <ns3:hr>151</ns3:hr>
            <ns3:cad>85</ns3:cad>
          </ns3:TrackPointExtension>
        </extensions>
      </trkpt>
      <trkpt lat="55.63055464066565036773681640625" lon="37.31110847555100917816162109375">
        <ele>190</ele>
        <time>2026-09-26T06:22:43.000Z</time>
        <extensions>
          <ns3:TrackPointExtension>
            <ns3:hr>150</ns3:hr>
            <ns3:cad>86</ns3:cad>
          </ns3:TrackPointExtension>
        </extensions>
      </trkpt>
      <trkpt lat="55.63053435645997524261474609375" lon="37.3111365549266338348388671875">
        <ele>190.1999969482421875</ele>
        <time>2026-09-26T06:22:44.000Z</time>
        <extensions>
          <ns3:TrackPointExtension>
            <ns3:hr>151</ns3:hr>
            <ns3:cad>87</ns3:cad>
          </ns3:TrackPointExtension>
        </extensions>
      </trkpt>
      <trkpt lat="55.63051700592041015625" lon="37.31116580776870250701904296875">
        <ele>190.1999969482421875</ele>
        <time>2026-09-26T06:22:45.000Z</time>
        <extensions>
          <ns3:TrackPointExtension>
            <ns3:hr>151</ns3:hr>
            <ns3:cad>88</ns3:cad>
          </ns3:TrackPointExtension>
        </extensions>
      </trkpt>
      <trkpt lat="55.630498230457305908203125" lon="37.311198748648166656494140625">
        <ele>190.399993896484375</ele>
        <time>2026-09-26T06:22:46.000Z</time>
        <extensions>
          <ns3:TrackPointExtension>
            <ns3:hr>150</ns3:hr>
            <ns3:cad>88</ns3:cad>
          </ns3:TrackPointExtension>
        </extensions>
      </trkpt>
      <trkpt lat="55.63048012554645538330078125" lon="37.3112304322421550750732421875">
        <ele>190.399993896484375</ele>
        <time>2026-09-26T06:22:47.000Z</time>
        <extensions>
          <ns3:TrackPointExtension>
            <ns3:hr>151</ns3:hr>
            <ns3:cad>88</ns3:cad>
          </ns3:TrackPointExtension>
        </extensions>
      </trkpt>
      <trkpt lat="55.63046344555914402008056640625" lon="37.3112606070935726165771484375">
        <ele>190.600006103515625</ele>
        <time>2026-09-26T06:22:48.000Z</time>
        <extensions>
          <ns3:TrackPointExtension>
            <ns3:hr>151</ns3:hr>
            <ns3:cad>87</ns3:cad>
          </ns3:TrackPointExtension>
        </extensions>
      </trkpt>
      <trkpt lat="55.63044936396181583404541015625" lon="37.31129162013530731201171875">
        <ele>190.600006103515625</ele>
        <time>2026-09-26T06:22:49.000Z</time>
        <extensions>
          <ns3:TrackPointExtension>
            <ns3:hr>151</ns3:hr>
            <ns3:cad>86</ns3:cad>
          </ns3:TrackPointExtension>
        </extensions>
      </trkpt>
      <trkpt lat="55.630434192717075347900390625" lon="37.31131953187286853790283203125">
        <ele>190.8000030517578125</ele>
        <time>2026-09-26T06:22:50.000Z</time>
        <extensions>
          <ns3:TrackPointExtension>
            <ns3:hr>150</ns3:hr>
            <ns3:cad>86</ns3:cad>
          </ns3:TrackPointExtension>
        </extensions>
      </trkpt>
      <trkpt lat="55.6304169259965419769287109375" lon="37.31135138310492038726806640625">
        <ele>190.8000030517578125</ele>
        <time>2026-09-26T06:22:51.000Z</time>
        <extensions>
          <ns3:TrackPointExtension>
            <ns3:hr>151</ns3:hr>
            <ns3:cad>85</ns3:cad>
          </ns3:TrackPointExtension>
        </extensions>
      </trkpt>
      <trkpt lat="55.63040435314178466796875" lon="37.311383150517940521240234375">
        <ele>191</ele>
        <time>2026-09-26T06:22:52.000Z</time>
        <extensions>
          <ns3:TrackPointExtension>
            <ns3:hr>151</ns3:hr>
            <ns3:cad>84</ns3:cad>
          </ns3:TrackPointExtension>
        </extensions>
      </trkpt>
      <trkpt lat="55.630389936268329620361328125" lon="37.31141768395900726318359375">
        <ele>191.1999969482421875</ele>
        <time>2026-09-26T06:22:53.000Z</time>
        <extensions>
          <ns3:TrackPointExtension>
            <ns3:hr>151</ns3:hr>
            <ns3:cad>84</ns3:cad>
          </ns3:TrackPointExtension>
        </extensions>
      </trkpt>
      <trkpt lat="55.6303753517568111419677734375" lon="37.31144844554364681243896484375">
        <ele>191.1999969482421875</ele>
        <time>2026-09-26T06:22:54.000Z</time>
        <extensions>
          <ns3:TrackPointExtension>
            <ns3:hr>151</ns3:hr>
            <ns3:cad>84</ns3:cad>
          </ns3:TrackPointExtension>
        </extensions>
      </trkpt>
      <trkpt lat="55.63035833649337291717529296875" lon="37.3114735074341297149658203125">
        <ele>191.399993896484375</ele>
        <time>2026-09-26T06:22:55.000Z</time>
        <extensions>
          <ns3:TrackPointExtension>
            <ns3:hr>150</ns3:hr>
            <ns3:cad>84</ns3:cad>
          </ns3:TrackPointExtension>
        </extensions>
      </trkpt>
      <trkpt lat="55.63034576363861560821533203125" lon="37.31149856932461261749267578125">
        <ele>191.399993896484375</ele>
        <time>2026-09-26T06:22:56.000Z</time>
        <extensions>
          <ns3:TrackPointExtension>
            <ns3:hr>151</ns3:hr>
            <ns3:cad>84</ns3:cad>
          </ns3:TrackPointExtension>
        </extensions>
      </trkpt>
      <trkpt lat="55.63032899983227252960205078125" lon="37.3115224577486515045166015625">
        <ele>191.399993896484375</ele>
        <time>2026-09-26T06:22:57.000Z</time>
        <extensions>
          <ns3:TrackPointExtension>
            <ns3:hr>150</ns3:hr>
            <ns3:cad>84</ns3:cad>
          </ns3:TrackPointExtension>
        </extensions>
      </trkpt>
      <trkpt lat="55.63031441532075405120849609375" lon="37.3115526326000690460205078125">
        <ele>191.600006103515625</ele>
        <time>2026-09-26T06:22:58.000Z</time>
        <extensions>
          <ns3:TrackPointExtension>
            <ns3:hr>150</ns3:hr>
            <ns3:cad>84</ns3:cad>
          </ns3:TrackPointExtension>
        </extensions>
      </trkpt>
      <trkpt lat="55.63030536286532878875732421875" lon="37.3115833103656768798828125">
        <ele>191.600006103515625</ele>
        <time>2026-09-26T06:22:59.000Z</time>
        <extensions>
          <ns3:TrackPointExtension>
            <ns3:hr>150</ns3:hr>
            <ns3:cad>85</ns3:cad>
          </ns3:TrackPointExtension>
        </extensions>
      </trkpt>
      <trkpt lat="55.630291365087032318115234375" lon="37.31161893345415592193603515625">
        <ele>191.600006103515625</ele>
        <time>2026-09-26T06:23:00.000Z</time>
        <extensions>
          <ns3:TrackPointExtension>
            <ns3:hr>150</ns3:hr>
            <ns3:cad>85</ns3:cad>
          </ns3:TrackPointExtension>
        </extensions>
      </trkpt>
      <trkpt lat="55.63027569092810153961181640625" lon="37.3116530478000640869140625">
        <ele>191.600006103515625</ele>
        <time>2026-09-26T06:23:01.000Z</time>
        <extensions>
          <ns3:TrackPointExtension>
            <ns3:hr>150</ns3:hr>
            <ns3:cad>85</ns3:cad>
          </ns3:TrackPointExtension>
        </extensions>
      </trkpt>
      <trkpt lat="55.6302616931498050689697265625" lon="37.311686575412750244140625">
        <ele>191.600006103515625</ele>
        <time>2026-09-26T06:23:02.000Z</time>
        <extensions>
          <ns3:TrackPointExtension>
            <ns3:hr>150</ns3:hr>
            <ns3:cad>85</ns3:cad>
          </ns3:TrackPointExtension>
        </extensions>
      </trkpt>
      <trkpt lat="55.63024409115314483642578125" lon="37.311722449958324432373046875">
        <ele>191.399993896484375</ele>
        <time>2026-09-26T06:23:03.000Z</time>
        <extensions>
          <ns3:TrackPointExtension>
            <ns3:hr>150</ns3:hr>
            <ns3:cad>85</ns3:cad>
          </ns3:TrackPointExtension>
        </extensions>
      </trkpt>
      <trkpt lat="55.6302273273468017578125" lon="37.31174969114363193511962890625">
        <ele>191.1999969482421875</ele>
        <time>2026-09-26T06:23:04.000Z</time>
        <extensions>
          <ns3:TrackPointExtension>
            <ns3:hr>150</ns3:hr>
            <ns3:cad>84</ns3:cad>
          </ns3:TrackPointExtension>
        </extensions>
      </trkpt>
      <trkpt lat="55.63021064735949039459228515625" lon="37.3117729090154170989990234375">
        <ele>191</ele>
        <time>2026-09-26T06:23:05.000Z</time>
        <extensions>
          <ns3:TrackPointExtension>
            <ns3:hr>150</ns3:hr>
            <ns3:cad>83</ns3:cad>
          </ns3:TrackPointExtension>
        </extensions>
      </trkpt>
      <trkpt lat="55.63018986023962497711181640625" lon="37.31178514659404754638671875">
        <ele>190.8000030517578125</ele>
        <time>2026-09-26T06:23:06.000Z</time>
        <extensions>
          <ns3:TrackPointExtension>
            <ns3:hr>150</ns3:hr>
            <ns3:cad>83</ns3:cad>
          </ns3:TrackPointExtension>
        </extensions>
      </trkpt>
      <trkpt lat="55.63016689382493495941162109375" lon="37.31179377995431423187255859375">
        <ele>190.8000030517578125</ele>
        <time>2026-09-26T06:23:07.000Z</time>
        <extensions>
          <ns3:TrackPointExtension>
            <ns3:hr>150</ns3:hr>
            <ns3:cad>84</ns3:cad>
          </ns3:TrackPointExtension>
        </extensions>
      </trkpt>
      <trkpt lat="55.63014191575348377227783203125" lon="37.31179746799170970916748046875">
        <ele>190.399993896484375</ele>
        <time>2026-09-26T06:23:08.000Z</time>
        <extensions>
          <ns3:TrackPointExtension>
            <ns3:hr>150</ns3:hr>
            <ns3:cad>84</ns3:cad>
          </ns3:TrackPointExtension>
        </extensions>
      </trkpt>
      <trkpt lat="55.63011425547301769256591796875" lon="37.31180400587618350982666015625">
        <ele>190.1999969482421875</ele>
        <time>2026-09-26T06:23:09.000Z</time>
        <extensions>
          <ns3:TrackPointExtension>
            <ns3:hr>151</ns3:hr>
            <ns3:cad>84</ns3:cad>
          </ns3:TrackPointExtension>
        </extensions>
      </trkpt>
      <trkpt lat="55.6300863437354564666748046875" lon="37.311810962855815887451171875">
        <ele>190</ele>
        <time>2026-09-26T06:23:10.000Z</time>
        <extensions>
          <ns3:TrackPointExtension>
            <ns3:hr>151</ns3:hr>
            <ns3:cad>84</ns3:cad>
          </ns3:TrackPointExtension>
        </extensions>
      </trkpt>
      <trkpt lat="55.630061365664005279541015625" lon="37.31181557290256023406982421875">
        <ele>189.8000030517578125</ele>
        <time>2026-09-26T06:23:11.000Z</time>
        <extensions>
          <ns3:TrackPointExtension>
            <ns3:hr>151</ns3:hr>
            <ns3:cad>84</ns3:cad>
          </ns3:TrackPointExtension>
        </extensions>
      </trkpt>
      <trkpt lat="55.63003831543028354644775390625" lon="37.31182001531124114990234375">
        <ele>189.600006103515625</ele>
        <time>2026-09-26T06:23:12.000Z</time>
        <extensions>
          <ns3:TrackPointExtension>
            <ns3:hr>151</ns3:hr>
            <ns3:cad>85</ns3:cad>
          </ns3:TrackPointExtension>
        </extensions>
      </trkpt>
      <trkpt lat="55.63001149334013462066650390625" lon="37.3118211887776851654052734375">
        <ele>189.1999969482421875</ele>
        <time>2026-09-26T06:23:13.000Z</time>
        <extensions>
          <ns3:TrackPointExtension>
            <ns3:hr>151</ns3:hr>
            <ns3:cad>85</ns3:cad>
          </ns3:TrackPointExtension>
        </extensions>
      </trkpt>
      <trkpt lat="55.62998936511576175689697265625" lon="37.311820350587368011474609375">
        <ele>188.8000030517578125</ele>
        <time>2026-09-26T06:23:14.000Z</time>
        <extensions>
          <ns3:TrackPointExtension>
            <ns3:hr>151</ns3:hr>
            <ns3:cad>85</ns3:cad>
          </ns3:TrackPointExtension>
        </extensions>
      </trkpt>
      <trkpt lat="55.62996304593980312347412109375" lon="37.31182127259671688079833984375">
        <ele>188.399993896484375</ele>
        <time>2026-09-26T06:23:15.000Z</time>
        <extensions>
          <ns3:TrackPointExtension>
            <ns3:hr>151</ns3:hr>
            <ns3:cad>85</ns3:cad>
          </ns3:TrackPointExtension>
        </extensions>
      </trkpt>
      <trkpt lat="55.62993873842060565948486328125" lon="37.31182747520506381988525390625">
        <ele>188.1999969482421875</ele>
        <time>2026-09-26T06:23:16.000Z</time>
        <extensions>
          <ns3:TrackPointExtension>
            <ns3:hr>151</ns3:hr>
            <ns3:cad>85</ns3:cad>
          </ns3:TrackPointExtension>
        </extensions>
      </trkpt>
      <trkpt lat="55.6299180351197719573974609375" lon="37.31183937750756740570068359375">
        <ele>188</ele>
        <time>2026-09-26T06:23:17.000Z</time>
        <extensions>
          <ns3:TrackPointExtension>
            <ns3:hr>152</ns3:hr>
            <ns3:cad>86</ns3:cad>
          </ns3:TrackPointExtension>
        </extensions>
      </trkpt>
      <trkpt lat="55.62989867292344570159912109375" lon="37.3118610866367816925048828125">
        <ele>187.8000030517578125</ele>
        <time>2026-09-26T06:23:18.000Z</time>
        <extensions>
          <ns3:TrackPointExtension>
            <ns3:hr>151</ns3:hr>
            <ns3:cad>86</ns3:cad>
          </ns3:TrackPointExtension>
        </extensions>
      </trkpt>
      <trkpt lat="55.6298878602683544158935546875" lon="37.31189017184078693389892578125">
        <ele>187.8000030517578125</ele>
        <time>2026-09-26T06:23:19.000Z</time>
        <extensions>
          <ns3:TrackPointExtension>
            <ns3:hr>151</ns3:hr>
            <ns3:cad>86</ns3:cad>
          </ns3:TrackPointExtension>
        </extensions>
      </trkpt>
      <trkpt lat="55.6298764608800411224365234375" lon="37.31192403472959995269775390625">
        <ele>187.8000030517578125</ele>
        <time>2026-09-26T06:23:20.000Z</time>
        <extensions>
          <ns3:TrackPointExtension>
            <ns3:hr>152</ns3:hr>
            <ns3:cad>85</ns3:cad>
          </ns3:TrackPointExtension>
        </extensions>
      </trkpt>
      <trkpt lat="55.62986749224364757537841796875" lon="37.311954461038112640380859375">
        <ele>187.8000030517578125</ele>
        <time>2026-09-26T06:23:21.000Z</time>
        <extensions>
          <ns3:TrackPointExtension>
            <ns3:hr>151</ns3:hr>
            <ns3:cad>85</ns3:cad>
          </ns3:TrackPointExtension>
        </extensions>
      </trkpt>
      <trkpt lat="55.6298556737601757049560546875" lon="37.31199176050722599029541015625">
        <ele>187.8000030517578125</ele>
        <time>2026-09-26T06:23:22.000Z</time>
        <extensions>
          <ns3:TrackPointExtension>
            <ns3:hr>151</ns3:hr>
            <ns3:cad>85</ns3:cad>
          </ns3:TrackPointExtension>
        </extensions>
      </trkpt>
      <trkpt lat="55.629843436181545257568359375" lon="37.3120304010808467864990234375">
        <ele>188</ele>
        <time>2026-09-26T06:23:23.000Z</time>
        <extensions>
          <ns3:TrackPointExtension>
            <ns3:hr>151</ns3:hr>
            <ns3:cad>85</ns3:cad>
          </ns3:TrackPointExtension>
        </extensions>
      </trkpt>
      <trkpt lat="55.62983371317386627197265625" lon="37.3120736517012119293212890625">
        <ele>188.1999969482421875</ele>
        <time>2026-09-26T06:23:24.000Z</time>
        <extensions>
          <ns3:TrackPointExtension>
            <ns3:hr>151</ns3:hr>
            <ns3:cad>85</ns3:cad>
          </ns3:TrackPointExtension>
        </extensions>
      </trkpt>
      <trkpt lat="55.62981627881526947021484375" lon="37.3121170699596405029296875">
        <ele>188.1999969482421875</ele>
        <time>2026-09-26T06:23:25.000Z</time>
        <extensions>
          <ns3:TrackPointExtension>
            <ns3:hr>151</ns3:hr>
            <ns3:cad>85</ns3:cad>
          </ns3:TrackPointExtension>
        </extensions>
      </trkpt>
      <trkpt lat="55.62980496324598789215087890625" lon="37.312158308923244476318359375">
        <ele>188.399993896484375</ele>
        <time>2026-09-26T06:23:26.000Z</time>
        <extensions>
          <ns3:TrackPointExtension>
            <ns3:hr>151</ns3:hr>
            <ns3:cad>85</ns3:cad>
          </ns3:TrackPointExtension>
        </extensions>
      </trkpt>
      <trkpt lat="55.629789121448993682861328125" lon="37.31220549903810024261474609375">
        <ele>188.600006103515625</ele>
        <time>2026-09-26T06:23:27.000Z</time>
        <extensions>
          <ns3:TrackPointExtension>
            <ns3:hr>151</ns3:hr>
            <ns3:cad>85</ns3:cad>
          </ns3:TrackPointExtension>
        </extensions>
      </trkpt>
      <trkpt lat="55.62977747060358524322509765625" lon="37.31224925257265567779541015625">
        <ele>188.8000030517578125</ele>
        <time>2026-09-26T06:23:28.000Z</time>
        <extensions>
          <ns3:TrackPointExtension>
            <ns3:hr>152</ns3:hr>
            <ns3:cad>85</ns3:cad>
          </ns3:TrackPointExtension>
        </extensions>
      </trkpt>
      <trkpt lat="55.62976640649139881134033203125" lon="37.3122956044971942901611328125">
        <ele>189</ele>
        <time>2026-09-26T06:23:29.000Z</time>
        <extensions>
          <ns3:TrackPointExtension>
            <ns3:hr>151</ns3:hr>
            <ns3:cad>85</ns3:cad>
          </ns3:TrackPointExtension>
        </extensions>
      </trkpt>
      <trkpt lat="55.62975835986435413360595703125" lon="37.31233768165111541748046875">
        <ele>189.1999969482421875</ele>
        <time>2026-09-26T06:23:30.000Z</time>
        <extensions>
          <ns3:TrackPointExtension>
            <ns3:hr>151</ns3:hr>
            <ns3:cad>86</ns3:cad>
          </ns3:TrackPointExtension>
        </extensions>
      </trkpt>
      <trkpt lat="55.62975433655083179473876953125" lon="37.31238051317632198333740234375">
        <ele>189.399993896484375</ele>
        <time>2026-09-26T06:23:31.000Z</time>
        <extensions>
          <ns3:TrackPointExtension>
            <ns3:hr>152</ns3:hr>
            <ns3:cad>86</ns3:cad>
          </ns3:TrackPointExtension>
        </extensions>
      </trkpt>
      <trkpt lat="55.6297500617802143096923828125" lon="37.31242326088249683380126953125">
        <ele>189.8000030517578125</ele>
        <time>2026-09-26T06:23:32.000Z</time>
        <extensions>
          <ns3:TrackPointExtension>
            <ns3:hr>152</ns3:hr>
            <ns3:cad>86</ns3:cad>
          </ns3:TrackPointExtension>
        </extensions>
      </trkpt>
      <trkpt lat="55.6297470442950725555419921875" lon="37.31246466748416423797607421875">
        <ele>190</ele>
        <time>2026-09-26T06:23:33.000Z</time>
        <extensions>
          <ns3:TrackPointExtension>
            <ns3:hr>152</ns3:hr>
            <ns3:cad>86</ns3:cad>
          </ns3:TrackPointExtension>
        </extensions>
      </trkpt>
      <trkpt lat="55.62974251806735992431640625" lon="37.3125095106661319732666015625">
        <ele>190</ele>
        <time>2026-09-26T06:23:34.000Z</time>
        <extensions>
          <ns3:TrackPointExtension>
            <ns3:hr>153</ns3:hr>
            <ns3:cad>85</ns3:cad>
          </ns3:TrackPointExtension>
        </extensions>
      </trkpt>
      <trkpt lat="55.629738830029964447021484375" lon="37.31254848651587963104248046875">
        <ele>190.1999969482421875</ele>
        <time>2026-09-26T06:23:35.000Z</time>
        <extensions>
          <ns3:TrackPointExtension>
            <ns3:hr>153</ns3:hr>
            <ns3:cad>85</ns3:cad>
          </ns3:TrackPointExtension>
        </extensions>
      </trkpt>
      <trkpt lat="55.62973321415483951568603515625" lon="37.31259190477430820465087890625">
        <ele>190.1999969482421875</ele>
        <time>2026-09-26T06:23:36.000Z</time>
        <extensions>
          <ns3:TrackPointExtension>
            <ns3:hr>153</ns3:hr>
            <ns3:cad>85</ns3:cad>
          </ns3:TrackPointExtension>
        </extensions>
      </trkpt>
      <trkpt lat="55.62972282059490680694580078125" lon="37.312630712985992431640625">
        <ele>190.1999969482421875</ele>
        <time>2026-09-26T06:23:37.000Z</time>
        <extensions>
          <ns3:TrackPointExtension>
            <ns3:hr>153</ns3:hr>
            <ns3:cad>84</ns3:cad>
          </ns3:TrackPointExtension>
        </extensions>
      </trkpt>
      <trkpt lat="55.62971167266368865966796875" lon="37.31267572380602359771728515625">
        <ele>190.399993896484375</ele>
        <time>2026-09-26T06:23:38.000Z</time>
        <extensions>
          <ns3:TrackPointExtension>
            <ns3:hr>153</ns3:hr>
            <ns3:cad>84</ns3:cad>
          </ns3:TrackPointExtension>
        </extensions>
      </trkpt>
      <trkpt lat="55.62970069237053394317626953125" lon="37.312715537846088409423828125">
        <ele>190.600006103515625</ele>
        <time>2026-09-26T06:23:39.000Z</time>
        <extensions>
          <ns3:TrackPointExtension>
            <ns3:hr>153</ns3:hr>
            <ns3:cad>84</ns3:cad>
          </ns3:TrackPointExtension>
        </extensions>
      </trkpt>
      <trkpt lat="55.6296890415251255035400390625" lon="37.3127502389252185821533203125">
        <ele>190.600006103515625</ele>
        <time>2026-09-26T06:23:40.000Z</time>
        <extensions>
          <ns3:TrackPointExtension>
            <ns3:hr>153</ns3:hr>
            <ns3:cad>84</ns3:cad>
          </ns3:TrackPointExtension>
        </extensions>
      </trkpt>
      <trkpt lat="55.62967370264232158660888671875" lon="37.3127887956798076629638671875">
        <ele>190.8000030517578125</ele>
        <time>2026-09-26T06:23:41.000Z</time>
        <extensions>
          <ns3:TrackPointExtension>
            <ns3:hr>153</ns3:hr>
            <ns3:cad>84</ns3:cad>
          </ns3:TrackPointExtension>
        </extensions>
      </trkpt>
      <trkpt lat="55.6296605430543422698974609375" lon="37.31282626278698444366455078125">
        <ele>191</ele>
        <time>2026-09-26T06:23:42.000Z</time>
        <extensions>
          <ns3:TrackPointExtension>
            <ns3:hr>153</ns3:hr>
            <ns3:cad>84</ns3:cad>
          </ns3:TrackPointExtension>
        </extensions>
      </trkpt>
      <trkpt lat="55.6296434439718723297119140625" lon="37.3128680884838104248046875">
        <ele>191.1999969482421875</ele>
        <time>2026-09-26T06:23:43.000Z</time>
        <extensions>
          <ns3:TrackPointExtension>
            <ns3:hr>153</ns3:hr>
            <ns3:cad>84</ns3:cad>
          </ns3:TrackPointExtension>
        </extensions>
      </trkpt>
      <trkpt lat="55.62962307594716548919677734375" lon="37.31290656141936779022216796875">
        <ele>191.1999969482421875</ele>
        <time>2026-09-26T06:23:44.000Z</time>
        <extensions>
          <ns3:TrackPointExtension>
            <ns3:hr>153</ns3:hr>
            <ns3:cad>85</ns3:cad>
          </ns3:TrackPointExtension>
        </extensions>
      </trkpt>
      <trkpt lat="55.6296035461127758026123046875" lon="37.31294662691652774810791015625">
        <ele>191.1999969482421875</ele>
        <time>2026-09-26T06:23:45.000Z</time>
        <extensions>
          <ns3:TrackPointExtension>
            <ns3:hr>152</ns3:hr>
            <ns3:cad>86</ns3:cad>
          </ns3:TrackPointExtension>
        </extensions>
      </trkpt>
      <trkpt lat="55.6295874528586864471435546875" lon="37.31298300437629222869873046875">
        <ele>191</ele>
        <time>2026-09-26T06:23:46.000Z</time>
        <extensions>
          <ns3:TrackPointExtension>
            <ns3:hr>152</ns3:hr>
            <ns3:cad>86</ns3:cad>
          </ns3:TrackPointExtension>
        </extensions>
      </trkpt>
      <trkpt lat="55.62957085669040679931640625" lon="37.3130211420357227325439453125">
        <ele>191</ele>
        <time>2026-09-26T06:23:47.000Z</time>
        <extensions>
          <ns3:TrackPointExtension>
            <ns3:hr>152</ns3:hr>
            <ns3:cad>86</ns3:cad>
          </ns3:TrackPointExtension>
        </extensions>
      </trkpt>
      <trkpt lat="55.62955635599792003631591796875" lon="37.3130585253238677978515625">
        <ele>190.8000030517578125</ele>
        <time>2026-09-26T06:23:48.000Z</time>
        <extensions>
          <ns3:TrackPointExtension>
            <ns3:hr>151</ns3:hr>
            <ns3:cad>87</ns3:cad>
          </ns3:TrackPointExtension>
        </extensions>
      </trkpt>
      <trkpt lat="55.6295425258576869964599609375" lon="37.31309196911752223968505859375">
        <ele>190.8000030517578125</ele>
        <time>2026-09-26T06:23:49.000Z</time>
        <extensions>
          <ns3:TrackPointExtension>
            <ns3:hr>151</ns3:hr>
            <ns3:cad>87</ns3:cad>
          </ns3:TrackPointExtension>
        </extensions>
      </trkpt>
      <trkpt lat="55.6295284442603588104248046875" lon="37.3131274245679378509521484375">
        <ele>190.8000030517578125</ele>
        <time>2026-09-26T06:23:50.000Z</time>
        <extensions>
          <ns3:TrackPointExtension>
            <ns3:hr>151</ns3:hr>
            <ns3:cad>87</ns3:cad>
          </ns3:TrackPointExtension>
        </extensions>
      </trkpt>
      <trkpt lat="55.629516206681728363037109375" lon="37.31316053308546543121337890625">
        <ele>190.8000030517578125</ele>
        <time>2026-09-26T06:23:51.000Z</time>
        <extensions>
          <ns3:TrackPointExtension>
            <ns3:hr>151</ns3:hr>
            <ns3:cad>86</ns3:cad>
          </ns3:TrackPointExtension>
        </extensions>
      </trkpt>
      <trkpt lat="55.629500113427639007568359375" lon="37.31319825164973735809326171875">
        <ele>190.8000030517578125</ele>
        <time>2026-09-26T06:23:52.000Z</time>
        <extensions>
          <ns3:TrackPointExtension>
            <ns3:hr>151</ns3:hr>
            <ns3:cad>86</ns3:cad>
          </ns3:TrackPointExtension>
        </extensions>
      </trkpt>
      <trkpt lat="55.62948494218289852142333984375" lon="37.3132333718240261077880859375">
        <ele>190.8000030517578125</ele>
        <time>2026-09-26T06:23:53.000Z</time>
        <extensions>
          <ns3:TrackPointExtension>
            <ns3:hr>150</ns3:hr>
            <ns3:cad>87</ns3:cad>
          </ns3:TrackPointExtension>
        </extensions>
      </trkpt>
      <trkpt lat="55.62946918420493602752685546875" lon="37.31326949782669544219970703125">
        <ele>190.8000030517578125</ele>
        <time>2026-09-26T06:23:54.000Z</time>
        <extensions>
          <ns3:TrackPointExtension>
            <ns3:hr>151</ns3:hr>
            <ns3:cad>87</ns3:cad>
          </ns3:TrackPointExtension>
        </extensions>
      </trkpt>
      <trkpt lat="55.6294556893408298492431640625" lon="37.31330554001033306121826171875">
        <ele>190.8000030517578125</ele>
        <time>2026-09-26T06:23:55.000Z</time>
        <extensions>
          <ns3:TrackPointExtension>
            <ns3:hr>151</ns3:hr>
            <ns3:cad>87</ns3:cad>
          </ns3:TrackPointExtension>
        </extensions>
      </trkpt>
      <trkpt lat="55.629440434277057647705078125" lon="37.313343174755573272705078125">
        <ele>190.8000030517578125</ele>
        <time>2026-09-26T06:23:56.000Z</time>
        <extensions>
          <ns3:TrackPointExtension>
            <ns3:hr>151</ns3:hr>
            <ns3:cad>86</ns3:cad>
          </ns3:TrackPointExtension>
        </extensions>
      </trkpt>
      <trkpt lat="55.6294240057468414306640625" lon="37.31337661854922771453857421875">
        <ele>190.8000030517578125</ele>
        <time>2026-09-26T06:23:57.000Z</time>
        <extensions>
          <ns3:TrackPointExtension>
            <ns3:hr>151</ns3:hr>
            <ns3:cad>86</ns3:cad>
          </ns3:TrackPointExtension>
        </extensions>
      </trkpt>
      <trkpt lat="55.629406906664371490478515625" lon="37.3134100623428821563720703125">
        <ele>190.600006103515625</ele>
        <time>2026-09-26T06:23:58.000Z</time>
        <extensions>
          <ns3:TrackPointExtension>
            <ns3:hr>152</ns3:hr>
            <ns3:cad>88</ns3:cad>
          </ns3:TrackPointExtension>
        </extensions>
      </trkpt>
      <trkpt lat="55.62938519753515720367431640625" lon="37.31344333849847316741943359375">
        <ele>190.600006103515625</ele>
        <time>2026-09-26T06:23:59.000Z</time>
        <extensions>
          <ns3:TrackPointExtension>
            <ns3:hr>152</ns3:hr>
            <ns3:cad>88</ns3:cad>
          </ns3:TrackPointExtension>
        </extensions>
      </trkpt>
      <trkpt lat="55.62936457805335521697998046875" lon="37.313472591340541839599609375">
        <ele>190.399993896484375</ele>
        <time>2026-09-26T06:24:00.000Z</time>
        <extensions>
          <ns3:TrackPointExtension>
            <ns3:hr>152</ns3:hr>
            <ns3:cad>88</ns3:cad>
          </ns3:TrackPointExtension>
        </extensions>
      </trkpt>
      <trkpt lat="55.62934228219091892242431640625" lon="37.31349916197359561920166015625">
        <ele>190.1999969482421875</ele>
        <time>2026-09-26T06:24:01.000Z</time>
        <extensions>
          <ns3:TrackPointExtension>
            <ns3:hr>152</ns3:hr>
            <ns3:cad>87</ns3:cad>
          </ns3:TrackPointExtension>
        </extensions>
      </trkpt>
      <trkpt lat="55.62932074069976806640625" lon="37.31352313421666622161865234375">
        <ele>190.1999969482421875</ele>
        <time>2026-09-26T06:24:02.000Z</time>
        <extensions>
          <ns3:TrackPointExtension>
            <ns3:hr>151</ns3:hr>
            <ns3:cad>87</ns3:cad>
          </ns3:TrackPointExtension>
        </extensions>
      </trkpt>
      <trkpt lat="55.6293014623224735260009765625" lon="37.31354777701199054718017578125">
        <ele>190</ele>
        <time>2026-09-26T06:24:03.000Z</time>
        <extensions>
          <ns3:TrackPointExtension>
            <ns3:hr>151</ns3:hr>
            <ns3:cad>87</ns3:cad>
          </ns3:TrackPointExtension>
        </extensions>
      </trkpt>
      <trkpt lat="55.629278160631656646728515625" lon="37.31357007287442684173583984375">
        <ele>189.8000030517578125</ele>
        <time>2026-09-26T06:24:04.000Z</time>
        <extensions>
          <ns3:TrackPointExtension>
            <ns3:hr>150</ns3:hr>
            <ns3:cad>87</ns3:cad>
          </ns3:TrackPointExtension>
        </extensions>
      </trkpt>
      <trkpt lat="55.6292603909969329833984375" lon="37.31359622441232204437255859375">
        <ele>189.8000030517578125</ele>
        <time>2026-09-26T06:24:05.000Z</time>
        <extensions>
          <ns3:TrackPointExtension>
            <ns3:hr>151</ns3:hr>
            <ns3:cad>87</ns3:cad>
          </ns3:TrackPointExtension>
        </extensions>
      </trkpt>
      <trkpt lat="55.6292468123137950897216796875" lon="37.3136320151388645172119140625">
        <ele>189.8000030517578125</ele>
        <time>2026-09-26T06:24:06.000Z</time>
        <extensions>
          <ns3:TrackPointExtension>
            <ns3:hr>151</ns3:hr>
            <ns3:cad>86</ns3:cad>
          </ns3:TrackPointExtension>
        </extensions>
      </trkpt>
      <trkpt lat="55.62923826277256011962890625" lon="37.3136735893785953521728515625">
        <ele>190</ele>
        <time>2026-09-26T06:24:07.000Z</time>
        <extensions>
          <ns3:TrackPointExtension>
            <ns3:hr>152</ns3:hr>
            <ns3:cad>86</ns3:cad>
          </ns3:TrackPointExtension>
        </extensions>
      </trkpt>
      <trkpt lat="55.629237256944179534912109375" lon="37.3137175105512142181396484375">
        <ele>190.399993896484375</ele>
        <time>2026-09-26T06:24:08.000Z</time>
        <extensions>
          <ns3:TrackPointExtension>
            <ns3:hr>152</ns3:hr>
            <ns3:cad>86</ns3:cad>
          </ns3:TrackPointExtension>
        </extensions>
      </trkpt>
      <trkpt lat="55.62924002297222614288330078125" lon="37.31375749222934246063232421875">
        <ele>190.600006103515625</ele>
        <time>2026-09-26T06:24:09.000Z</time>
        <extensions>
          <ns3:TrackPointExtension>
            <ns3:hr>152</ns3:hr>
            <ns3:cad>85</ns3:cad>
          </ns3:TrackPointExtension>
        </extensions>
      </trkpt>
      <trkpt lat="55.62924806959927082061767578125" lon="37.3137949593365192413330078125">
        <ele>191</ele>
        <time>2026-09-26T06:24:10.000Z</time>
        <extensions>
          <ns3:TrackPointExtension>
            <ns3:hr>152</ns3:hr>
            <ns3:cad>85</ns3:cad>
          </ns3:TrackPointExtension>
        </extensions>
      </trkpt>
      <trkpt lat="55.6292592175304889678955078125" lon="37.3138268105685710906982421875">
        <ele>191.399993896484375</ele>
        <time>2026-09-26T06:24:11.000Z</time>
        <extensions>
          <ns3:TrackPointExtension>
            <ns3:hr>152</ns3:hr>
            <ns3:cad>85</ns3:cad>
          </ns3:TrackPointExtension>
        </extensions>
      </trkpt>
      <trkpt lat="55.62926852144300937652587890625" lon="37.3138566501438617706298828125">
        <ele>191.600006103515625</ele>
        <time>2026-09-26T06:24:12.000Z</time>
        <extensions>
          <ns3:TrackPointExtension>
            <ns3:hr>152</ns3:hr>
            <ns3:cad>85</ns3:cad>
          </ns3:TrackPointExtension>
        </extensions>
      </trkpt>
      <trkpt lat="55.6292793340981006622314453125" lon="37.3138905130326747894287109375">
        <ele>191.8000030517578125</ele>
        <time>2026-09-26T06:24:13.000Z</time>
        <extensions>
          <ns3:TrackPointExtension>
            <ns3:hr>151</ns3:hr>
            <ns3:cad>84</ns3:cad>
          </ns3:TrackPointExtension>
        </extensions>
      </trkpt>
      <trkpt lat="55.629292242228984832763671875" lon="37.31392144225537776947021484375">
        <ele>192</ele>
        <time>2026-09-26T06:24:14.000Z</time>
        <extensions>
          <ns3:TrackPointExtension>
            <ns3:hr>151</ns3:hr>
            <ns3:cad>84</ns3:cad>
          </ns3:TrackPointExtension>
        </extensions>
      </trkpt>
      <trkpt lat="55.62930758111178874969482421875" lon="37.31394792906939983367919921875">
        <ele>192.1999969482421875</ele>
        <time>2026-09-26T06:24:15.000Z</time>
        <extensions>
          <ns3:TrackPointExtension>
            <ns3:hr>150</ns3:hr>
            <ns3:cad>84</ns3:cad>
          </ns3:TrackPointExtension>
        </extensions>
      </trkpt>
      <trkpt lat="55.6293235905468463897705078125" lon="37.3139776848256587982177734375">
        <ele>192.399993896484375</ele>
        <time>2026-09-26T06:24:16.000Z</time>
        <extensions>
          <ns3:TrackPointExtension>
            <ns3:hr>150</ns3:hr>
            <ns3:cad>84</ns3:cad>
          </ns3:TrackPointExtension>
        </extensions>
      </trkpt>
      <trkpt lat="55.6293396838009357452392578125" lon="37.31400542892515659332275390625">
        <ele>192.600006103515625</ele>
        <time>2026-09-26T06:24:17.000Z</time>
        <extensions>
          <ns3:TrackPointExtension>
            <ns3:hr>150</ns3:hr>
            <ns3:cad>84</ns3:cad>
          </ns3:TrackPointExtension>
        </extensions>
      </trkpt>
      <trkpt lat="55.62935586087405681610107421875" lon="37.31403627432882785797119140625">
        <ele>192.8000030517578125</ele>
        <time>2026-09-26T06:24:18.000Z</time>
        <extensions>
          <ns3:TrackPointExtension>
            <ns3:hr>151</ns3:hr>
            <ns3:cad>84</ns3:cad>
          </ns3:TrackPointExtension>
        </extensions>
      </trkpt>
      <trkpt lat="55.62937446869909763336181640625" lon="37.3140648566186428070068359375">
        <ele>193</ele>
        <time>2026-09-26T06:24:19.000Z</time>
        <extensions>
          <ns3:TrackPointExtension>
            <ns3:hr>151</ns3:hr>
            <ns3:cad>84</ns3:cad>
          </ns3:TrackPointExtension>
        </extensions>
      </trkpt>
      <trkpt lat="55.62939383089542388916015625" lon="37.31408572755753993988037109375">
        <ele>193.1999969482421875</ele>
        <time>2026-09-26T06:24:20.000Z</time>
        <extensions>
          <ns3:TrackPointExtension>
            <ns3:hr>151</ns3:hr>
            <ns3:cad>84</ns3:cad>
          </ns3:TrackPointExtension>
        </extensions>
      </trkpt>
      <trkpt lat="55.6294157914817333221435546875" lon="37.314105592668056488037109375">
        <ele>193.600006103515625</ele>
        <time>2026-09-26T06:24:21.000Z</time>
        <extensions>
          <ns3:TrackPointExtension>
            <ns3:hr>151</ns3:hr>
            <ns3:cad>84</ns3:cad>
          </ns3:TrackPointExtension>
        </extensions>
      </trkpt>
      <trkpt lat="55.62943808734416961669921875" lon="37.31411774642765522003173828125">
        <ele>193.8000030517578125</ele>
        <time>2026-09-26T06:24:22.000Z</time>
        <extensions>
          <ns3:TrackPointExtension>
            <ns3:hr>151</ns3:hr>
            <ns3:cad>84</ns3:cad>
          </ns3:TrackPointExtension>
        </extensions>
      </trkpt>
      <trkpt lat="55.62946088612079620361328125" lon="37.314129061996936798095703125">
        <ele>194</ele>
        <time>2026-09-26T06:24:23.000Z</time>
        <extensions>
          <ns3:TrackPointExtension>
            <ns3:hr>151</ns3:hr>
            <ns3:cad>84</ns3:cad>
          </ns3:TrackPointExtension>
        </extensions>
      </trkpt>
      <trkpt lat="55.6294851936399936676025390625" lon="37.31413786299526691436767578125">
        <ele>194.1999969482421875</ele>
        <time>2026-09-26T06:24:24.000Z</time>
        <extensions>
          <ns3:TrackPointExtension>
            <ns3:hr>150</ns3:hr>
            <ns3:cad>84</ns3:cad>
          </ns3:TrackPointExtension>
        </extensions>
      </trkpt>
      <trkpt lat="55.62950790859758853912353515625" lon="37.3141423054039478302001953125">
        <ele>194.1999969482421875</ele>
        <time>2026-09-26T06:24:25.000Z</time>
        <extensions>
          <ns3:TrackPointExtension>
            <ns3:hr>151</ns3:hr>
            <ns3:cad>83</ns3:cad>
          </ns3:TrackPointExtension>
        </extensions>
      </trkpt>
      <trkpt lat="55.6295287795364856719970703125" lon="37.3141510225832462310791015625">
        <ele>194.399993896484375</ele>
        <time>2026-09-26T06:24:26.000Z</time>
        <extensions>
          <ns3:TrackPointExtension>
            <ns3:hr>151</ns3:hr>
            <ns3:cad>83</ns3:cad>
          </ns3:TrackPointExtension>
        </extensions>
      </trkpt>
      <trkpt lat="55.629548393189907073974609375" lon="37.314161248505115509033203125">
        <ele>194.600006103515625</ele>
        <time>2026-09-26T06:24:27.000Z</time>
        <extensions>
          <ns3:TrackPointExtension>
            <ns3:hr>150</ns3:hr>
            <ns3:cad>84</ns3:cad>
          </ns3:TrackPointExtension>
        </extensions>
      </trkpt>
      <trkpt lat="55.62956683337688446044921875" lon="37.31417901813983917236328125">
        <ele>194.8000030517578125</ele>
        <time>2026-09-26T06:24:28.000Z</time>
        <extensions>
          <ns3:TrackPointExtension>
            <ns3:hr>151</ns3:hr>
            <ns3:cad>84</ns3:cad>
          </ns3:TrackPointExtension>
        </extensions>
      </trkpt>
      <trkpt lat="55.629579238593578338623046875" lon="37.314202822744846343994140625">
        <ele>195</ele>
        <time>2026-09-26T06:24:29.000Z</time>
        <extensions>
          <ns3:TrackPointExtension>
            <ns3:hr>151</ns3:hr>
            <ns3:cad>84</ns3:cad>
          </ns3:TrackPointExtension>
        </extensions>
      </trkpt>
      <trkpt lat="55.6295921467244625091552734375" lon="37.31422998011112213134765625">
        <ele>195.1999969482421875</ele>
        <time>2026-09-26T06:24:30.000Z</time>
        <extensions>
          <ns3:TrackPointExtension>
            <ns3:hr>151</ns3:hr>
            <ns3:cad>84</ns3:cad>
          </ns3:TrackPointExtension>
        </extensions>
      </trkpt>
      <trkpt lat="55.6296082399785518646240234375" lon="37.3142626695334911346435546875">
        <ele>195.399993896484375</ele>
        <time>2026-09-26T06:24:31.000Z</time>
        <extensions>
          <ns3:TrackPointExtension>
            <ns3:hr>151</ns3:hr>
            <ns3:cad>83</ns3:cad>
          </ns3:TrackPointExtension>
        </extensions>
      </trkpt>
      <trkpt lat="55.629622824490070343017578125" lon="37.31429644860327243804931640625">
        <ele>195.600006103515625</ele>
        <time>2026-09-26T06:24:32.000Z</time>
        <extensions>
          <ns3:TrackPointExtension>
            <ns3:hr>151</ns3:hr>
            <ns3:cad>82</ns3:cad>
          </ns3:TrackPointExtension>
        </extensions>
      </trkpt>
      <trkpt lat="55.62963414005935192108154296875" lon="37.31433399952948093414306640625">
        <ele>195.8000030517578125</ele>
        <time>2026-09-26T06:24:33.000Z</time>
        <extensions>
          <ns3:TrackPointExtension>
            <ns3:hr>152</ns3:hr>
            <ns3:cad>82</ns3:cad>
          </ns3:TrackPointExtension>
        </extensions>
      </trkpt>
      <trkpt lat="55.62964134849607944488525390625" lon="37.3143763281404972076416015625">
        <ele>196</ele>
        <time>2026-09-26T06:24:34.000Z</time>
        <extensions>
          <ns3:TrackPointExtension>
            <ns3:hr>151</ns3:hr>
            <ns3:cad>82</ns3:cad>
          </ns3:TrackPointExtension>
        </extensions>
      </trkpt>
      <trkpt lat="55.6296491436660289764404296875" lon="37.3144108615815639495849609375">
        <ele>196.1999969482421875</ele>
        <time>2026-09-26T06:24:35.000Z</time>
        <extensions>
          <ns3:TrackPointExtension>
            <ns3:hr>151</ns3:hr>
            <ns3:cad>83</ns3:cad>
          </ns3:TrackPointExtension>
        </extensions>
      </trkpt>
      <trkpt lat="55.62965895049273967742919921875" lon="37.31444531120359897613525390625">
        <ele>196.399993896484375</ele>
        <time>2026-09-26T06:24:36.000Z</time>
        <extensions>
          <ns3:TrackPointExtension>
            <ns3:hr>151</ns3:hr>
            <ns3:cad>84</ns3:cad>
          </ns3:TrackPointExtension>
        </extensions>
      </trkpt>
      <trkpt lat="55.62966733239591121673583984375" lon="37.3144772462546825408935546875">
        <ele>196.600006103515625</ele>
        <time>2026-09-26T06:24:37.000Z</time>
        <extensions>
          <ns3:TrackPointExtension>
            <ns3:hr>151</ns3:hr>
            <ns3:cad>84</ns3:cad>
          </ns3:TrackPointExtension>
        </extensions>
      </trkpt>
      <trkpt lat="55.6296763010323047637939453125" lon="37.31451119296252727508544921875">
        <ele>196.8000030517578125</ele>
        <time>2026-09-26T06:24:38.000Z</time>
        <extensions>
          <ns3:TrackPointExtension>
            <ns3:hr>151</ns3:hr>
            <ns3:cad>84</ns3:cad>
          </ns3:TrackPointExtension>
        </extensions>
      </trkpt>
      <trkpt lat="55.62968409620225429534912109375" lon="37.3145479895174503326416015625">
        <ele>197</ele>
        <time>2026-09-26T06:24:39.000Z</time>
        <extensions>
          <ns3:TrackPointExtension>
            <ns3:hr>151</ns3:hr>
            <ns3:cad>84</ns3:cad>
          </ns3:TrackPointExtension>
        </extensions>
      </trkpt>
      <trkpt lat="55.62969197519123554229736328125" lon="37.31458093039691448211669921875">
        <ele>197.1999969482421875</ele>
        <time>2026-09-26T06:24:40.000Z</time>
        <extensions>
          <ns3:TrackPointExtension>
            <ns3:hr>152</ns3:hr>
            <ns3:cad>84</ns3:cad>
          </ns3:TrackPointExtension>
        </extensions>
      </trkpt>
      <trkpt lat="55.62970086000859737396240234375" lon="37.3146133683621883392333984375">
        <ele>197.399993896484375</ele>
        <time>2026-09-26T06:24:41.000Z</time>
        <extensions>
          <ns3:TrackPointExtension>
            <ns3:hr>151</ns3:hr>
            <ns3:cad>83</ns3:cad>
          </ns3:TrackPointExtension>
        </extensions>
      </trkpt>
      <trkpt lat="55.62970823608338832855224609375" lon="37.3146490752696990966796875">
        <ele>197.600006103515625</ele>
        <time>2026-09-26T06:24:42.000Z</time>
        <extensions>
          <ns3:TrackPointExtension>
            <ns3:hr>151</ns3:hr>
            <ns3:cad>83</ns3:cad>
          </ns3:TrackPointExtension>
        </extensions>
      </trkpt>
      <trkpt lat="55.629716031253337860107421875" lon="37.31468595564365386962890625">
        <ele>198</ele>
        <time>2026-09-26T06:24:43.000Z</time>
        <extensions>
          <ns3:TrackPointExtension>
            <ns3:hr>151</ns3:hr>
            <ns3:cad>82</ns3:cad>
          </ns3:TrackPointExtension>
        </extensions>
      </trkpt>
      <trkpt lat="55.629720725119113922119140625" lon="37.314723171293735504150390625">
        <ele>198</ele>
        <time>2026-09-26T06:24:44.000Z</time>
        <extensions>
          <ns3:TrackPointExtension>
            <ns3:hr>151</ns3:hr>
            <ns3:cad>82</ns3:cad>
          </ns3:TrackPointExtension>
        </extensions>
      </trkpt>
      <trkpt lat="55.62972466461360454559326171875" lon="37.3147602193057537078857421875">
        <ele>198.1999969482421875</ele>
        <time>2026-09-26T06:24:45.000Z</time>
        <extensions>
          <ns3:TrackPointExtension>
            <ns3:hr>152</ns3:hr>
            <ns3:cad>82</ns3:cad>
          </ns3:TrackPointExtension>
        </extensions>
      </trkpt>
      <trkpt lat="55.62973178923130035400390625" lon="37.314796261489391326904296875">
        <ele>198.399993896484375</ele>
        <time>2026-09-26T06:24:46.000Z</time>
        <extensions>
          <ns3:TrackPointExtension>
            <ns3:hr>151</ns3:hr>
            <ns3:cad>82</ns3:cad>
          </ns3:TrackPointExtension>
        </extensions>
      </trkpt>
      <trkpt lat="55.62974176369607448577880859375" lon="37.31482886709272861480712890625">
        <ele>198.600006103515625</ele>
        <time>2026-09-26T06:24:47.000Z</time>
        <extensions>
          <ns3:TrackPointExtension>
            <ns3:hr>151</ns3:hr>
            <ns3:cad>82</ns3:cad>
          </ns3:TrackPointExtension>
        </extensions>
      </trkpt>
      <trkpt lat="55.62975098378956317901611328125" lon="37.3148634843528270721435546875">
        <ele>198.600006103515625</ele>
        <time>2026-09-26T06:24:48.000Z</time>
        <extensions>
          <ns3:TrackPointExtension>
            <ns3:hr>152</ns3:hr>
            <ns3:cad>82</ns3:cad>
          </ns3:TrackPointExtension>
        </extensions>
      </trkpt>
      <trkpt lat="55.629763305187225341796875" lon="37.31489391066133975982666015625">
        <ele>198.8000030517578125</ele>
        <time>2026-09-26T06:24:49.000Z</time>
        <extensions>
          <ns3:TrackPointExtension>
            <ns3:hr>151</ns3:hr>
            <ns3:cad>82</ns3:cad>
          </ns3:TrackPointExtension>
        </extensions>
      </trkpt>
      <trkpt lat="55.629772357642650604248046875" lon="37.31492106802761554718017578125">
        <ele>198.8000030517578125</ele>
        <time>2026-09-26T06:24:50.000Z</time>
        <extensions>
          <ns3:TrackPointExtension>
            <ns3:hr>151</ns3:hr>
            <ns3:cad>82</ns3:cad>
          </ns3:TrackPointExtension>
        </extensions>
      </trkpt>
      <trkpt lat="55.629783086478710174560546875" lon="37.31494705192744731903076171875">
        <ele>199</ele>
        <time>2026-09-26T06:24:51.000Z</time>
        <extensions>
          <ns3:TrackPointExtension>
            <ns3:hr>151</ns3:hr>
            <ns3:cad>82</ns3:cad>
          </ns3:TrackPointExtension>
        </extensions>
      </trkpt>
      <trkpt lat="55.62979482114315032958984375" lon="37.3149763047695159912109375">
        <ele>198.8000030517578125</ele>
        <time>2026-09-26T06:24:52.000Z</time>
        <extensions>
          <ns3:TrackPointExtension>
            <ns3:hr>151</ns3:hr>
            <ns3:cad>82</ns3:cad>
          </ns3:TrackPointExtension>
        </extensions>
      </trkpt>
      <trkpt lat="55.62980479560792446136474609375" lon="37.31500647962093353271484375">
        <ele>198.8000030517578125</ele>
        <time>2026-09-26T06:24:53.000Z</time>
        <extensions>
          <ns3:TrackPointExtension>
            <ns3:hr>151</ns3:hr>
            <ns3:cad>82</ns3:cad>
          </ns3:TrackPointExtension>
        </extensions>
      </trkpt>
      <trkpt lat="55.62981720082461833953857421875" lon="37.3150384984910488128662109375">
        <ele>198.8000030517578125</ele>
        <time>2026-09-26T06:24:54.000Z</time>
        <extensions>
          <ns3:TrackPointExtension>
            <ns3:hr>151</ns3:hr>
            <ns3:cad>82</ns3:cad>
          </ns3:TrackPointExtension>
        </extensions>
      </trkpt>
      <trkpt lat="55.62981938011944293975830078125" lon="37.315075211226940155029296875">
        <ele>198.8000030517578125</ele>
        <time>2026-09-26T06:24:55.000Z</time>
        <extensions>
          <ns3:TrackPointExtension>
            <ns3:hr>151</ns3:hr>
            <ns3:cad>82</ns3:cad>
          </ns3:TrackPointExtension>
        </extensions>
      </trkpt>
      <trkpt lat="55.6298241578042507171630859375" lon="37.31511251069605350494384765625">
        <ele>198.8000030517578125</ele>
        <time>2026-09-26T06:24:56.000Z</time>
        <extensions>
          <ns3:TrackPointExtension>
            <ns3:hr>151</ns3:hr>
            <ns3:cad>82</ns3:cad>
          </ns3:TrackPointExtension>
        </extensions>
      </trkpt>
      <trkpt lat="55.62982642091810703277587890625" lon="37.31515643186867237091064453125">
        <ele>198.8000030517578125</ele>
        <time>2026-09-26T06:24:57.000Z</time>
        <extensions>
          <ns3:TrackPointExtension>
            <ns3:hr>151</ns3:hr>
            <ns3:cad>82</ns3:cad>
          </ns3:TrackPointExtension>
        </extensions>
      </trkpt>
      <trkpt lat="55.62982675619423389434814453125" lon="37.31519423425197601318359375">
        <ele>198.8000030517578125</ele>
        <time>2026-09-26T06:24:58.000Z</time>
        <extensions>
          <ns3:TrackPointExtension>
            <ns3:hr>152</ns3:hr>
            <ns3:cad>82</ns3:cad>
          </ns3:TrackPointExtension>
        </extensions>
      </trkpt>
      <trkpt lat="55.62983295880258083343505859375" lon="37.31522968970239162445068359375">
        <ele>198.8000030517578125</ele>
        <time>2026-09-26T06:24:59.000Z</time>
        <extensions>
          <ns3:TrackPointExtension>
            <ns3:hr>151</ns3:hr>
            <ns3:cad>82</ns3:cad>
          </ns3:TrackPointExtension>
        </extensions>
      </trkpt>
      <trkpt lat="55.62984284944832324981689453125" lon="37.31526531279087066650390625">
        <ele>198.8000030517578125</ele>
        <time>2026-09-26T06:25:00.000Z</time>
        <extensions>
          <ns3:TrackPointExtension>
            <ns3:hr>151</ns3:hr>
            <ns3:cad>82</ns3:cad>
          </ns3:TrackPointExtension>
        </extensions>
      </trkpt>
      <trkpt lat="55.629854165017604827880859375" lon="37.31529775075614452362060546875">
        <ele>199</ele>
        <time>2026-09-26T06:25:01.000Z</time>
        <extensions>
          <ns3:TrackPointExtension>
            <ns3:hr>151</ns3:hr>
            <ns3:cad>82</ns3:cad>
          </ns3:TrackPointExtension>
        </extensions>
      </trkpt>
      <trkpt lat="55.62986715696752071380615234375" lon="37.31533094309270381927490234375">
        <ele>199</ele>
        <time>2026-09-26T06:25:02.000Z</time>
        <extensions>
          <ns3:TrackPointExtension>
            <ns3:hr>151</ns3:hr>
            <ns3:cad>83</ns3:cad>
          </ns3:TrackPointExtension>
        </extensions>
      </trkpt>
      <trkpt lat="55.62987956218421459197998046875" lon="37.3153660632669925689697265625">
        <ele>199</ele>
        <time>2026-09-26T06:25:03.000Z</time>
        <extensions>
          <ns3:TrackPointExtension>
            <ns3:hr>151</ns3:hr>
            <ns3:cad>83</ns3:cad>
          </ns3:TrackPointExtension>
        </extensions>
      </trkpt>
      <trkpt lat="55.629892051219940185546875" lon="37.31539766304194927215576171875">
        <ele>199</ele>
        <time>2026-09-26T06:25:04.000Z</time>
        <extensions>
          <ns3:TrackPointExtension>
            <ns3:hr>152</ns3:hr>
            <ns3:cad>83</ns3:cad>
          </ns3:TrackPointExtension>
        </extensions>
      </trkpt>
      <trkpt lat="55.629908479750156402587890625" lon="37.3154254071414470672607421875">
        <ele>199</ele>
        <time>2026-09-26T06:25:05.000Z</time>
        <extensions>
          <ns3:TrackPointExtension>
            <ns3:hr>152</ns3:hr>
            <ns3:cad>83</ns3:cad>
          </ns3:TrackPointExtension>
        </extensions>
      </trkpt>
      <trkpt lat="55.62992733903229236602783203125" lon="37.31544460169970989227294921875">
        <ele>199</ele>
        <time>2026-09-26T06:25:06.000Z</time>
        <extensions>
          <ns3:TrackPointExtension>
            <ns3:hr>153</ns3:hr>
            <ns3:cad>83</ns3:cad>
          </ns3:TrackPointExtension>
        </extensions>
      </trkpt>
      <trkpt lat="55.6299478746950626373291015625" lon="37.31546622700989246368408203125">
        <ele>199</ele>
        <time>2026-09-26T06:25:07.000Z</time>
        <extensions>
          <ns3:TrackPointExtension>
            <ns3:hr>152</ns3:hr>
            <ns3:cad>83</ns3:cad>
          </ns3:TrackPointExtension>
        </extensions>
      </trkpt>
      <trkpt lat="55.62996673397719860076904296875" lon="37.31548617593944072723388671875">
        <ele>199</ele>
        <time>2026-09-26T06:25:08.000Z</time>
        <extensions>
          <ns3:TrackPointExtension>
            <ns3:hr>153</ns3:hr>
            <ns3:cad>83</ns3:cad>
          </ns3:TrackPointExtension>
        </extensions>
      </trkpt>
      <trkpt lat="55.62998752109706401824951171875" lon="37.3155092261731624603271484375">
        <ele>199</ele>
        <time>2026-09-26T06:25:09.000Z</time>
        <extensions>
          <ns3:TrackPointExtension>
            <ns3:hr>153</ns3:hr>
            <ns3:cad>83</ns3:cad>
          </ns3:TrackPointExtension>
        </extensions>
      </trkpt>
      <trkpt lat="55.63000646419823169708251953125" lon="37.31553495861589908599853515625">
        <ele>199</ele>
        <time>2026-09-26T06:25:10.000Z</time>
        <extensions>
          <ns3:TrackPointExtension>
            <ns3:hr>153</ns3:hr>
            <ns3:cad>83</ns3:cad>
          </ns3:TrackPointExtension>
        </extensions>
      </trkpt>
      <trkpt lat="55.6300216354429721832275390625" lon="37.3155595175921916961669921875">
        <ele>199</ele>
        <time>2026-09-26T06:25:11.000Z</time>
        <extensions>
          <ns3:TrackPointExtension>
            <ns3:hr>152</ns3:hr>
            <ns3:cad>83</ns3:cad>
          </ns3:TrackPointExtension>
        </extensions>
      </trkpt>
      <trkpt lat="55.630036890506744384765625" lon="37.31558692641556262969970703125">
        <ele>199</ele>
        <time>2026-09-26T06:25:12.000Z</time>
        <extensions>
          <ns3:TrackPointExtension>
            <ns3:hr>153</ns3:hr>
            <ns3:cad>83</ns3:cad>
          </ns3:TrackPointExtension>
        </extensions>
      </trkpt>
      <trkpt lat="55.63004787079989910125732421875" lon="37.31562129221856594085693359375">
        <ele>199</ele>
        <time>2026-09-26T06:25:13.000Z</time>
        <extensions>
          <ns3:TrackPointExtension>
            <ns3:hr>153</ns3:hr>
            <ns3:cad>83</ns3:cad>
          </ns3:TrackPointExtension>
        </extensions>
      </trkpt>
      <trkpt lat="55.63005960546433925628662109375" lon="37.315655909478664398193359375">
        <ele>199</ele>
        <time>2026-09-26T06:25:14.000Z</time>
        <extensions>
          <ns3:TrackPointExtension>
            <ns3:hr>152</ns3:hr>
            <ns3:cad>83</ns3:cad>
          </ns3:TrackPointExtension>
        </extensions>
      </trkpt>
      <trkpt lat="55.6300746090710163116455078125" lon="37.3156897723674774169921875">
        <ele>199</ele>
        <time>2026-09-26T06:25:15.000Z</time>
        <extensions>
          <ns3:TrackPointExtension>
            <ns3:hr>153</ns3:hr>
            <ns3:cad>84</ns3:cad>
          </ns3:TrackPointExtension>
        </extensions>
      </trkpt>
      <trkpt lat="55.63008986413478851318359375" lon="37.31572271324694156646728515625">
        <ele>199</ele>
        <time>2026-09-26T06:25:16.000Z</time>
        <extensions>
          <ns3:TrackPointExtension>
            <ns3:hr>153</ns3:hr>
            <ns3:cad>84</ns3:cad>
          </ns3:TrackPointExtension>
        </extensions>
      </trkpt>
      <trkpt lat="55.6301047839224338531494140625" lon="37.3157553188502788543701171875">
        <ele>199</ele>
        <time>2026-09-26T06:25:17.000Z</time>
        <extensions>
          <ns3:TrackPointExtension>
            <ns3:hr>152</ns3:hr>
            <ns3:cad>84</ns3:cad>
          </ns3:TrackPointExtension>
        </extensions>
      </trkpt>
      <trkpt lat="55.63012012280523777008056640625" lon="37.31578289531171321868896484375">
        <ele>199</ele>
        <time>2026-09-26T06:25:18.000Z</time>
        <extensions>
          <ns3:TrackPointExtension>
            <ns3:hr>153</ns3:hr>
            <ns3:cad>84</ns3:cad>
          </ns3:TrackPointExtension>
        </extensions>
      </trkpt>
      <trkpt lat="55.6301359646022319793701171875" lon="37.31580871157348155975341796875">
        <ele>199.1999969482421875</ele>
        <time>2026-09-26T06:25:19.000Z</time>
        <extensions>
          <ns3:TrackPointExtension>
            <ns3:hr>153</ns3:hr>
            <ns3:cad>84</ns3:cad>
          </ns3:TrackPointExtension>
        </extensions>
      </trkpt>
      <trkpt lat="55.63014878891408443450927734375" lon="37.3158434964716434478759765625">
        <ele>199.399993896484375</ele>
        <time>2026-09-26T06:25:20.000Z</time>
        <extensions>
          <ns3:TrackPointExtension>
            <ns3:hr>153</ns3:hr>
            <ns3:cad>83</ns3:cad>
          </ns3:TrackPointExtension>
        </extensions>
      </trkpt>
      <trkpt lat="55.63016069121658802032470703125" lon="37.31587953865528106689453125">
        <ele>199.8000030517578125</ele>
        <time>2026-09-26T06:25:21.000Z</time>
        <extensions>
          <ns3:TrackPointExtension>
            <ns3:hr>152</ns3:hr>
            <ns3:cad>83</ns3:cad>
          </ns3:TrackPointExtension>
        </extensions>
      </trkpt>
      <trkpt lat="55.63017494045197963714599609375" lon="37.315917424857616424560546875">
        <ele>200</ele>
        <time>2026-09-26T06:25:22.000Z</time>
        <extensions>
          <ns3:TrackPointExtension>
            <ns3:hr>152</ns3:hr>
            <ns3:cad>84</ns3:cad>
          </ns3:TrackPointExtension>
        </extensions>
      </trkpt>
      <trkpt lat="55.6301896087825298309326171875" lon="37.3159511201083660125732421875">
        <ele>200.1999969482421875</ele>
        <time>2026-09-26T06:25:23.000Z</time>
        <extensions>
          <ns3:TrackPointExtension>
            <ns3:hr>152</ns3:hr>
            <ns3:cad>84</ns3:cad>
          </ns3:TrackPointExtension>
        </extensions>
      </trkpt>
      <trkpt lat="55.630202852189540863037109375" lon="37.31598406098783016204833984375">
        <ele>200.399993896484375</ele>
        <time>2026-09-26T06:25:24.000Z</time>
        <extensions>
          <ns3:TrackPointExtension>
            <ns3:hr>151</ns3:hr>
            <ns3:cad>84</ns3:cad>
          </ns3:TrackPointExtension>
        </extensions>
      </trkpt>
      <trkpt lat="55.63021718524396419525146484375" lon="37.3160161636769771575927734375">
        <ele>200.399993896484375</ele>
        <time>2026-09-26T06:25:25.000Z</time>
        <extensions>
          <ns3:TrackPointExtension>
            <ns3:hr>151</ns3:hr>
            <ns3:cad>84</ns3:cad>
          </ns3:TrackPointExtension>
        </extensions>
      </trkpt>
      <trkpt lat="55.6302261538803577423095703125" lon="37.31604793108999729156494140625">
        <ele>200.600006103515625</ele>
        <time>2026-09-26T06:25:26.000Z</time>
        <extensions>
          <ns3:TrackPointExtension>
            <ns3:hr>151</ns3:hr>
            <ns3:cad>84</ns3:cad>
          </ns3:TrackPointExtension>
        </extensions>
      </trkpt>
      <trkpt lat="55.630233697593212127685546875" lon="37.31608070433139801025390625">
        <ele>200.8000030517578125</ele>
        <time>2026-09-26T06:25:27.000Z</time>
        <extensions>
          <ns3:TrackPointExtension>
            <ns3:hr>150</ns3:hr>
            <ns3:cad>83</ns3:cad>
          </ns3:TrackPointExtension>
        </extensions>
      </trkpt>
      <trkpt lat="55.6302445940673351287841796875" lon="37.31611481867730617523193359375">
        <ele>201</ele>
        <time>2026-09-26T06:25:28.000Z</time>
        <extensions>
          <ns3:TrackPointExtension>
            <ns3:hr>150</ns3:hr>
            <ns3:cad>83</ns3:cad>
          </ns3:TrackPointExtension>
        </extensions>
      </trkpt>
      <trkpt lat="55.63025624491274356842041015625" lon="37.31614750809967517852783203125">
        <ele>201.1999969482421875</ele>
        <time>2026-09-26T06:25:29.000Z</time>
        <extensions>
          <ns3:TrackPointExtension>
            <ns3:hr>150</ns3:hr>
            <ns3:cad>84</ns3:cad>
          </ns3:TrackPointExtension>
        </extensions>
      </trkpt>
      <trkpt lat="55.63027267344295978546142578125" lon="37.31617919169366359710693359375">
        <ele>201.1999969482421875</ele>
        <time>2026-09-26T06:25:30.000Z</time>
        <extensions>
          <ns3:TrackPointExtension>
            <ns3:hr>151</ns3:hr>
            <ns3:cad>84</ns3:cad>
          </ns3:TrackPointExtension>
        </extensions>
      </trkpt>
      <trkpt lat="55.630290023982524871826171875" lon="37.31621137820184230804443359375">
        <ele>201.399993896484375</ele>
        <time>2026-09-26T06:25:31.000Z</time>
        <extensions>
          <ns3:TrackPointExtension>
            <ns3:hr>150</ns3:hr>
            <ns3:cad>84</ns3:cad>
          </ns3:TrackPointExtension>
        </extensions>
      </trkpt>
      <trkpt lat="55.63030603341758251190185546875" lon="37.316246330738067626953125">
        <ele>201.600006103515625</ele>
        <time>2026-09-26T06:25:32.000Z</time>
        <extensions>
          <ns3:TrackPointExtension>
            <ns3:hr>150</ns3:hr>
            <ns3:cad>84</ns3:cad>
          </ns3:TrackPointExtension>
        </extensions>
      </trkpt>
      <trkpt lat="55.630316175520420074462890625" lon="37.3162837140262126922607421875">
        <ele>201.8000030517578125</ele>
        <time>2026-09-26T06:25:33.000Z</time>
        <extensions>
          <ns3:TrackPointExtension>
            <ns3:hr>150</ns3:hr>
            <ns3:cad>84</ns3:cad>
          </ns3:TrackPointExtension>
        </extensions>
      </trkpt>
      <trkpt lat="55.63032732345163822174072265625" lon="37.31632453389465808868408203125">
        <ele>202</ele>
        <time>2026-09-26T06:25:34.000Z</time>
        <extensions>
          <ns3:TrackPointExtension>
            <ns3:hr>150</ns3:hr>
            <ns3:cad>84</ns3:cad>
          </ns3:TrackPointExtension>
        </extensions>
      </trkpt>
      <trkpt lat="55.6303398124873638153076171875" lon="37.31636426411569118499755859375">
        <ele>202</ele>
        <time>2026-09-26T06:25:35.000Z</time>
        <extensions>
          <ns3:TrackPointExtension>
            <ns3:hr>150</ns3:hr>
            <ns3:cad>84</ns3:cad>
          </ns3:TrackPointExtension>
        </extensions>
      </trkpt>
      <trkpt lat="55.63034777529537677764892578125" lon="37.31640080921351909637451171875">
        <ele>202</ele>
        <time>2026-09-26T06:25:36.000Z</time>
        <extensions>
          <ns3:TrackPointExtension>
            <ns3:hr>150</ns3:hr>
            <ns3:cad>85</ns3:cad>
          </ns3:TrackPointExtension>
        </extensions>
      </trkpt>
      <trkpt lat="55.63035816885530948638916015625" lon="37.31643903069198131561279296875">
        <ele>202</ele>
        <time>2026-09-26T06:25:37.000Z</time>
        <extensions>
          <ns3:TrackPointExtension>
            <ns3:hr>149</ns3:hr>
            <ns3:cad>85</ns3:cad>
          </ns3:TrackPointExtension>
        </extensions>
      </trkpt>
      <trkpt lat="55.63036839477717876434326171875" lon="37.3164744861423969268798828125">
        <ele>202</ele>
        <time>2026-09-26T06:25:38.000Z</time>
        <extensions>
          <ns3:TrackPointExtension>
            <ns3:hr>149</ns3:hr>
            <ns3:cad>86</ns3:cad>
          </ns3:TrackPointExtension>
        </extensions>
      </trkpt>
      <trkpt lat="55.63038297928869724273681640625" lon="37.31651010923087596893310546875">
        <ele>202.1999969482421875</ele>
        <time>2026-09-26T06:25:39.000Z</time>
        <extensions>
          <ns3:TrackPointExtension>
            <ns3:hr>150</ns3:hr>
            <ns3:cad>86</ns3:cad>
          </ns3:TrackPointExtension>
        </extensions>
      </trkpt>
      <trkpt lat="55.6303998269140720367431640625" lon="37.31653693132102489471435546875">
        <ele>202</ele>
        <time>2026-09-26T06:25:40.000Z</time>
        <extensions>
          <ns3:TrackPointExtension>
            <ns3:hr>150</ns3:hr>
            <ns3:cad>86</ns3:cad>
          </ns3:TrackPointExtension>
        </extensions>
      </trkpt>
      <trkpt lat="55.63042103312909603118896484375" lon="37.31656257994472980499267578125">
        <ele>202</ele>
        <time>2026-09-26T06:25:41.000Z</time>
        <extensions>
          <ns3:TrackPointExtension>
            <ns3:hr>150</ns3:hr>
            <ns3:cad>86</ns3:cad>
          </ns3:TrackPointExtension>
        </extensions>
      </trkpt>
      <trkpt lat="55.63044299371540546417236328125" lon="37.3165831156075000762939453125">
        <ele>202</ele>
        <time>2026-09-26T06:25:42.000Z</time>
        <extensions>
          <ns3:TrackPointExtension>
            <ns3:hr>150</ns3:hr>
            <ns3:cad>86</ns3:cad>
          </ns3:TrackPointExtension>
        </extensions>
      </trkpt>
      <trkpt lat="55.6304647028446197509765625" lon="37.3165992088615894317626953125">
        <ele>201.8000030517578125</ele>
        <time>2026-09-26T06:25:43.000Z</time>
        <extensions>
          <ns3:TrackPointExtension>
            <ns3:hr>150</ns3:hr>
            <ns3:cad>85</ns3:cad>
          </ns3:TrackPointExtension>
        </extensions>
      </trkpt>
      <trkpt lat="55.6304848194122314453125" lon="37.31662209145724773406982421875">
        <ele>201.8000030517578125</ele>
        <time>2026-09-26T06:25:44.000Z</time>
        <extensions>
          <ns3:TrackPointExtension>
            <ns3:hr>149</ns3:hr>
            <ns3:cad>85</ns3:cad>
          </ns3:TrackPointExtension>
        </extensions>
      </trkpt>
      <trkpt lat="55.63050233758985996246337890625" lon="37.31664706952869892120361328125">
        <ele>201.600006103515625</ele>
        <time>2026-09-26T06:25:45.000Z</time>
        <extensions>
          <ns3:TrackPointExtension>
            <ns3:hr>149</ns3:hr>
            <ns3:cad>86</ns3:cad>
          </ns3:TrackPointExtension>
        </extensions>
      </trkpt>
      <trkpt lat="55.63051767647266387939453125" lon="37.31667372398078441619873046875">
        <ele>201.600006103515625</ele>
        <time>2026-09-26T06:25:46.000Z</time>
        <extensions>
          <ns3:TrackPointExtension>
            <ns3:hr>149</ns3:hr>
            <ns3:cad>86</ns3:cad>
          </ns3:TrackPointExtension>
        </extensions>
      </trkpt>
      <trkpt lat="55.63053100369870662689208984375" lon="37.31670373119413852691650390625">
        <ele>201.399993896484375</ele>
        <time>2026-09-26T06:25:47.000Z</time>
        <extensions>
          <ns3:TrackPointExtension>
            <ns3:hr>148</ns3:hr>
            <ns3:cad>86</ns3:cad>
          </ns3:TrackPointExtension>
        </extensions>
      </trkpt>
      <trkpt lat="55.63054709695279598236083984375" lon="37.31673290021717548370361328125">
        <ele>201.399993896484375</ele>
        <time>2026-09-26T06:25:48.000Z</time>
        <extensions>
          <ns3:TrackPointExtension>
            <ns3:hr>148</ns3:hr>
            <ns3:cad>87</ns3:cad>
          </ns3:TrackPointExtension>
        </extensions>
      </trkpt>
      <trkpt lat="55.63056084327399730682373046875" lon="37.31676022522151470184326171875">
        <ele>201.1999969482421875</ele>
        <time>2026-09-26T06:25:49.000Z</time>
        <extensions>
          <ns3:TrackPointExtension>
            <ns3:hr>147</ns3:hr>
            <ns3:cad>86</ns3:cad>
          </ns3:TrackPointExtension>
        </extensions>
      </trkpt>
      <trkpt lat="55.63057827763259410858154296875" lon="37.3167876340448856353759765625">
        <ele>201</ele>
        <time>2026-09-26T06:25:50.000Z</time>
        <extensions>
          <ns3:TrackPointExtension>
            <ns3:hr>147</ns3:hr>
            <ns3:cad>86</ns3:cad>
          </ns3:TrackPointExtension>
        </extensions>
      </trkpt>
      <trkpt lat="55.63059437088668346405029296875" lon="37.3168171383440494537353515625">
        <ele>201</ele>
        <time>2026-09-26T06:25:51.000Z</time>
        <extensions>
          <ns3:TrackPointExtension>
            <ns3:hr>147</ns3:hr>
            <ns3:cad>86</ns3:cad>
          </ns3:TrackPointExtension>
        </extensions>
      </trkpt>
      <trkpt lat="55.630615241825580596923828125" lon="37.31684572063386440277099609375">
        <ele>200.8000030517578125</ele>
        <time>2026-09-26T06:25:52.000Z</time>
        <extensions>
          <ns3:TrackPointExtension>
            <ns3:hr>147</ns3:hr>
            <ns3:cad>86</ns3:cad>
          </ns3:TrackPointExtension>
        </extensions>
      </trkpt>
      <trkpt lat="55.6306336820125579833984375" lon="37.31688000261783599853515625">
        <ele>200.600006103515625</ele>
        <time>2026-09-26T06:25:53.000Z</time>
        <extensions>
          <ns3:TrackPointExtension>
            <ns3:hr>147</ns3:hr>
            <ns3:cad>86</ns3:cad>
          </ns3:TrackPointExtension>
        </extensions>
      </trkpt>
      <trkpt lat="55.63064851798117160797119140625" lon="37.31690858490765094757080078125">
        <ele>200.600006103515625</ele>
        <time>2026-09-26T06:25:54.000Z</time>
        <extensions>
          <ns3:TrackPointExtension>
            <ns3:hr>147</ns3:hr>
            <ns3:cad>86</ns3:cad>
          </ns3:TrackPointExtension>
        </extensions>
      </trkpt>
      <trkpt lat="55.6306630186736583709716796875" lon="37.31694932095706462860107421875">
        <ele>200.399993896484375</ele>
        <time>2026-09-26T06:25:55.000Z</time>
        <extensions>
          <ns3:TrackPointExtension>
            <ns3:hr>148</ns3:hr>
            <ns3:cad>86</ns3:cad>
          </ns3:TrackPointExtension>
        </extensions>
      </trkpt>
      <trkpt lat="55.6306744180619716644287109375" lon="37.3169852793216705322265625">
        <ele>200.399993896484375</ele>
        <time>2026-09-26T06:25:56.000Z</time>
        <extensions>
          <ns3:TrackPointExtension>
            <ns3:hr>147</ns3:hr>
            <ns3:cad>86</ns3:cad>
          </ns3:TrackPointExtension>
        </extensions>
      </trkpt>
      <trkpt lat="55.63068263232707977294921875" lon="37.31702995486557483673095703125">
        <ele>200.1999969482421875</ele>
        <time>2026-09-26T06:25:57.000Z</time>
        <extensions>
          <ns3:TrackPointExtension>
            <ns3:hr>148</ns3:hr>
            <ns3:cad>86</ns3:cad>
          </ns3:TrackPointExtension>
        </extensions>
      </trkpt>
      <trkpt lat="55.6306928582489490509033203125" lon="37.31706834398210048675537109375">
        <ele>200</ele>
        <time>2026-09-26T06:25:58.000Z</time>
        <extensions>
          <ns3:TrackPointExtension>
            <ns3:hr>148</ns3:hr>
            <ns3:cad>88</ns3:cad>
          </ns3:TrackPointExtension>
        </extensions>
      </trkpt>
      <trkpt lat="55.630705766379833221435546875" lon="37.3171051405370235443115234375">
        <ele>199.8000030517578125</ele>
        <time>2026-09-26T06:25:59.000Z</time>
        <extensions>
          <ns3:TrackPointExtension>
            <ns3:hr>148</ns3:hr>
            <ns3:cad>88</ns3:cad>
          </ns3:TrackPointExtension>
        </extensions>
      </trkpt>
      <trkpt lat="55.63071859069168567657470703125" lon="37.317140512168407440185546875">
        <ele>199.600006103515625</ele>
        <time>2026-09-26T06:26:00.000Z</time>
        <extensions>
          <ns3:TrackPointExtension>
            <ns3:hr>148</ns3:hr>
            <ns3:cad>87</ns3:cad>
          </ns3:TrackPointExtension>
        </extensions>
      </trkpt>
      <trkpt lat="55.63073166646063327789306640625" lon="37.3171778954565525054931640625">
        <ele>199.399993896484375</ele>
        <time>2026-09-26T06:26:01.000Z</time>
        <extensions>
          <ns3:TrackPointExtension>
            <ns3:hr>148</ns3:hr>
            <ns3:cad>86</ns3:cad>
          </ns3:TrackPointExtension>
        </extensions>
      </trkpt>
      <trkpt lat="55.63074323348701000213623046875" lon="37.3172171227633953094482421875">
        <ele>199.399993896484375</ele>
        <time>2026-09-26T06:26:02.000Z</time>
        <extensions>
          <ns3:TrackPointExtension>
            <ns3:hr>149</ns3:hr>
            <ns3:cad>86</ns3:cad>
          </ns3:TrackPointExtension>
        </extensions>
      </trkpt>
      <trkpt lat="55.630754046142101287841796875" lon="37.317255176603794097900390625">
        <ele>199.399993896484375</ele>
        <time>2026-09-26T06:26:03.000Z</time>
        <extensions>
          <ns3:TrackPointExtension>
            <ns3:hr>149</ns3:hr>
            <ns3:cad>86</ns3:cad>
          </ns3:TrackPointExtension>
        </extensions>
      </trkpt>
      <trkpt lat="55.63076712191104888916015625" lon="37.3172942362725734710693359375">
        <ele>199.399993896484375</ele>
        <time>2026-09-26T06:26:04.000Z</time>
        <extensions>
          <ns3:TrackPointExtension>
            <ns3:hr>149</ns3:hr>
            <ns3:cad>86</ns3:cad>
          </ns3:TrackPointExtension>
        </extensions>
      </trkpt>
      <trkpt lat="55.6307776831090450286865234375" lon="37.31732969172298908233642578125">
        <ele>199.399993896484375</ele>
        <time>2026-09-26T06:26:05.000Z</time>
        <extensions>
          <ns3:TrackPointExtension>
            <ns3:hr>149</ns3:hr>
            <ns3:cad>86</ns3:cad>
          </ns3:TrackPointExtension>
        </extensions>
      </trkpt>
      <trkpt lat="55.63078723847866058349609375" lon="37.3173710145056247711181640625">
        <ele>199.1999969482421875</ele>
        <time>2026-09-26T06:26:06.000Z</time>
        <extensions>
          <ns3:TrackPointExtension>
            <ns3:hr>149</ns3:hr>
            <ns3:cad>86</ns3:cad>
          </ns3:TrackPointExtension>
        </extensions>
      </trkpt>
      <trkpt lat="55.63079955987632274627685546875" lon="37.317405045032501220703125">
        <ele>199.1999969482421875</ele>
        <time>2026-09-26T06:26:07.000Z</time>
        <extensions>
          <ns3:TrackPointExtension>
            <ns3:hr>149</ns3:hr>
            <ns3:cad>86</ns3:cad>
          </ns3:TrackPointExtension>
        </extensions>
      </trkpt>
      <trkpt lat="55.6308142282068729400634765625" lon="37.31743714772164821624755859375">
        <ele>199.1999969482421875</ele>
        <time>2026-09-26T06:26:08.000Z</time>
        <extensions>
          <ns3:TrackPointExtension>
            <ns3:hr>149</ns3:hr>
            <ns3:cad>87</ns3:cad>
          </ns3:TrackPointExtension>
        </extensions>
      </trkpt>
      <trkpt lat="55.63082973472774028778076171875" lon="37.31746832840144634246826171875">
        <ele>199.1999969482421875</ele>
        <time>2026-09-26T06:26:09.000Z</time>
        <extensions>
          <ns3:TrackPointExtension>
            <ns3:hr>149</ns3:hr>
            <ns3:cad>87</ns3:cad>
          </ns3:TrackPointExtension>
        </extensions>
      </trkpt>
      <trkpt lat="55.63084046356379985809326171875" lon="37.31750085018575191497802734375">
        <ele>199.1999969482421875</ele>
        <time>2026-09-26T06:26:10.000Z</time>
        <extensions>
          <ns3:TrackPointExtension>
            <ns3:hr>148</ns3:hr>
            <ns3:cad>87</ns3:cad>
          </ns3:TrackPointExtension>
        </extensions>
      </trkpt>
      <trkpt lat="55.630857981741428375244140625" lon="37.31752934865653514862060546875">
        <ele>199</ele>
        <time>2026-09-26T06:26:11.000Z</time>
        <extensions>
          <ns3:TrackPointExtension>
            <ns3:hr>149</ns3:hr>
            <ns3:cad>86</ns3:cad>
          </ns3:TrackPointExtension>
        </extensions>
      </trkpt>
      <trkpt lat="55.630873739719390869140625" lon="37.31756002642214298248291015625">
        <ele>199</ele>
        <time>2026-09-26T06:26:12.000Z</time>
        <extensions>
          <ns3:TrackPointExtension>
            <ns3:hr>149</ns3:hr>
            <ns3:cad>86</ns3:cad>
          </ns3:TrackPointExtension>
        </extensions>
      </trkpt>
      <trkpt lat="55.63088924624025821685791015625" lon="37.317595817148685455322265625">
        <ele>199</ele>
        <time>2026-09-26T06:26:13.000Z</time>
        <extensions>
          <ns3:TrackPointExtension>
            <ns3:hr>148</ns3:hr>
            <ns3:cad>86</ns3:cad>
          </ns3:TrackPointExtension>
        </extensions>
      </trkpt>
      <trkpt lat="55.6309024058282375335693359375" lon="37.31763211078941822052001953125">
        <ele>198.8000030517578125</ele>
        <time>2026-09-26T06:26:14.000Z</time>
        <extensions>
          <ns3:TrackPointExtension>
            <ns3:hr>148</ns3:hr>
            <ns3:cad>86</ns3:cad>
          </ns3:TrackPointExtension>
        </extensions>
      </trkpt>
      <trkpt lat="55.63091062009334564208984375" lon="37.3176707513630390167236328125">
        <ele>198.8000030517578125</ele>
        <time>2026-09-26T06:26:15.000Z</time>
        <extensions>
          <ns3:TrackPointExtension>
            <ns3:hr>148</ns3:hr>
            <ns3:cad>86</ns3:cad>
          </ns3:TrackPointExtension>
        </extensions>
      </trkpt>
      <trkpt lat="55.6309218518435955047607421875" lon="37.31771173886954784393310546875">
        <ele>198.8000030517578125</ele>
        <time>2026-09-26T06:26:16.000Z</time>
        <extensions>
          <ns3:TrackPointExtension>
            <ns3:hr>148</ns3:hr>
            <ns3:cad>86</ns3:cad>
          </ns3:TrackPointExtension>
        </extensions>
      </trkpt>
      <trkpt lat="55.63093584962189197540283203125" lon="37.31774778105318546295166015625">
        <ele>198.8000030517578125</ele>
        <time>2026-09-26T06:26:17.000Z</time>
        <extensions>
          <ns3:TrackPointExtension>
            <ns3:hr>148</ns3:hr>
            <ns3:cad>86</ns3:cad>
          </ns3:TrackPointExtension>
        </extensions>
      </trkpt>
      <trkpt lat="55.63094892539083957672119140625" lon="37.31778449378907680511474609375">
        <ele>199</ele>
        <time>2026-09-26T06:26:18.000Z</time>
        <extensions>
          <ns3:TrackPointExtension>
            <ns3:hr>147</ns3:hr>
            <ns3:cad>86</ns3:cad>
          </ns3:TrackPointExtension>
        </extensions>
      </trkpt>
      <trkpt lat="55.63096116296947002410888671875" lon="37.3178167641162872314453125">
        <ele>199</ele>
        <time>2026-09-26T06:26:19.000Z</time>
        <extensions>
          <ns3:TrackPointExtension>
            <ns3:hr>147</ns3:hr>
            <ns3:cad>86</ns3:cad>
          </ns3:TrackPointExtension>
        </extensions>
      </trkpt>
      <trkpt lat="55.6309758313000202178955078125" lon="37.31784719042479991912841796875">
        <ele>199</ele>
        <time>2026-09-26T06:26:20.000Z</time>
        <extensions>
          <ns3:TrackPointExtension>
            <ns3:hr>147</ns3:hr>
            <ns3:cad>86</ns3:cad>
          </ns3:TrackPointExtension>
        </extensions>
      </trkpt>
      <trkpt lat="55.63099368475377559661865234375" lon="37.3178856633603572845458984375">
        <ele>199</ele>
        <time>2026-09-26T06:26:21.000Z</time>
        <extensions>
          <ns3:TrackPointExtension>
            <ns3:hr>147</ns3:hr>
            <ns3:cad>86</ns3:cad>
          </ns3:TrackPointExtension>
        </extensions>
      </trkpt>
      <trkpt lat="55.6310107000172138214111328125" lon="37.317917011678218841552734375">
        <ele>199</ele>
        <time>2026-09-26T06:26:22.000Z</time>
        <extensions>
          <ns3:TrackPointExtension>
            <ns3:hr>147</ns3:hr>
            <ns3:cad>86</ns3:cad>
          </ns3:TrackPointExtension>
        </extensions>
      </trkpt>
      <trkpt lat="55.63102805055677890777587890625" lon="37.3179523833096027374267578125">
        <ele>199</ele>
        <time>2026-09-26T06:26:23.000Z</time>
        <extensions>
          <ns3:TrackPointExtension>
            <ns3:hr>147</ns3:hr>
            <ns3:cad>86</ns3:cad>
          </ns3:TrackPointExtension>
        </extensions>
      </trkpt>
      <trkpt lat="55.63103827647864818572998046875" lon="37.31798616237938404083251953125">
        <ele>199</ele>
        <time>2026-09-26T06:26:24.000Z</time>
        <extensions>
          <ns3:TrackPointExtension>
            <ns3:hr>146</ns3:hr>
            <ns3:cad>86</ns3:cad>
          </ns3:TrackPointExtension>
        </extensions>
      </trkpt>
      <trkpt lat="55.6310475803911685943603515625" lon="37.31802622787654399871826171875">
        <ele>199</ele>
        <time>2026-09-26T06:26:25.000Z</time>
        <extensions>
          <ns3:TrackPointExtension>
            <ns3:hr>146</ns3:hr>
            <ns3:cad>86</ns3:cad>
          </ns3:TrackPointExtension>
        </extensions>
      </trkpt>
      <trkpt lat="55.63105369918048381805419921875" lon="37.31806746684014797210693359375">
        <ele>199.1999969482421875</ele>
        <time>2026-09-26T06:26:26.000Z</time>
        <extensions>
          <ns3:TrackPointExtension>
            <ns3:hr>146</ns3:hr>
            <ns3:cad>86</ns3:cad>
          </ns3:TrackPointExtension>
        </extensions>
      </trkpt>
      <trkpt lat="55.63105654902756214141845703125" lon="37.31810845434665679931640625">
        <ele>199.399993896484375</ele>
        <time>2026-09-26T06:26:27.000Z</time>
        <extensions>
          <ns3:TrackPointExtension>
            <ns3:hr>146</ns3:hr>
            <ns3:cad>85</ns3:cad>
          </ns3:TrackPointExtension>
        </extensions>
      </trkpt>
      <trkpt lat="55.63105571083724498748779296875" lon="37.3181501962244510650634765625">
        <ele>199.600006103515625</ele>
        <time>2026-09-26T06:26:28.000Z</time>
        <extensions>
          <ns3:TrackPointExtension>
            <ns3:hr>146</ns3:hr>
            <ns3:cad>85</ns3:cad>
          </ns3:TrackPointExtension>
        </extensions>
      </trkpt>
      <trkpt lat="55.63105755485594272613525390625" lon="37.31819403357803821563720703125">
        <ele>199.600006103515625</ele>
        <time>2026-09-26T06:26:29.000Z</time>
        <extensions>
          <ns3:TrackPointExtension>
            <ns3:hr>146</ns3:hr>
            <ns3:cad>85</ns3:cad>
          </ns3:TrackPointExtension>
        </extensions>
      </trkpt>
      <trkpt lat="55.6310579739511013031005859375" lon="37.31824248097836971282958984375">
        <ele>199.8000030517578125</ele>
        <time>2026-09-26T06:26:30.000Z</time>
        <extensions>
          <ns3:TrackPointExtension>
            <ns3:hr>146</ns3:hr>
            <ns3:cad>85</ns3:cad>
          </ns3:TrackPointExtension>
        </extensions>
      </trkpt>
      <trkpt lat="55.63106291927397251129150390625" lon="37.31828472577035427093505859375">
        <ele>200</ele>
        <time>2026-09-26T06:26:31.000Z</time>
        <extensions>
          <ns3:TrackPointExtension>
            <ns3:hr>146</ns3:hr>
            <ns3:cad>85</ns3:cad>
          </ns3:TrackPointExtension>
        </extensions>
      </trkpt>
      <trkpt lat="55.63107364811003208160400390625" lon="37.31833040714263916015625">
        <ele>200</ele>
        <time>2026-09-26T06:26:32.000Z</time>
        <extensions>
          <ns3:TrackPointExtension>
            <ns3:hr>146</ns3:hr>
            <ns3:cad>85</ns3:cad>
          </ns3:TrackPointExtension>
        </extensions>
      </trkpt>
      <trkpt lat="55.63108320347964763641357421875" lon="37.31837189756333827972412109375">
        <ele>200</ele>
        <time>2026-09-26T06:26:33.000Z</time>
        <extensions>
          <ns3:TrackPointExtension>
            <ns3:hr>146</ns3:hr>
            <ns3:cad>86</ns3:cad>
          </ns3:TrackPointExtension>
        </extensions>
      </trkpt>
      <trkpt lat="55.63109435141086578369140625" lon="37.31841749511659145355224609375">
        <ele>200</ele>
        <time>2026-09-26T06:26:34.000Z</time>
        <extensions>
          <ns3:TrackPointExtension>
            <ns3:hr>146</ns3:hr>
            <ns3:cad>86</ns3:cad>
          </ns3:TrackPointExtension>
        </extensions>
      </trkpt>
      <trkpt lat="55.631103403866291046142578125" lon="37.31845756061375141143798828125">
        <ele>200</ele>
        <time>2026-09-26T06:26:35.000Z</time>
        <extensions>
          <ns3:TrackPointExtension>
            <ns3:hr>146</ns3:hr>
            <ns3:cad>87</ns3:cad>
          </ns3:TrackPointExtension>
        </extensions>
      </trkpt>
      <trkpt lat="55.63111170195043087005615234375" lon="37.3185002245008945465087890625">
        <ele>200</ele>
        <time>2026-09-26T06:26:36.000Z</time>
        <extensions>
          <ns3:TrackPointExtension>
            <ns3:hr>146</ns3:hr>
            <ns3:cad>86</ns3:cad>
          </ns3:TrackPointExtension>
        </extensions>
      </trkpt>
      <trkpt lat="55.63112192787230014801025390625" lon="37.31853735633194446563720703125">
        <ele>200</ele>
        <time>2026-09-26T06:26:37.000Z</time>
        <extensions>
          <ns3:TrackPointExtension>
            <ns3:hr>146</ns3:hr>
            <ns3:cad>86</ns3:cad>
          </ns3:TrackPointExtension>
        </extensions>
      </trkpt>
      <trkpt lat="55.63113768585026264190673828125" lon="37.3185713030397891998291015625">
        <ele>200</ele>
        <time>2026-09-26T06:26:38.000Z</time>
        <extensions>
          <ns3:TrackPointExtension>
            <ns3:hr>146</ns3:hr>
            <ns3:cad>86</ns3:cad>
          </ns3:TrackPointExtension>
        </extensions>
      </trkpt>
      <trkpt lat="55.63115176744759082794189453125" lon="37.31860474683344364166259765625">
        <ele>200</ele>
        <time>2026-09-26T06:26:39.000Z</time>
        <extensions>
          <ns3:TrackPointExtension>
            <ns3:hr>147</ns3:hr>
            <ns3:cad>87</ns3:cad>
          </ns3:TrackPointExtension>
        </extensions>
      </trkpt>
      <trkpt lat="55.6311635859310626983642578125" lon="37.3186386935412883758544921875">
        <ele>200</ele>
        <time>2026-09-26T06:26:40.000Z</time>
        <extensions>
          <ns3:TrackPointExtension>
            <ns3:hr>147</ns3:hr>
            <ns3:cad>87</ns3:cad>
          </ns3:TrackPointExtension>
        </extensions>
      </trkpt>
      <trkpt lat="55.631175823509693145751953125" lon="37.31867934577167034149169921875">
        <ele>200</ele>
        <time>2026-09-26T06:26:41.000Z</time>
        <extensions>
          <ns3:TrackPointExtension>
            <ns3:hr>147</ns3:hr>
            <ns3:cad>86</ns3:cad>
          </ns3:TrackPointExtension>
        </extensions>
      </trkpt>
      <trkpt lat="55.63118713907897472381591796875" lon="37.3187154717743396759033203125">
        <ele>200</ele>
        <time>2026-09-26T06:26:42.000Z</time>
        <extensions>
          <ns3:TrackPointExtension>
            <ns3:hr>147</ns3:hr>
            <ns3:cad>86</ns3:cad>
          </ns3:TrackPointExtension>
        </extensions>
      </trkpt>
      <trkpt lat="55.631199963390827178955078125" lon="37.3187533579766750335693359375">
        <ele>200</ele>
        <time>2026-09-26T06:26:43.000Z</time>
        <extensions>
          <ns3:TrackPointExtension>
            <ns3:hr>147</ns3:hr>
            <ns3:cad>86</ns3:cad>
          </ns3:TrackPointExtension>
        </extensions>
      </trkpt>
      <trkpt lat="55.6312148831784725189208984375" lon="37.31879199855029582977294921875">
        <ele>200</ele>
        <time>2026-09-26T06:26:44.000Z</time>
        <extensions>
          <ns3:TrackPointExtension>
            <ns3:hr>148</ns3:hr>
            <ns3:cad>86</ns3:cad>
          </ns3:TrackPointExtension>
        </extensions>
      </trkpt>
      <trkpt lat="55.631228797137737274169921875" lon="37.3188274540007114410400390625">
        <ele>200</ele>
        <time>2026-09-26T06:26:45.000Z</time>
        <extensions>
          <ns3:TrackPointExtension>
            <ns3:hr>147</ns3:hr>
            <ns3:cad>86</ns3:cad>
          </ns3:TrackPointExtension>
        </extensions>
      </trkpt>
      <trkpt lat="55.63124245963990688323974609375" lon="37.3188633285462856292724609375">
        <ele>200</ele>
        <time>2026-09-26T06:26:46.000Z</time>
        <extensions>
          <ns3:TrackPointExtension>
            <ns3:hr>147</ns3:hr>
            <ns3:cad>86</ns3:cad>
          </ns3:TrackPointExtension>
        </extensions>
      </trkpt>
      <trkpt lat="55.63125637359917163848876953125" lon="37.3188971914350986480712890625">
        <ele>199.8000030517578125</ele>
        <time>2026-09-26T06:26:47.000Z</time>
        <extensions>
          <ns3:TrackPointExtension>
            <ns3:hr>147</ns3:hr>
            <ns3:cad>86</ns3:cad>
          </ns3:TrackPointExtension>
        </extensions>
      </trkpt>
      <trkpt lat="55.6312725506722927093505859375" lon="37.31893398799002170562744140625">
        <ele>199.600006103515625</ele>
        <time>2026-09-26T06:26:48.000Z</time>
        <extensions>
          <ns3:TrackPointExtension>
            <ns3:hr>147</ns3:hr>
            <ns3:cad>86</ns3:cad>
          </ns3:TrackPointExtension>
        </extensions>
      </trkpt>
      <trkpt lat="55.63128872774541378021240234375" lon="37.318969778716564178466796875">
        <ele>199.600006103515625</ele>
        <time>2026-09-26T06:26:49.000Z</time>
        <extensions>
          <ns3:TrackPointExtension>
            <ns3:hr>147</ns3:hr>
            <ns3:cad>86</ns3:cad>
          </ns3:TrackPointExtension>
        </extensions>
      </trkpt>
      <trkpt lat="55.63130482099950313568115234375" lon="37.3190095089375972747802734375">
        <ele>199.399993896484375</ele>
        <time>2026-09-26T06:26:50.000Z</time>
        <extensions>
          <ns3:TrackPointExtension>
            <ns3:hr>147</ns3:hr>
            <ns3:cad>87</ns3:cad>
          </ns3:TrackPointExtension>
        </extensions>
      </trkpt>
      <trkpt lat="55.631315968930721282958984375" lon="37.3190473951399326324462890625">
        <ele>199.399993896484375</ele>
        <time>2026-09-26T06:26:51.000Z</time>
        <extensions>
          <ns3:TrackPointExtension>
            <ns3:hr>147</ns3:hr>
            <ns3:cad>87</ns3:cad>
          </ns3:TrackPointExtension>
        </extensions>
      </trkpt>
      <trkpt lat="55.63132393173873424530029296875" lon="37.31908804737031459808349609375">
        <ele>199.399993896484375</ele>
        <time>2026-09-26T06:26:52.000Z</time>
        <extensions>
          <ns3:TrackPointExtension>
            <ns3:hr>147</ns3:hr>
            <ns3:cad>87</ns3:cad>
          </ns3:TrackPointExtension>
        </extensions>
      </trkpt>
      <trkpt lat="55.6313339062035083770751953125" lon="37.31913582421839237213134765625">
        <ele>199.399993896484375</ele>
        <time>2026-09-26T06:26:53.000Z</time>
        <extensions>
          <ns3:TrackPointExtension>
            <ns3:hr>146</ns3:hr>
            <ns3:cad>86</ns3:cad>
          </ns3:TrackPointExtension>
        </extensions>
      </trkpt>
      <trkpt lat="55.6313444674015045166015625" lon="37.31917488388717174530029296875">
        <ele>199.1999969482421875</ele>
        <time>2026-09-26T06:26:54.000Z</time>
        <extensions>
          <ns3:TrackPointExtension>
            <ns3:hr>146</ns3:hr>
            <ns3:cad>86</ns3:cad>
          </ns3:TrackPointExtension>
        </extensions>
      </trkpt>
      <trkpt lat="55.6313530169427394866943359375" lon="37.31921578757464885711669921875">
        <ele>199.1999969482421875</ele>
        <time>2026-09-26T06:26:55.000Z</time>
        <extensions>
          <ns3:TrackPointExtension>
            <ns3:hr>146</ns3:hr>
            <ns3:cad>86</ns3:cad>
          </ns3:TrackPointExtension>
        </extensions>
      </trkpt>
      <trkpt lat="55.63136349432170391082763671875" lon="37.319256104528903961181640625">
        <ele>199.1999969482421875</ele>
        <time>2026-09-26T06:26:56.000Z</time>
        <extensions>
          <ns3:TrackPointExtension>
            <ns3:hr>146</ns3:hr>
            <ns3:cad>85</ns3:cad>
          </ns3:TrackPointExtension>
        </extensions>
      </trkpt>
      <trkpt lat="55.63137196004390716552734375" lon="37.3193015344440937042236328125">
        <ele>199.1999969482421875</ele>
        <time>2026-09-26T06:26:57.000Z</time>
        <extensions>
          <ns3:TrackPointExtension>
            <ns3:hr>146</ns3:hr>
            <ns3:cad>85</ns3:cad>
          </ns3:TrackPointExtension>
        </extensions>
      </trkpt>
      <trkpt lat="55.63137874938547611236572265625" lon="37.31934336014091968536376953125">
        <ele>199.1999969482421875</ele>
        <time>2026-09-26T06:26:58.000Z</time>
        <extensions>
          <ns3:TrackPointExtension>
            <ns3:hr>146</ns3:hr>
            <ns3:cad>84</ns3:cad>
          </ns3:TrackPointExtension>
        </extensions>
      </trkpt>
      <trkpt lat="55.6313848681747913360595703125" lon="37.31938711367547512054443359375">
        <ele>199.1999969482421875</ele>
        <time>2026-09-26T06:26:59.000Z</time>
        <extensions>
          <ns3:TrackPointExtension>
            <ns3:hr>146</ns3:hr>
            <ns3:cad>84</ns3:cad>
          </ns3:TrackPointExtension>
        </extensions>
      </trkpt>
      <trkpt lat="55.63138537108898162841796875" lon="37.31943656690418720245361328125">
        <ele>199</ele>
        <time>2026-09-26T06:27:00.000Z</time>
        <extensions>
          <ns3:TrackPointExtension>
            <ns3:hr>146</ns3:hr>
            <ns3:cad>84</ns3:cad>
          </ns3:TrackPointExtension>
        </extensions>
      </trkpt>
      <trkpt lat="55.63138361088931560516357421875" lon="37.31948283500969409942626953125">
        <ele>198.8000030517578125</ele>
        <time>2026-09-26T06:27:01.000Z</time>
        <extensions>
          <ns3:TrackPointExtension>
            <ns3:hr>146</ns3:hr>
            <ns3:cad>84</ns3:cad>
          </ns3:TrackPointExtension>
        </extensions>
      </trkpt>
      <trkpt lat="55.631378330290317535400390625" lon="37.31953597627580165863037109375">
        <ele>198.600006103515625</ele>
        <time>2026-09-26T06:27:02.000Z</time>
        <extensions>
          <ns3:TrackPointExtension>
            <ns3:hr>146</ns3:hr>
            <ns3:cad>85</ns3:cad>
          </ns3:TrackPointExtension>
        </extensions>
      </trkpt>
      <trkpt lat="55.6313721276819705963134765625" lon="37.319581322371959686279296875">
        <ele>198.600006103515625</ele>
        <time>2026-09-26T06:27:03.000Z</time>
        <extensions>
          <ns3:TrackPointExtension>
            <ns3:hr>146</ns3:hr>
            <ns3:cad>85</ns3:cad>
          </ns3:TrackPointExtension>
        </extensions>
      </trkpt>
      <trkpt lat="55.63136525452136993408203125" lon="37.31962549500167369842529296875">
        <ele>198.399993896484375</ele>
        <time>2026-09-26T06:27:04.000Z</time>
        <extensions>
          <ns3:TrackPointExtension>
            <ns3:hr>147</ns3:hr>
            <ns3:cad>85</ns3:cad>
          </ns3:TrackPointExtension>
        </extensions>
      </trkpt>
      <trkpt lat="55.6313624046742916107177734375" lon="37.3196703381836414337158203125">
        <ele>198.399993896484375</ele>
        <time>2026-09-26T06:27:05.000Z</time>
        <extensions>
          <ns3:TrackPointExtension>
            <ns3:hr>149</ns3:hr>
            <ns3:cad>85</ns3:cad>
          </ns3:TrackPointExtension>
        </extensions>
      </trkpt>
      <trkpt lat="55.63135921955108642578125" lon="37.3197139240801334381103515625">
        <ele>198.399993896484375</ele>
        <time>2026-09-26T06:27:06.000Z</time>
        <extensions>
          <ns3:TrackPointExtension>
            <ns3:hr>149</ns3:hr>
            <ns3:cad>85</ns3:cad>
          </ns3:TrackPointExtension>
        </extensions>
      </trkpt>
      <trkpt lat="55.631355531513690948486328125" lon="37.3197605274617671966552734375">
        <ele>198.600006103515625</ele>
        <time>2026-09-26T06:27:07.000Z</time>
        <extensions>
          <ns3:TrackPointExtension>
            <ns3:hr>150</ns3:hr>
            <ns3:cad>85</ns3:cad>
          </ns3:TrackPointExtension>
        </extensions>
      </trkpt>
      <trkpt lat="55.63135108910501003265380859375" lon="37.319801934063434600830078125">
        <ele>198.600006103515625</ele>
        <time>2026-09-26T06:27:08.000Z</time>
        <extensions>
          <ns3:TrackPointExtension>
            <ns3:hr>150</ns3:hr>
            <ns3:cad>84</ns3:cad>
          </ns3:TrackPointExtension>
        </extensions>
      </trkpt>
      <trkpt lat="55.63134807161986827850341796875" lon="37.31984577141702175140380859375">
        <ele>198.600006103515625</ele>
        <time>2026-09-26T06:27:09.000Z</time>
        <extensions>
          <ns3:TrackPointExtension>
            <ns3:hr>150</ns3:hr>
            <ns3:cad>84</ns3:cad>
          </ns3:TrackPointExtension>
        </extensions>
      </trkpt>
      <trkpt lat="55.63134673051536083221435546875" lon="37.3198874294757843017578125">
        <ele>198.600006103515625</ele>
        <time>2026-09-26T06:27:10.000Z</time>
        <extensions>
          <ns3:TrackPointExtension>
            <ns3:hr>151</ns3:hr>
            <ns3:cad>84</ns3:cad>
          </ns3:TrackPointExtension>
        </extensions>
      </trkpt>
      <trkpt lat="55.631346143782138824462890625" lon="37.31993009336292743682861328125">
        <ele>198.399993896484375</ele>
        <time>2026-09-26T06:27:11.000Z</time>
        <extensions>
          <ns3:TrackPointExtension>
            <ns3:hr>151</ns3:hr>
            <ns3:cad>85</ns3:cad>
          </ns3:TrackPointExtension>
        </extensions>
      </trkpt>
      <trkpt lat="55.6313456408679485321044921875" lon="37.3199767805635929107666015625">
        <ele>198.1999969482421875</ele>
        <time>2026-09-26T06:27:12.000Z</time>
        <extensions>
          <ns3:TrackPointExtension>
            <ns3:hr>152</ns3:hr>
            <ns3:cad>85</ns3:cad>
          </ns3:TrackPointExtension>
        </extensions>
      </trkpt>
      <trkpt lat="55.63135041855275630950927734375" lon="37.32001475058495998382568359375">
        <ele>198.1999969482421875</ele>
        <time>2026-09-26T06:27:13.000Z</time>
        <extensions>
          <ns3:TrackPointExtension>
            <ns3:hr>152</ns3:hr>
            <ns3:cad>85</ns3:cad>
          </ns3:TrackPointExtension>
        </extensions>
      </trkpt>
      <trkpt lat="55.6313560344278812408447265625" lon="37.32005850411951541900634765625">
        <ele>198.1999969482421875</ele>
        <time>2026-09-26T06:27:14.000Z</time>
        <extensions>
          <ns3:TrackPointExtension>
            <ns3:hr>152</ns3:hr>
            <ns3:cad>85</ns3:cad>
          </ns3:TrackPointExtension>
        </extensions>
      </trkpt>
      <trkpt lat="55.63135729171335697174072265625" lon="37.32010041363537311553955078125">
        <ele>198.1999969482421875</ele>
        <time>2026-09-26T06:27:15.000Z</time>
        <extensions>
          <ns3:TrackPointExtension>
            <ns3:hr>152</ns3:hr>
            <ns3:cad>85</ns3:cad>
          </ns3:TrackPointExtension>
        </extensions>
      </trkpt>
      <trkpt lat="55.63135611824691295623779296875" lon="37.3201467655599117279052734375">
        <ele>198.1999969482421875</ele>
        <time>2026-09-26T06:27:16.000Z</time>
        <extensions>
          <ns3:TrackPointExtension>
            <ns3:hr>152</ns3:hr>
            <ns3:cad>85</ns3:cad>
          </ns3:TrackPointExtension>
        </extensions>
      </trkpt>
      <trkpt lat="55.6313580460846424102783203125" lon="37.3201900161802768707275390625">
        <ele>198.399993896484375</ele>
        <time>2026-09-26T06:27:17.000Z</time>
        <extensions>
          <ns3:TrackPointExtension>
            <ns3:hr>152</ns3:hr>
            <ns3:cad>85</ns3:cad>
          </ns3:TrackPointExtension>
        </extensions>
      </trkpt>
      <trkpt lat="55.63135628588497638702392578125" lon="37.32023234479129314422607421875">
        <ele>198.399993896484375</ele>
        <time>2026-09-26T06:27:18.000Z</time>
        <extensions>
          <ns3:TrackPointExtension>
            <ns3:hr>153</ns3:hr>
            <ns3:cad>85</ns3:cad>
          </ns3:TrackPointExtension>
        </extensions>
      </trkpt>
      <trkpt lat="55.631354190409183502197265625" lon="37.32027509249746799468994140625">
        <ele>198.600006103515625</ele>
        <time>2026-09-26T06:27:19.000Z</time>
        <extensions>
          <ns3:TrackPointExtension>
            <ns3:hr>153</ns3:hr>
            <ns3:cad>85</ns3:cad>
          </ns3:TrackPointExtension>
        </extensions>
      </trkpt>
      <trkpt lat="55.631353519856929779052734375" lon="37.32032286934554576873779296875">
        <ele>198.600006103515625</ele>
        <time>2026-09-26T06:27:20.000Z</time>
        <extensions>
          <ns3:TrackPointExtension>
            <ns3:hr>153</ns3:hr>
            <ns3:cad>85</ns3:cad>
          </ns3:TrackPointExtension>
        </extensions>
      </trkpt>
      <trkpt lat="55.631355531513690948486328125" lon="37.32037265785038471221923828125">
        <ele>198.600006103515625</ele>
        <time>2026-09-26T06:27:21.000Z</time>
        <extensions>
          <ns3:TrackPointExtension>
            <ns3:hr>152</ns3:hr>
            <ns3:cad>86</ns3:cad>
          </ns3:TrackPointExtension>
        </extensions>
      </trkpt>
      <trkpt lat="55.63135930337011814117431640625" lon="37.32041875831782817840576171875">
        <ele>198.399993896484375</ele>
        <time>2026-09-26T06:27:22.000Z</time>
        <extensions>
          <ns3:TrackPointExtension>
            <ns3:hr>153</ns3:hr>
            <ns3:cad>86</ns3:cad>
          </ns3:TrackPointExtension>
        </extensions>
      </trkpt>
      <trkpt lat="55.63136131502687931060791015625" lon="37.320465110242366790771484375">
        <ele>198.399993896484375</ele>
        <time>2026-09-26T06:27:23.000Z</time>
        <extensions>
          <ns3:TrackPointExtension>
            <ns3:hr>153</ns3:hr>
            <ns3:cad>86</ns3:cad>
          </ns3:TrackPointExtension>
        </extensions>
      </trkpt>
      <trkpt lat="55.63136416487395763397216796875" lon="37.32050945051014423370361328125">
        <ele>198.399993896484375</ele>
        <time>2026-09-26T06:27:24.000Z</time>
        <extensions>
          <ns3:TrackPointExtension>
            <ns3:hr>152</ns3:hr>
            <ns3:cad>86</ns3:cad>
          </ns3:TrackPointExtension>
        </extensions>
      </trkpt>
      <trkpt lat="55.6313637457787990570068359375" lon="37.32055119238793849945068359375">
        <ele>198.399993896484375</ele>
        <time>2026-09-26T06:27:25.000Z</time>
        <extensions>
          <ns3:TrackPointExtension>
            <ns3:hr>152</ns3:hr>
            <ns3:cad>86</ns3:cad>
          </ns3:TrackPointExtension>
        </extensions>
      </trkpt>
      <trkpt lat="55.63136994838714599609375" lon="37.32059259898960590362548828125">
        <ele>198.399993896484375</ele>
        <time>2026-09-26T06:27:26.000Z</time>
        <extensions>
          <ns3:TrackPointExtension>
            <ns3:hr>152</ns3:hr>
            <ns3:cad>86</ns3:cad>
          </ns3:TrackPointExtension>
        </extensions>
      </trkpt>
      <trkpt lat="55.631374977529048919677734375" lon="37.3206292279064655303955078125">
        <ele>198.399993896484375</ele>
        <time>2026-09-26T06:27:27.000Z</time>
        <extensions>
          <ns3:TrackPointExtension>
            <ns3:hr>152</ns3:hr>
            <ns3:cad>86</ns3:cad>
          </ns3:TrackPointExtension>
        </extensions>
      </trkpt>
      <trkpt lat="55.63138134777545928955078125" lon="37.3206701315939426422119140625">
        <ele>198.399993896484375</ele>
        <time>2026-09-26T06:27:28.000Z</time>
        <extensions>
          <ns3:TrackPointExtension>
            <ns3:hr>153</ns3:hr>
            <ns3:cad>86</ns3:cad>
          </ns3:TrackPointExtension>
        </extensions>
      </trkpt>
      <trkpt lat="55.63138671219348907470703125" lon="37.3207100294530391693115234375">
        <ele>198.1999969482421875</ele>
        <time>2026-09-26T06:27:29.000Z</time>
        <extensions>
          <ns3:TrackPointExtension>
            <ns3:hr>153</ns3:hr>
            <ns3:cad>86</ns3:cad>
          </ns3:TrackPointExtension>
        </extensions>
      </trkpt>
      <trkpt lat="55.63139199279248714447021484375" lon="37.32075034640729427337646484375">
        <ele>198.1999969482421875</ele>
        <time>2026-09-26T06:27:30.000Z</time>
        <extensions>
          <ns3:TrackPointExtension>
            <ns3:hr>153</ns3:hr>
            <ns3:cad>86</ns3:cad>
          </ns3:TrackPointExtension>
        </extensions>
      </trkpt>
      <trkpt lat="55.6313969381153583526611328125" lon="37.32079426757991313934326171875">
        <ele>198</ele>
        <time>2026-09-26T06:27:31.000Z</time>
        <extensions>
          <ns3:TrackPointExtension>
            <ns3:hr>153</ns3:hr>
            <ns3:cad>86</ns3:cad>
          </ns3:TrackPointExtension>
        </extensions>
      </trkpt>
      <trkpt lat="55.63140708021819591522216796875" lon="37.320832908153533935546875">
        <ele>197.8000030517578125</ele>
        <time>2026-09-26T06:27:32.000Z</time>
        <extensions>
          <ns3:TrackPointExtension>
            <ns3:hr>152</ns3:hr>
            <ns3:cad>86</ns3:cad>
          </ns3:TrackPointExtension>
        </extensions>
      </trkpt>
      <trkpt lat="55.63141697086393833160400390625" lon="37.320876158773899078369140625">
        <ele>197.600006103515625</ele>
        <time>2026-09-26T06:27:33.000Z</time>
        <extensions>
          <ns3:TrackPointExtension>
            <ns3:hr>153</ns3:hr>
            <ns3:cad>85</ns3:cad>
          </ns3:TrackPointExtension>
        </extensions>
      </trkpt>
      <trkpt lat="55.63142602331936359405517578125" lon="37.32091270387172698974609375">
        <ele>197.600006103515625</ele>
        <time>2026-09-26T06:27:34.000Z</time>
        <extensions>
          <ns3:TrackPointExtension>
            <ns3:hr>153</ns3:hr>
            <ns3:cad>84</ns3:cad>
          </ns3:TrackPointExtension>
        </extensions>
      </trkpt>
      <trkpt lat="55.6314378418028354644775390625" lon="37.32095369137823581695556640625">
        <ele>197.399993896484375</ele>
        <time>2026-09-26T06:27:35.000Z</time>
        <extensions>
          <ns3:TrackPointExtension>
            <ns3:hr>153</ns3:hr>
            <ns3:cad>84</ns3:cad>
          </ns3:TrackPointExtension>
        </extensions>
      </trkpt>
      <trkpt lat="55.63144815154373645782470703125" lon="37.3209956847131252288818359375">
        <ele>197.1999969482421875</ele>
        <time>2026-09-26T06:27:36.000Z</time>
        <extensions>
          <ns3:TrackPointExtension>
            <ns3:hr>153</ns3:hr>
            <ns3:cad>85</ns3:cad>
          </ns3:TrackPointExtension>
        </extensions>
      </trkpt>
      <trkpt lat="55.631459467113018035888671875" lon="37.3210362531244754791259765625">
        <ele>197</ele>
        <time>2026-09-26T06:27:37.000Z</time>
        <extensions>
          <ns3:TrackPointExtension>
            <ns3:hr>153</ns3:hr>
            <ns3:cad>85</ns3:cad>
          </ns3:TrackPointExtension>
        </extensions>
      </trkpt>
      <trkpt lat="55.6314720399677753448486328125" lon="37.3210788331925868988037109375">
        <ele>196.8000030517578125</ele>
        <time>2026-09-26T06:27:38.000Z</time>
        <extensions>
          <ns3:TrackPointExtension>
            <ns3:hr>153</ns3:hr>
            <ns3:cad>85</ns3:cad>
          </ns3:TrackPointExtension>
        </extensions>
      </trkpt>
      <trkpt lat="55.631480924785137176513671875" lon="37.32112166471779346466064453125">
        <ele>197</ele>
        <time>2026-09-26T06:27:39.000Z</time>
        <extensions>
          <ns3:TrackPointExtension>
            <ns3:hr>153</ns3:hr>
            <ns3:cad>86</ns3:cad>
          </ns3:TrackPointExtension>
        </extensions>
      </trkpt>
      <trkpt lat="55.63149224035441875457763671875" lon="37.32116407714784145355224609375">
        <ele>197</ele>
        <time>2026-09-26T06:27:40.000Z</time>
        <extensions>
          <ns3:TrackPointExtension>
            <ns3:hr>154</ns3:hr>
            <ns3:cad>86</ns3:cad>
          </ns3:TrackPointExtension>
        </extensions>
      </trkpt>
      <trkpt lat="55.63150414265692234039306640625" lon="37.321202047169208526611328125">
        <ele>197</ele>
        <time>2026-09-26T06:27:41.000Z</time>
        <extensions>
          <ns3:TrackPointExtension>
            <ns3:hr>154</ns3:hr>
            <ns3:cad>86</ns3:cad>
          </ns3:TrackPointExtension>
        </extensions>
      </trkpt>
      <trkpt lat="55.63151587732136249542236328125" lon="37.32124370522797107696533203125">
        <ele>197</ele>
        <time>2026-09-26T06:27:42.000Z</time>
        <extensions>
          <ns3:TrackPointExtension>
            <ns3:hr>154</ns3:hr>
            <ns3:cad>86</ns3:cad>
          </ns3:TrackPointExtension>
        </extensions>
      </trkpt>
      <trkpt lat="55.631525516510009765625" lon="37.32128025032579898834228515625">
        <ele>197</ele>
        <time>2026-09-26T06:27:43.000Z</time>
        <extensions>
          <ns3:TrackPointExtension>
            <ns3:hr>154</ns3:hr>
            <ns3:cad>87</ns3:cad>
          </ns3:TrackPointExtension>
        </extensions>
      </trkpt>
      <trkpt lat="55.631539262831211090087890625" lon="37.32131637632846832275390625">
        <ele>197</ele>
        <time>2026-09-26T06:27:44.000Z</time>
        <extensions>
          <ns3:TrackPointExtension>
            <ns3:hr>154</ns3:hr>
            <ns3:cad>87</ns3:cad>
          </ns3:TrackPointExtension>
        </extensions>
      </trkpt>
      <trkpt lat="55.63155694864690303802490234375" lon="37.32134864665567874908447265625">
        <ele>197</ele>
        <time>2026-09-26T06:27:45.000Z</time>
        <extensions>
          <ns3:TrackPointExtension>
            <ns3:hr>154</ns3:hr>
            <ns3:cad>86</ns3:cad>
          </ns3:TrackPointExtension>
        </extensions>
      </trkpt>
      <trkpt lat="55.63157404772937297821044921875" lon="37.32137764804065227508544921875">
        <ele>197</ele>
        <time>2026-09-26T06:27:46.000Z</time>
        <extensions>
          <ns3:TrackPointExtension>
            <ns3:hr>155</ns3:hr>
            <ns3:cad>86</ns3:cad>
          </ns3:TrackPointExtension>
        </extensions>
      </trkpt>
      <trkpt lat="55.631596259772777557373046875" lon="37.32140899635851383209228515625">
        <ele>197</ele>
        <time>2026-09-26T06:27:47.000Z</time>
        <extensions>
          <ns3:TrackPointExtension>
            <ns3:hr>155</ns3:hr>
            <ns3:cad>87</ns3:cad>
          </ns3:TrackPointExtension>
        </extensions>
      </trkpt>
      <trkpt lat="55.63161411322653293609619140625" lon="37.32143665663897991180419921875">
        <ele>197</ele>
        <time>2026-09-26T06:27:48.000Z</time>
        <extensions>
          <ns3:TrackPointExtension>
            <ns3:hr>155</ns3:hr>
            <ns3:cad>87</ns3:cad>
          </ns3:TrackPointExtension>
        </extensions>
      </trkpt>
      <trkpt lat="55.63163221813738346099853515625" lon="37.3214630596339702606201171875">
        <ele>197</ele>
        <time>2026-09-26T06:27:49.000Z</time>
        <extensions>
          <ns3:TrackPointExtension>
            <ns3:hr>155</ns3:hr>
            <ns3:cad>86</ns3:cad>
          </ns3:TrackPointExtension>
        </extensions>
      </trkpt>
      <trkpt lat="55.63165015541017055511474609375" lon="37.3214855231344699859619140625">
        <ele>197</ele>
        <time>2026-09-26T06:27:50.000Z</time>
        <extensions>
          <ns3:TrackPointExtension>
            <ns3:hr>155</ns3:hr>
            <ns3:cad>86</ns3:cad>
          </ns3:TrackPointExtension>
        </extensions>
      </trkpt>
      <trkpt lat="55.63167245127260684967041015625" lon="37.3215086571872234344482421875">
        <ele>197</ele>
        <time>2026-09-26T06:27:51.000Z</time>
        <extensions>
          <ns3:TrackPointExtension>
            <ns3:hr>155</ns3:hr>
            <ns3:cad>86</ns3:cad>
          </ns3:TrackPointExtension>
        </extensions>
      </trkpt>
      <trkpt lat="55.631692148745059967041015625" lon="37.32152852229773998260498046875">
        <ele>197</ele>
        <time>2026-09-26T06:27:52.000Z</time>
        <extensions>
          <ns3:TrackPointExtension>
            <ns3:hr>156</ns3:hr>
            <ns3:cad>87</ns3:cad>
          </ns3:TrackPointExtension>
        </extensions>
      </trkpt>
      <trkpt lat="55.6317137740552425384521484375" lon="37.32154729776084423065185546875">
        <ele>197</ele>
        <time>2026-09-26T06:27:53.000Z</time>
        <extensions>
          <ns3:TrackPointExtension>
            <ns3:hr>156</ns3:hr>
            <ns3:cad>87</ns3:cad>
          </ns3:TrackPointExtension>
        </extensions>
      </trkpt>
      <trkpt lat="55.63173405826091766357421875" lon="37.3215626366436481475830078125">
        <ele>196.8000030517578125</ele>
        <time>2026-09-26T06:27:54.000Z</time>
        <extensions>
          <ns3:TrackPointExtension>
            <ns3:hr>157</ns3:hr>
            <ns3:cad>87</ns3:cad>
          </ns3:TrackPointExtension>
        </extensions>
      </trkpt>
      <trkpt lat="55.6317526660859584808349609375" lon="37.32157311402261257171630859375">
        <ele>196.8000030517578125</ele>
        <time>2026-09-26T06:27:55.000Z</time>
        <extensions>
          <ns3:TrackPointExtension>
            <ns3:hr>157</ns3:hr>
            <ns3:cad>86</ns3:cad>
          </ns3:TrackPointExtension>
        </extensions>
      </trkpt>
      <trkpt lat="55.6317736208438873291015625" lon="37.3215851001441478729248046875">
        <ele>196.8000030517578125</ele>
        <time>2026-09-26T06:27:56.000Z</time>
        <extensions>
          <ns3:TrackPointExtension>
            <ns3:hr>158</ns3:hr>
            <ns3:cad>86</ns3:cad>
          </ns3:TrackPointExtension>
        </extensions>
      </trkpt>
      <trkpt lat="55.63179130665957927703857421875" lon="37.321596331894397735595703125">
        <ele>196.600006103515625</ele>
        <time>2026-09-26T06:27:57.000Z</time>
        <extensions>
          <ns3:TrackPointExtension>
            <ns3:hr>158</ns3:hr>
            <ns3:cad>86</ns3:cad>
          </ns3:TrackPointExtension>
        </extensions>
      </trkpt>
      <trkpt lat="55.6318111717700958251953125" lon="37.32160395942628383636474609375">
        <ele>196.600006103515625</ele>
        <time>2026-09-26T06:27:58.000Z</time>
        <extensions>
          <ns3:TrackPointExtension>
            <ns3:hr>158</ns3:hr>
            <ns3:cad>86</ns3:cad>
          </ns3:TrackPointExtension>
        </extensions>
      </trkpt>
      <trkpt lat="55.63183128833770751953125" lon="37.32161385007202625274658203125">
        <ele>196.600006103515625</ele>
        <time>2026-09-26T06:27:59.000Z</time>
        <extensions>
          <ns3:TrackPointExtension>
            <ns3:hr>158</ns3:hr>
            <ns3:cad>86</ns3:cad>
          </ns3:TrackPointExtension>
        </extensions>
      </trkpt>
      <trkpt lat="55.63184880651533603668212890625" lon="37.3216270096600055694580078125">
        <ele>196.399993896484375</ele>
        <time>2026-09-26T06:28:00.000Z</time>
        <extensions>
          <ns3:TrackPointExtension>
            <ns3:hr>159</ns3:hr>
            <ns3:cad>85</ns3:cad>
          </ns3:TrackPointExtension>
        </extensions>
      </trkpt>
      <trkpt lat="55.63186892308294773101806640625" lon="37.32164167799055576324462890625">
        <ele>196.399993896484375</ele>
        <time>2026-09-26T06:28:01.000Z</time>
        <extensions>
          <ns3:TrackPointExtension>
            <ns3:hr>159</ns3:hr>
            <ns3:cad>85</ns3:cad>
          </ns3:TrackPointExtension>
        </extensions>
      </trkpt>
      <trkpt lat="55.63189071603119373321533203125" lon="37.321653328835964202880859375">
        <ele>196.1999969482421875</ele>
        <time>2026-09-26T06:28:02.000Z</time>
        <extensions>
          <ns3:TrackPointExtension>
            <ns3:hr>158</ns3:hr>
            <ns3:cad>85</ns3:cad>
          </ns3:TrackPointExtension>
        </extensions>
      </trkpt>
      <trkpt lat="55.63191150315105915069580078125" lon="37.321668751537799835205078125">
        <ele>196</ele>
        <time>2026-09-26T06:28:03.000Z</time>
        <extensions>
          <ns3:TrackPointExtension>
            <ns3:hr>158</ns3:hr>
            <ns3:cad>85</ns3:cad>
          </ns3:TrackPointExtension>
        </extensions>
      </trkpt>
      <trkpt lat="55.63193044625222682952880859375" lon="37.32169012539088726043701171875">
        <ele>196</ele>
        <time>2026-09-26T06:28:04.000Z</time>
        <extensions>
          <ns3:TrackPointExtension>
            <ns3:hr>158</ns3:hr>
            <ns3:cad>84</ns3:cad>
          </ns3:TrackPointExtension>
        </extensions>
      </trkpt>
      <trkpt lat="55.6319451145827770233154296875" lon="37.32171745039522647857666015625">
        <ele>195.8000030517578125</ele>
        <time>2026-09-26T06:28:05.000Z</time>
        <extensions>
          <ns3:TrackPointExtension>
            <ns3:hr>158</ns3:hr>
            <ns3:cad>84</ns3:cad>
          </ns3:TrackPointExtension>
        </extensions>
      </trkpt>
      <trkpt lat="55.631954669952392578125" lon="37.32174946926534175872802734375">
        <ele>195.600006103515625</ele>
        <time>2026-09-26T06:28:06.000Z</time>
        <extensions>
          <ns3:TrackPointExtension>
            <ns3:hr>158</ns3:hr>
            <ns3:cad>85</ns3:cad>
          </ns3:TrackPointExtension>
        </extensions>
      </trkpt>
      <trkpt lat="55.63196347095072269439697265625" lon="37.321782745420932769775390625">
        <ele>195.399993896484375</ele>
        <time>2026-09-26T06:28:07.000Z</time>
        <extensions>
          <ns3:TrackPointExtension>
            <ns3:hr>157</ns3:hr>
            <ns3:cad>85</ns3:cad>
          </ns3:TrackPointExtension>
        </extensions>
      </trkpt>
      <trkpt lat="55.6319749541580677032470703125" lon="37.32181929051876068115234375">
        <ele>195.1999969482421875</ele>
        <time>2026-09-26T06:28:08.000Z</time>
        <extensions>
          <ns3:TrackPointExtension>
            <ns3:hr>157</ns3:hr>
            <ns3:cad>85</ns3:cad>
          </ns3:TrackPointExtension>
        </extensions>
      </trkpt>
      <trkpt lat="55.631984509527683258056640625" lon="37.32185239903628826141357421875">
        <ele>195.1999969482421875</ele>
        <time>2026-09-26T06:28:09.000Z</time>
        <extensions>
          <ns3:TrackPointExtension>
            <ns3:hr>157</ns3:hr>
            <ns3:cad>86</ns3:cad>
          </ns3:TrackPointExtension>
        </extensions>
      </trkpt>
      <trkpt lat="55.63199498690664768218994140625" lon="37.3218861781060695648193359375">
        <ele>194.8000030517578125</ele>
        <time>2026-09-26T06:28:10.000Z</time>
        <extensions>
          <ns3:TrackPointExtension>
            <ns3:hr>156</ns3:hr>
            <ns3:cad>86</ns3:cad>
          </ns3:TrackPointExtension>
        </extensions>
      </trkpt>
      <trkpt lat="55.63200839795172214508056640625" lon="37.3219197057187557220458984375">
        <ele>194.600006103515625</ele>
        <time>2026-09-26T06:28:11.000Z</time>
        <extensions>
          <ns3:TrackPointExtension>
            <ns3:hr>156</ns3:hr>
            <ns3:cad>86</ns3:cad>
          </ns3:TrackPointExtension>
        </extensions>
      </trkpt>
      <trkpt lat="55.632027424871921539306640625" lon="37.32195180840790271759033203125">
        <ele>194</ele>
        <time>2026-09-26T06:28:12.000Z</time>
        <extensions>
          <ns3:TrackPointExtension>
            <ns3:hr>156</ns3:hr>
            <ns3:cad>85</ns3:cad>
          </ns3:TrackPointExtension>
        </extensions>
      </trkpt>
      <trkpt lat="55.63204678706824779510498046875" lon="37.321983240544795989990234375">
        <ele>193.600006103515625</ele>
        <time>2026-09-26T06:28:13.000Z</time>
        <extensions>
          <ns3:TrackPointExtension>
            <ns3:hr>155</ns3:hr>
            <ns3:cad>85</ns3:cad>
          </ns3:TrackPointExtension>
        </extensions>
      </trkpt>
      <trkpt lat="55.63206573016941547393798828125" lon="37.32200997881591320037841796875">
        <ele>193.1999969482421875</ele>
        <time>2026-09-26T06:28:14.000Z</time>
        <extensions>
          <ns3:TrackPointExtension>
            <ns3:hr>155</ns3:hr>
            <ns3:cad>85</ns3:cad>
          </ns3:TrackPointExtension>
        </extensions>
      </trkpt>
      <trkpt lat="55.632085762917995452880859375" lon="37.32203981839120388031005859375">
        <ele>192.8000030517578125</ele>
        <time>2026-09-26T06:28:15.000Z</time>
        <extensions>
          <ns3:TrackPointExtension>
            <ns3:hr>154</ns3:hr>
            <ns3:cad>85</ns3:cad>
          </ns3:TrackPointExtension>
        </extensions>
      </trkpt>
      <trkpt lat="55.63210244290530681610107421875" lon="37.322071082890033721923828125">
        <ele>192.399993896484375</ele>
        <time>2026-09-26T06:28:16.000Z</time>
        <extensions>
          <ns3:TrackPointExtension>
            <ns3:hr>154</ns3:hr>
            <ns3:cad>84</ns3:cad>
          </ns3:TrackPointExtension>
        </extensions>
      </trkpt>
      <trkpt lat="55.63212155364453792572021484375" lon="37.32209983281791210174560546875">
        <ele>192</ele>
        <time>2026-09-26T06:28:17.000Z</time>
        <extensions>
          <ns3:TrackPointExtension>
            <ns3:hr>154</ns3:hr>
            <ns3:cad>84</ns3:cad>
          </ns3:TrackPointExtension>
        </extensions>
      </trkpt>
      <trkpt lat="55.63213915564119815826416015625" lon="37.3221319355070590972900390625">
        <ele>191.600006103515625</ele>
        <time>2026-09-26T06:28:18.000Z</time>
        <extensions>
          <ns3:TrackPointExtension>
            <ns3:hr>154</ns3:hr>
            <ns3:cad>83</ns3:cad>
          </ns3:TrackPointExtension>
        </extensions>
      </trkpt>
      <trkpt lat="55.6321573443710803985595703125" lon="37.32216604985296726226806640625">
        <ele>191.1999969482421875</ele>
        <time>2026-09-26T06:28:19.000Z</time>
        <extensions>
          <ns3:TrackPointExtension>
            <ns3:hr>154</ns3:hr>
            <ns3:cad>83</ns3:cad>
          </ns3:TrackPointExtension>
        </extensions>
      </trkpt>
      <trkpt lat="55.63217234797775745391845703125" lon="37.32219907455146312713623046875">
        <ele>190.8000030517578125</ele>
        <time>2026-09-26T06:28:20.000Z</time>
        <extensions>
          <ns3:TrackPointExtension>
            <ns3:hr>154</ns3:hr>
            <ns3:cad>82</ns3:cad>
          </ns3:TrackPointExtension>
        </extensions>
      </trkpt>
      <trkpt lat="55.63219246454536914825439453125" lon="37.322238720953464508056640625">
        <ele>190.1999969482421875</ele>
        <time>2026-09-26T06:28:21.000Z</time>
        <extensions>
          <ns3:TrackPointExtension>
            <ns3:hr>153</ns3:hr>
            <ns3:cad>81</ns3:cad>
          </ns3:TrackPointExtension>
        </extensions>
      </trkpt>
      <trkpt lat="55.63221325166523456573486328125" lon="37.3222566582262516021728515625">
        <ele>189.8000030517578125</ele>
        <time>2026-09-26T06:28:22.000Z</time>
        <extensions>
          <ns3:TrackPointExtension>
            <ns3:hr>153</ns3:hr>
            <ns3:cad>81</ns3:cad>
          </ns3:TrackPointExtension>
        </extensions>
      </trkpt>
      <trkpt lat="55.63223336823284626007080078125" lon="37.32225003652274608612060546875">
        <ele>189.8000030517578125</ele>
        <time>2026-09-26T06:28:23.000Z</time>
        <extensions>
          <ns3:TrackPointExtension>
            <ns3:hr>153</ns3:hr>
            <ns3:cad>81</ns3:cad>
          </ns3:TrackPointExtension>
        </extensions>
      </trkpt>
      <trkpt lat="55.63224904239177703857421875" lon="37.32222656719386577606201171875">
        <ele>189.8000030517578125</ele>
        <time>2026-09-26T06:28:24.000Z</time>
        <extensions>
          <ns3:TrackPointExtension>
            <ns3:hr>152</ns3:hr>
            <ns3:cad>81</ns3:cad>
          </ns3:TrackPointExtension>
        </extensions>
      </trkpt>
      <trkpt lat="55.63226111233234405517578125" lon="37.32220142148435115814208984375">
        <ele>189.8000030517578125</ele>
        <time>2026-09-26T06:28:25.000Z</time>
        <extensions>
          <ns3:TrackPointExtension>
            <ns3:hr>152</ns3:hr>
            <ns3:cad>81</ns3:cad>
          </ns3:TrackPointExtension>
        </extensions>
      </trkpt>
      <trkpt lat="55.63227050006389617919921875" lon="37.32217325828969478607177734375">
        <ele>189.8000030517578125</ele>
        <time>2026-09-26T06:28:26.000Z</time>
        <extensions>
          <ns3:TrackPointExtension>
            <ns3:hr>152</ns3:hr>
            <ns3:cad>82</ns3:cad>
          </ns3:TrackPointExtension>
        </extensions>
      </trkpt>
      <trkpt lat="55.63227896578609943389892578125" lon="37.32215180061757564544677734375">
        <ele>190</ele>
        <time>2026-09-26T06:28:27.000Z</time>
        <extensions>
          <ns3:TrackPointExtension>
            <ns3:hr>151</ns3:hr>
            <ns3:cad>82</ns3:cad>
          </ns3:TrackPointExtension>
        </extensions>
      </trkpt>
      <trkpt lat="55.6322860904037952423095703125" lon="37.32212481088936328887939453125">
        <ele>190</ele>
        <time>2026-09-26T06:28:28.000Z</time>
        <extensions>
          <ns3:TrackPointExtension>
            <ns3:hr>151</ns3:hr>
            <ns3:cad>82</ns3:cad>
          </ns3:TrackPointExtension>
        </extensions>
      </trkpt>
      <trkpt lat="55.63229472376406192779541015625" lon="37.32209698297083377838134765625">
        <ele>190.1999969482421875</ele>
        <time>2026-09-26T06:28:29.000Z</time>
        <extensions>
          <ns3:TrackPointExtension>
            <ns3:hr>151</ns3:hr>
            <ns3:cad>82</ns3:cad>
          </ns3:TrackPointExtension>
        </extensions>
      </trkpt>
      <trkpt lat="55.63229472376406192779541015625" lon="37.3220682330429553985595703125">
        <ele>190.399993896484375</ele>
        <time>2026-09-26T06:28:30.000Z</time>
        <extensions>
          <ns3:TrackPointExtension>
            <ns3:hr>151</ns3:hr>
            <ns3:cad>83</ns3:cad>
          </ns3:TrackPointExtension>
        </extensions>
      </trkpt>
      <trkpt lat="55.632294304668903350830078125" lon="37.32203797437250614166259765625">
        <ele>190.600006103515625</ele>
        <time>2026-09-26T06:28:31.000Z</time>
        <extensions>
          <ns3:TrackPointExtension>
            <ns3:hr>151</ns3:hr>
            <ns3:cad>83</ns3:cad>
          </ns3:TrackPointExtension>
        </extensions>
      </trkpt>
      <trkpt lat="55.632294975221157073974609375" lon="37.32200394384562969207763671875">
        <ele>190.8000030517578125</ele>
        <time>2026-09-26T06:28:32.000Z</time>
        <extensions>
          <ns3:TrackPointExtension>
            <ns3:hr>151</ns3:hr>
            <ns3:cad>83</ns3:cad>
          </ns3:TrackPointExtension>
        </extensions>
      </trkpt>
      <trkpt lat="55.63229388557374477386474609375" lon="37.32196555472910404205322265625">
        <ele>191.1999969482421875</ele>
        <time>2026-09-26T06:28:33.000Z</time>
        <extensions>
          <ns3:TrackPointExtension>
            <ns3:hr>152</ns3:hr>
            <ns3:cad>83</ns3:cad>
          </ns3:TrackPointExtension>
        </extensions>
      </trkpt>
      <trkpt lat="55.632297992706298828125" lon="37.321919538080692291259765625">
        <ele>191.399993896484375</ele>
        <time>2026-09-26T06:28:34.000Z</time>
        <extensions>
          <ns3:TrackPointExtension>
            <ns3:hr>152</ns3:hr>
            <ns3:cad>82</ns3:cad>
          </ns3:TrackPointExtension>
        </extensions>
      </trkpt>
      <trkpt lat="55.6323011778295040130615234375" lon="37.3218764550983905792236328125">
        <ele>191.399993896484375</ele>
        <time>2026-09-26T06:28:35.000Z</time>
        <extensions>
          <ns3:TrackPointExtension>
            <ns3:hr>153</ns3:hr>
            <ns3:cad>82</ns3:cad>
          </ns3:TrackPointExtension>
        </extensions>
      </trkpt>
      <trkpt lat="55.63230528496205806732177734375" lon="37.3218320310115814208984375">
        <ele>191.600006103515625</ele>
        <time>2026-09-26T06:28:36.000Z</time>
        <extensions>
          <ns3:TrackPointExtension>
            <ns3:hr>153</ns3:hr>
            <ns3:cad>81</ns3:cad>
          </ns3:TrackPointExtension>
        </extensions>
      </trkpt>
      <trkpt lat="55.632305704057216644287109375" lon="37.32178852893412113189697265625">
        <ele>191.8000030517578125</ele>
        <time>2026-09-26T06:28:37.000Z</time>
        <extensions>
          <ns3:TrackPointExtension>
            <ns3:hr>153</ns3:hr>
            <ns3:cad>81</ns3:cad>
          </ns3:TrackPointExtension>
        </extensions>
      </trkpt>
      <trkpt lat="55.63230712898075580596923828125" lon="37.32174645178020000457763671875">
        <ele>191.8000030517578125</ele>
        <time>2026-09-26T06:28:38.000Z</time>
        <extensions>
          <ns3:TrackPointExtension>
            <ns3:hr>153</ns3:hr>
            <ns3:cad>83</ns3:cad>
          </ns3:TrackPointExtension>
        </extensions>
      </trkpt>
      <trkpt lat="55.63231115229427814483642578125" lon="37.321705631911754608154296875">
        <ele>192</ele>
        <time>2026-09-26T06:28:39.000Z</time>
        <extensions>
          <ns3:TrackPointExtension>
            <ns3:hr>154</ns3:hr>
            <ns3:cad>85</ns3:cad>
          </ns3:TrackPointExtension>
        </extensions>
      </trkpt>
      <trkpt lat="55.632313750684261322021484375" lon="37.321666739881038665771484375">
        <ele>192</ele>
        <time>2026-09-26T06:28:40.000Z</time>
        <extensions>
          <ns3:TrackPointExtension>
            <ns3:hr>154</ns3:hr>
            <ns3:cad>86</ns3:cad>
          </ns3:TrackPointExtension>
        </extensions>
      </trkpt>
      <trkpt lat="55.6323154270648956298828125" lon="37.32162424363195896148681640625">
        <ele>192</ele>
        <time>2026-09-26T06:28:41.000Z</time>
        <extensions>
          <ns3:TrackPointExtension>
            <ns3:hr>154</ns3:hr>
            <ns3:cad>86</ns3:cad>
          </ns3:TrackPointExtension>
        </extensions>
      </trkpt>
      <trkpt lat="55.6323162652552127838134765625" lon="37.321585603058338165283203125">
        <ele>192</ele>
        <time>2026-09-26T06:28:42.000Z</time>
        <extensions>
          <ns3:TrackPointExtension>
            <ns3:hr>153</ns3:hr>
            <ns3:cad>86</ns3:cad>
          </ns3:TrackPointExtension>
        </extensions>
      </trkpt>
      <trkpt lat="55.63231668435037136077880859375" lon="37.32154461555182933807373046875">
        <ele>192.1999969482421875</ele>
        <time>2026-09-26T06:28:43.000Z</time>
        <extensions>
          <ns3:TrackPointExtension>
            <ns3:hr>154</ns3:hr>
            <ns3:cad>86</ns3:cad>
          </ns3:TrackPointExtension>
        </extensions>
      </trkpt>
      <trkpt lat="55.63231517560780048370361328125" lon="37.321507818996906280517578125">
        <ele>192.399993896484375</ele>
        <time>2026-09-26T06:28:44.000Z</time>
        <extensions>
          <ns3:TrackPointExtension>
            <ns3:hr>154</ns3:hr>
            <ns3:cad>85</ns3:cad>
          </ns3:TrackPointExtension>
        </extensions>
      </trkpt>
      <trkpt lat="55.6323102302849292755126953125" lon="37.32147286646068096160888671875">
        <ele>192.600006103515625</ele>
        <time>2026-09-26T06:28:45.000Z</time>
        <extensions>
          <ns3:TrackPointExtension>
            <ns3:hr>153</ns3:hr>
            <ns3:cad>84</ns3:cad>
          </ns3:TrackPointExtension>
        </extensions>
      </trkpt>
      <trkpt lat="55.6323087215423583984375" lon="37.32143330387771129608154296875">
        <ele>192.8000030517578125</ele>
        <time>2026-09-26T06:28:46.000Z</time>
        <extensions>
          <ns3:TrackPointExtension>
            <ns3:hr>154</ns3:hr>
            <ns3:cad>84</ns3:cad>
          </ns3:TrackPointExtension>
        </extensions>
      </trkpt>
      <trkpt lat="55.6323078833520412445068359375" lon="37.32139575295150279998779296875">
        <ele>193</ele>
        <time>2026-09-26T06:28:47.000Z</time>
        <extensions>
          <ns3:TrackPointExtension>
            <ns3:hr>154</ns3:hr>
            <ns3:cad>84</ns3:cad>
          </ns3:TrackPointExtension>
        </extensions>
      </trkpt>
      <trkpt lat="55.63231215812265872955322265625" lon="37.32135719619691371917724609375">
        <ele>192.8000030517578125</ele>
        <time>2026-09-26T06:28:48.000Z</time>
        <extensions>
          <ns3:TrackPointExtension>
            <ns3:hr>154</ns3:hr>
            <ns3:cad>85</ns3:cad>
          </ns3:TrackPointExtension>
        </extensions>
      </trkpt>
      <trkpt lat="55.632319785654544830322265625" lon="37.321324087679386138916015625">
        <ele>192.600006103515625</ele>
        <time>2026-09-26T06:28:49.000Z</time>
        <extensions>
          <ns3:TrackPointExtension>
            <ns3:hr>154</ns3:hr>
            <ns3:cad>85</ns3:cad>
          </ns3:TrackPointExtension>
        </extensions>
      </trkpt>
      <trkpt lat="55.63232724554836750030517578125" lon="37.321287877857685089111328125">
        <ele>192.399993896484375</ele>
        <time>2026-09-26T06:28:50.000Z</time>
        <extensions>
          <ns3:TrackPointExtension>
            <ns3:hr>154</ns3:hr>
            <ns3:cad>85</ns3:cad>
          </ns3:TrackPointExtension>
        </extensions>
      </trkpt>
      <trkpt lat="55.6323350407183170318603515625" lon="37.32124906964600086212158203125">
        <ele>192</ele>
        <time>2026-09-26T06:28:51.000Z</time>
        <extensions>
          <ns3:TrackPointExtension>
            <ns3:hr>154</ns3:hr>
            <ns3:cad>85</ns3:cad>
          </ns3:TrackPointExtension>
        </extensions>
      </trkpt>
      <trkpt lat="55.63234300352632999420166015625" lon="37.32121051289141178131103515625">
        <ele>191.8000030517578125</ele>
        <time>2026-09-26T06:28:52.000Z</time>
        <extensions>
          <ns3:TrackPointExtension>
            <ns3:hr>154</ns3:hr>
            <ns3:cad>85</ns3:cad>
          </ns3:TrackPointExtension>
        </extensions>
      </trkpt>
      <trkpt lat="55.63234954141080379486083984375" lon="37.321166507899761199951171875">
        <ele>191.399993896484375</ele>
        <time>2026-09-26T06:28:53.000Z</time>
        <extensions>
          <ns3:TrackPointExtension>
            <ns3:hr>154</ns3:hr>
            <ns3:cad>85</ns3:cad>
          </ns3:TrackPointExtension>
        </extensions>
      </trkpt>
      <trkpt lat="55.63235423527657985687255859375" lon="37.3211274482309818267822265625">
        <ele>191.1999969482421875</ele>
        <time>2026-09-26T06:28:54.000Z</time>
        <extensions>
          <ns3:TrackPointExtension>
            <ns3:hr>154</ns3:hr>
            <ns3:cad>86</ns3:cad>
          </ns3:TrackPointExtension>
        </extensions>
      </trkpt>
      <trkpt lat="55.63235976733267307281494140625" lon="37.321090400218963623046875">
        <ele>191.1999969482421875</ele>
        <time>2026-09-26T06:28:55.000Z</time>
        <extensions>
          <ns3:TrackPointExtension>
            <ns3:hr>155</ns3:hr>
            <ns3:cad>86</ns3:cad>
          </ns3:TrackPointExtension>
        </extensions>
      </trkpt>
      <trkpt lat="55.6323628686368465423583984375" lon="37.32105377130210399627685546875">
        <ele>191.1999969482421875</ele>
        <time>2026-09-26T06:28:56.000Z</time>
        <extensions>
          <ns3:TrackPointExtension>
            <ns3:hr>155</ns3:hr>
            <ns3:cad>85</ns3:cad>
          </ns3:TrackPointExtension>
        </extensions>
      </trkpt>
      <trkpt lat="55.63236479647457599639892578125" lon="37.32101554982364177703857421875">
        <ele>191</ele>
        <time>2026-09-26T06:28:57.000Z</time>
        <extensions>
          <ns3:TrackPointExtension>
            <ns3:hr>155</ns3:hr>
            <ns3:cad>85</ns3:cad>
          </ns3:TrackPointExtension>
        </extensions>
      </trkpt>
      <trkpt lat="55.63236898742616176605224609375" lon="37.3209769092500209808349609375">
        <ele>190.8000030517578125</ele>
        <time>2026-09-26T06:28:58.000Z</time>
        <extensions>
          <ns3:TrackPointExtension>
            <ns3:hr>154</ns3:hr>
            <ns3:cad>86</ns3:cad>
          </ns3:TrackPointExtension>
        </extensions>
      </trkpt>
      <trkpt lat="55.63236999325454235076904296875" lon="37.32093810103833675384521484375">
        <ele>190.600006103515625</ele>
        <time>2026-09-26T06:28:59.000Z</time>
        <extensions>
          <ns3:TrackPointExtension>
            <ns3:hr>154</ns3:hr>
            <ns3:cad>86</ns3:cad>
          </ns3:TrackPointExtension>
        </extensions>
      </trkpt>
      <trkpt lat="55.63237049616873264312744140625" lon="37.32089770026504993438720703125">
        <ele>190.399993896484375</ele>
        <time>2026-09-26T06:29:00.000Z</time>
        <extensions>
          <ns3:TrackPointExtension>
            <ns3:hr>154</ns3:hr>
            <ns3:cad>86</ns3:cad>
          </ns3:TrackPointExtension>
        </extensions>
      </trkpt>
      <trkpt lat="55.63237166963517665863037109375" lon="37.32085729949176311492919921875">
        <ele>190.399993896484375</ele>
        <time>2026-09-26T06:29:01.000Z</time>
        <extensions>
          <ns3:TrackPointExtension>
            <ns3:hr>153</ns3:hr>
            <ns3:cad>86</ns3:cad>
          </ns3:TrackPointExtension>
        </extensions>
      </trkpt>
      <trkpt lat="55.63236965797841548919677734375" lon="37.320813126862049102783203125">
        <ele>190.399993896484375</ele>
        <time>2026-09-26T06:29:02.000Z</time>
        <extensions>
          <ns3:TrackPointExtension>
            <ns3:hr>153</ns3:hr>
            <ns3:cad>86</ns3:cad>
          </ns3:TrackPointExtension>
        </extensions>
      </trkpt>
      <trkpt lat="55.632366724312305450439453125" lon="37.3207700438797473907470703125">
        <ele>190.399993896484375</ele>
        <time>2026-09-26T06:29:03.000Z</time>
        <extensions>
          <ns3:TrackPointExtension>
            <ns3:hr>152</ns3:hr>
            <ns3:cad>86</ns3:cad>
          </ns3:TrackPointExtension>
        </extensions>
      </trkpt>
      <trkpt lat="55.632364042103290557861328125" lon="37.3207267932593822479248046875">
        <ele>190.1999969482421875</ele>
        <time>2026-09-26T06:29:04.000Z</time>
        <extensions>
          <ns3:TrackPointExtension>
            <ns3:hr>152</ns3:hr>
            <ns3:cad>86</ns3:cad>
          </ns3:TrackPointExtension>
        </extensions>
      </trkpt>
      <trkpt lat="55.632358677685260772705078125" lon="37.320686392486095428466796875">
        <ele>190.1999969482421875</ele>
        <time>2026-09-26T06:29:05.000Z</time>
        <extensions>
          <ns3:TrackPointExtension>
            <ns3:hr>151</ns3:hr>
            <ns3:cad>86</ns3:cad>
          </ns3:TrackPointExtension>
        </extensions>
      </trkpt>
      <trkpt lat="55.63235272653400897979736328125" lon="37.32064859010279178619384765625">
        <ele>190.1999969482421875</ele>
        <time>2026-09-26T06:29:06.000Z</time>
        <extensions>
          <ns3:TrackPointExtension>
            <ns3:hr>151</ns3:hr>
            <ns3:cad>86</ns3:cad>
          </ns3:TrackPointExtension>
        </extensions>
      </trkpt>
      <trkpt lat="55.6323440931737422943115234375" lon="37.32061221264302730560302734375">
        <ele>190.1999969482421875</ele>
        <time>2026-09-26T06:29:07.000Z</time>
        <extensions>
          <ns3:TrackPointExtension>
            <ns3:hr>151</ns3:hr>
            <ns3:cad>86</ns3:cad>
          </ns3:TrackPointExtension>
        </extensions>
      </trkpt>
      <trkpt lat="55.63234023749828338623046875" lon="37.320576421916484832763671875">
        <ele>190.1999969482421875</ele>
        <time>2026-09-26T06:29:08.000Z</time>
        <extensions>
          <ns3:TrackPointExtension>
            <ns3:hr>151</ns3:hr>
            <ns3:cad>86</ns3:cad>
          </ns3:TrackPointExtension>
        </extensions>
      </trkpt>
      <trkpt lat="55.6323427520692348480224609375" lon="37.3205376975238323211669921875">
        <ele>190</ele>
        <time>2026-09-26T06:29:09.000Z</time>
        <extensions>
          <ns3:TrackPointExtension>
            <ns3:hr>150</ns3:hr>
            <ns3:cad>86</ns3:cad>
          </ns3:TrackPointExtension>
        </extensions>
      </trkpt>
      <trkpt lat="55.63234694302082061767578125" lon="37.3205018229782581329345703125">
        <ele>190</ele>
        <time>2026-09-26T06:29:10.000Z</time>
        <extensions>
          <ns3:TrackPointExtension>
            <ns3:hr>150</ns3:hr>
            <ns3:cad>86</ns3:cad>
          </ns3:TrackPointExtension>
        </extensions>
      </trkpt>
      <trkpt lat="55.6323516368865966796875" lon="37.32046536169946193695068359375">
        <ele>190</ele>
        <time>2026-09-26T06:29:11.000Z</time>
        <extensions>
          <ns3:TrackPointExtension>
            <ns3:hr>150</ns3:hr>
            <ns3:cad>86</ns3:cad>
          </ns3:TrackPointExtension>
        </extensions>
      </trkpt>
      <trkpt lat="55.63236043788492679595947265625" lon="37.320426888763904571533203125">
        <ele>190</ele>
        <time>2026-09-26T06:29:12.000Z</time>
        <extensions>
          <ns3:TrackPointExtension>
            <ns3:hr>148</ns3:hr>
            <ns3:cad>86</ns3:cad>
          </ns3:TrackPointExtension>
        </extensions>
      </trkpt>
      <trkpt lat="55.632374100387096405029296875" lon="37.3203911818563938140869140625">
        <ele>189.8000030517578125</ele>
        <time>2026-09-26T06:29:13.000Z</time>
        <extensions>
          <ns3:TrackPointExtension>
            <ns3:hr>147</ns3:hr>
            <ns3:cad>86</ns3:cad>
          </ns3:TrackPointExtension>
        </extensions>
      </trkpt>
      <trkpt lat="55.6323958933353424072265625" lon="37.32035706751048564910888671875">
        <ele>189.600006103515625</ele>
        <time>2026-09-26T06:29:14.000Z</time>
        <extensions>
          <ns3:TrackPointExtension>
            <ns3:hr>146</ns3:hr>
            <ns3:cad>85</ns3:cad>
          </ns3:TrackPointExtension>
        </extensions>
      </trkpt>
      <trkpt lat="55.63241399824619293212890625" lon="37.32032521627843379974365234375">
        <ele>189.600006103515625</ele>
        <time>2026-09-26T06:29:15.000Z</time>
        <extensions>
          <ns3:TrackPointExtension>
            <ns3:hr>146</ns3:hr>
            <ns3:cad>85</ns3:cad>
          </ns3:TrackPointExtension>
        </extensions>
      </trkpt>
      <trkpt lat="55.63242682255804538726806640625" lon="37.32028313912451267242431640625">
        <ele>189.600006103515625</ele>
        <time>2026-09-26T06:29:16.000Z</time>
        <extensions>
          <ns3:TrackPointExtension>
            <ns3:hr>146</ns3:hr>
            <ns3:cad>85</ns3:cad>
          </ns3:TrackPointExtension>
        </extensions>
      </trkpt>
      <trkpt lat="55.632434785366058349609375" lon="37.32023854739964008331298828125">
        <ele>189.600006103515625</ele>
        <time>2026-09-26T06:29:17.000Z</time>
        <extensions>
          <ns3:TrackPointExtension>
            <ns3:hr>147</ns3:hr>
            <ns3:cad>86</ns3:cad>
          </ns3:TrackPointExtension>
        </extensions>
      </trkpt>
      <trkpt lat="55.632438473403453826904296875" lon="37.3201943747699260711669921875">
        <ele>189.8000030517578125</ele>
        <time>2026-09-26T06:29:18.000Z</time>
        <extensions>
          <ns3:TrackPointExtension>
            <ns3:hr>147</ns3:hr>
            <ns3:cad>86</ns3:cad>
          </ns3:TrackPointExtension>
        </extensions>
      </trkpt>
      <trkpt lat="55.6324419938027858734130859375" lon="37.3201487772166728973388671875">
        <ele>190</ele>
        <time>2026-09-26T06:29:19.000Z</time>
        <extensions>
          <ns3:TrackPointExtension>
            <ns3:hr>147</ns3:hr>
            <ns3:cad>86</ns3:cad>
          </ns3:TrackPointExtension>
        </extensions>
      </trkpt>
      <trkpt lat="55.63244643621146678924560546875" lon="37.32010493986308574676513671875">
        <ele>190</ele>
        <time>2026-09-26T06:29:20.000Z</time>
        <extensions>
          <ns3:TrackPointExtension>
            <ns3:hr>147</ns3:hr>
            <ns3:cad>86</ns3:cad>
          </ns3:TrackPointExtension>
        </extensions>
      </trkpt>
      <trkpt lat="55.6324533931910991668701171875" lon="37.32006168924272060394287109375">
        <ele>190</ele>
        <time>2026-09-26T06:29:21.000Z</time>
        <extensions>
          <ns3:TrackPointExtension>
            <ns3:hr>147</ns3:hr>
            <ns3:cad>87</ns3:cad>
          </ns3:TrackPointExtension>
        </extensions>
      </trkpt>
      <trkpt lat="55.63246068544685840606689453125" lon="37.32001290656626224517822265625">
        <ele>189.8000030517578125</ele>
        <time>2026-09-26T06:29:22.000Z</time>
        <extensions>
          <ns3:TrackPointExtension>
            <ns3:hr>147</ns3:hr>
            <ns3:cad>87</ns3:cad>
          </ns3:TrackPointExtension>
        </extensions>
      </trkpt>
      <trkpt lat="55.63246856443583965301513671875" lon="37.3199600167572498321533203125">
        <ele>189.8000030517578125</ele>
        <time>2026-09-26T06:29:23.000Z</time>
        <extensions>
          <ns3:TrackPointExtension>
            <ns3:hr>148</ns3:hr>
            <ns3:cad>87</ns3:cad>
          </ns3:TrackPointExtension>
        </extensions>
      </trkpt>
      <trkpt lat="55.6324725039303302764892578125" lon="37.31991198845207691192626953125">
        <ele>189.600006103515625</ele>
        <time>2026-09-26T06:29:24.000Z</time>
        <extensions>
          <ns3:TrackPointExtension>
            <ns3:hr>148</ns3:hr>
            <ns3:cad>87</ns3:cad>
          </ns3:TrackPointExtension>
        </extensions>
      </trkpt>
      <trkpt lat="55.632477365434169769287109375" lon="37.319858260452747344970703125">
        <ele>189.600006103515625</ele>
        <time>2026-09-26T06:29:25.000Z</time>
        <extensions>
          <ns3:TrackPointExtension>
            <ns3:hr>147</ns3:hr>
            <ns3:cad>87</ns3:cad>
          </ns3:TrackPointExtension>
        </extensions>
      </trkpt>
      <trkpt lat="55.6324795447289943695068359375" lon="37.319811321794986724853515625">
        <ele>189.600006103515625</ele>
        <time>2026-09-26T06:29:26.000Z</time>
        <extensions>
          <ns3:TrackPointExtension>
            <ns3:hr>147</ns3:hr>
            <ns3:cad>87</ns3:cad>
          </ns3:TrackPointExtension>
        </extensions>
      </trkpt>
      <trkpt lat="55.6324808858335018157958984375" lon="37.31975826434791088104248046875">
        <ele>189.600006103515625</ele>
        <time>2026-09-26T06:29:27.000Z</time>
        <extensions>
          <ns3:TrackPointExtension>
            <ns3:hr>147</ns3:hr>
            <ns3:cad>87</ns3:cad>
          </ns3:TrackPointExtension>
        </extensions>
      </trkpt>
      <trkpt lat="55.63248214311897754669189453125" lon="37.31970881111919879913330078125">
        <ele>189.600006103515625</ele>
        <time>2026-09-26T06:29:28.000Z</time>
        <extensions>
          <ns3:TrackPointExtension>
            <ns3:hr>147</ns3:hr>
            <ns3:cad>87</ns3:cad>
          </ns3:TrackPointExtension>
        </extensions>
      </trkpt>
      <trkpt lat="55.63248532824218273162841796875" lon="37.3196619562804698944091796875">
        <ele>189.600006103515625</ele>
        <time>2026-09-26T06:29:29.000Z</time>
        <extensions>
          <ns3:TrackPointExtension>
            <ns3:hr>147</ns3:hr>
            <ns3:cad>86</ns3:cad>
          </ns3:TrackPointExtension>
        </extensions>
      </trkpt>
      <trkpt lat="55.63248851336538791656494140625" lon="37.3196140117943286895751953125">
        <ele>189.600006103515625</ele>
        <time>2026-09-26T06:29:30.000Z</time>
        <extensions>
          <ns3:TrackPointExtension>
            <ns3:hr>147</ns3:hr>
            <ns3:cad>86</ns3:cad>
          </ns3:TrackPointExtension>
        </extensions>
      </trkpt>
      <trkpt lat="55.6324897706508636474609375" lon="37.3195667378604412078857421875">
        <ele>189.399993896484375</ele>
        <time>2026-09-26T06:29:31.000Z</time>
        <extensions>
          <ns3:TrackPointExtension>
            <ns3:hr>146</ns3:hr>
            <ns3:cad>87</ns3:cad>
          </ns3:TrackPointExtension>
        </extensions>
      </trkpt>
      <trkpt lat="55.632494129240512847900390625" lon="37.319524995982646942138671875">
        <ele>189.1999969482421875</ele>
        <time>2026-09-26T06:29:32.000Z</time>
        <extensions>
          <ns3:TrackPointExtension>
            <ns3:hr>146</ns3:hr>
            <ns3:cad>87</ns3:cad>
          </ns3:TrackPointExtension>
        </extensions>
      </trkpt>
      <trkpt lat="55.63249555416405200958251953125" lon="37.3194862715899944305419921875">
        <ele>189</ele>
        <time>2026-09-26T06:29:33.000Z</time>
        <extensions>
          <ns3:TrackPointExtension>
            <ns3:hr>147</ns3:hr>
            <ns3:cad>86</ns3:cad>
          </ns3:TrackPointExtension>
        </extensions>
      </trkpt>
      <trkpt lat="55.63249924220144748687744140625" lon="37.31944017112255096435546875">
        <ele>188.8000030517578125</ele>
        <time>2026-09-26T06:29:34.000Z</time>
        <extensions>
          <ns3:TrackPointExtension>
            <ns3:hr>147</ns3:hr>
            <ns3:cad>86</ns3:cad>
          </ns3:TrackPointExtension>
        </extensions>
      </trkpt>
      <trkpt lat="55.63250251114368438720703125" lon="37.31939901597797870635986328125">
        <ele>188.600006103515625</ele>
        <time>2026-09-26T06:29:35.000Z</time>
        <extensions>
          <ns3:TrackPointExtension>
            <ns3:hr>147</ns3:hr>
            <ns3:cad>86</ns3:cad>
          </ns3:TrackPointExtension>
        </extensions>
      </trkpt>
      <trkpt lat="55.6325058639049530029296875" lon="37.31935475952923297882080078125">
        <ele>188.600006103515625</ele>
        <time>2026-09-26T06:29:36.000Z</time>
        <extensions>
          <ns3:TrackPointExtension>
            <ns3:hr>148</ns3:hr>
            <ns3:cad>87</ns3:cad>
          </ns3:TrackPointExtension>
        </extensions>
      </trkpt>
      <trkpt lat="55.63250762410461902618408203125" lon="37.3193107545375823974609375">
        <ele>188.600006103515625</ele>
        <time>2026-09-26T06:29:37.000Z</time>
        <extensions>
          <ns3:TrackPointExtension>
            <ns3:hr>148</ns3:hr>
            <ns3:cad>87</ns3:cad>
          </ns3:TrackPointExtension>
        </extensions>
      </trkpt>
      <trkpt lat="55.63250980339944362640380859375" lon="37.31926842592656612396240234375">
        <ele>188.399993896484375</ele>
        <time>2026-09-26T06:29:38.000Z</time>
        <extensions>
          <ns3:TrackPointExtension>
            <ns3:hr>148</ns3:hr>
            <ns3:cad>86</ns3:cad>
          </ns3:TrackPointExtension>
        </extensions>
      </trkpt>
      <trkpt lat="55.63251282088458538055419921875" lon="37.31922249309718608856201171875">
        <ele>188.399993896484375</ele>
        <time>2026-09-26T06:29:39.000Z</time>
        <extensions>
          <ns3:TrackPointExtension>
            <ns3:hr>148</ns3:hr>
            <ns3:cad>86</ns3:cad>
          </ns3:TrackPointExtension>
        </extensions>
      </trkpt>
      <trkpt lat="55.63251466490328311920166015625" lon="37.31918008066713809967041015625">
        <ele>188.399993896484375</ele>
        <time>2026-09-26T06:29:40.000Z</time>
        <extensions>
          <ns3:TrackPointExtension>
            <ns3:hr>148</ns3:hr>
            <ns3:cad>86</ns3:cad>
          </ns3:TrackPointExtension>
        </extensions>
      </trkpt>
      <trkpt lat="55.6325157545506954193115234375" lon="37.31913129799067974090576171875">
        <ele>188.399993896484375</ele>
        <time>2026-09-26T06:29:41.000Z</time>
        <extensions>
          <ns3:TrackPointExtension>
            <ns3:hr>148</ns3:hr>
            <ns3:cad>86</ns3:cad>
          </ns3:TrackPointExtension>
        </extensions>
      </trkpt>
      <trkpt lat="55.63251600600779056549072265625" lon="37.3190906457602977752685546875">
        <ele>188.399993896484375</ele>
        <time>2026-09-26T06:29:42.000Z</time>
        <extensions>
          <ns3:TrackPointExtension>
            <ns3:hr>148</ns3:hr>
            <ns3:cad>86</ns3:cad>
          </ns3:TrackPointExtension>
        </extensions>
      </trkpt>
      <trkpt lat="55.63251634128391742706298828125" lon="37.31904630549252033233642578125">
        <ele>188.399993896484375</ele>
        <time>2026-09-26T06:29:43.000Z</time>
        <extensions>
          <ns3:TrackPointExtension>
            <ns3:hr>148</ns3:hr>
            <ns3:cad>86</ns3:cad>
          </ns3:TrackPointExtension>
        </extensions>
      </trkpt>
      <trkpt lat="55.6325194425880908966064453125" lon="37.31900355778634548187255859375">
        <ele>188.399993896484375</ele>
        <time>2026-09-26T06:29:44.000Z</time>
        <extensions>
          <ns3:TrackPointExtension>
            <ns3:hr>148</ns3:hr>
            <ns3:cad>86</ns3:cad>
          </ns3:TrackPointExtension>
        </extensions>
      </trkpt>
      <trkpt lat="55.63251969404518604278564453125" lon="37.31895779259502887725830078125">
        <ele>188.399993896484375</ele>
        <time>2026-09-26T06:29:45.000Z</time>
        <extensions>
          <ns3:TrackPointExtension>
            <ns3:hr>149</ns3:hr>
            <ns3:cad>85</ns3:cad>
          </ns3:TrackPointExtension>
        </extensions>
      </trkpt>
      <trkpt lat="55.63251986168324947357177734375" lon="37.31891018338501453399658203125">
        <ele>188.399993896484375</ele>
        <time>2026-09-26T06:29:46.000Z</time>
        <extensions>
          <ns3:TrackPointExtension>
            <ns3:hr>149</ns3:hr>
            <ns3:cad>85</ns3:cad>
          </ns3:TrackPointExtension>
        </extensions>
      </trkpt>
      <trkpt lat="55.63251592218875885009765625" lon="37.31886684894561767578125">
        <ele>188.399993896484375</ele>
        <time>2026-09-26T06:29:47.000Z</time>
        <extensions>
          <ns3:TrackPointExtension>
            <ns3:hr>149</ns3:hr>
            <ns3:cad>86</ns3:cad>
          </ns3:TrackPointExtension>
        </extensions>
      </trkpt>
      <trkpt lat="55.63250477425754070281982421875" lon="37.31882921420037746429443359375">
        <ele>188.600006103515625</ele>
        <time>2026-09-26T06:29:48.000Z</time>
        <extensions>
          <ns3:TrackPointExtension>
            <ns3:hr>149</ns3:hr>
            <ns3:cad>86</ns3:cad>
          </ns3:TrackPointExtension>
        </extensions>
      </trkpt>
      <trkpt lat="55.632490776479244232177734375" lon="37.3187959380447864532470703125">
        <ele>188.600006103515625</ele>
        <time>2026-09-26T06:29:49.000Z</time>
        <extensions>
          <ns3:TrackPointExtension>
            <ns3:hr>149</ns3:hr>
            <ns3:cad>86</ns3:cad>
          </ns3:TrackPointExtension>
        </extensions>
      </trkpt>
      <trkpt lat="55.6324775330722332000732421875" lon="37.3187582194805145263671875">
        <ele>188.8000030517578125</ele>
        <time>2026-09-26T06:29:50.000Z</time>
        <extensions>
          <ns3:TrackPointExtension>
            <ns3:hr>148</ns3:hr>
            <ns3:cad>85</ns3:cad>
          </ns3:TrackPointExtension>
        </extensions>
      </trkpt>
      <trkpt lat="55.63247091136872768402099609375" lon="37.31871572323143482208251953125">
        <ele>189</ele>
        <time>2026-09-26T06:29:51.000Z</time>
        <extensions>
          <ns3:TrackPointExtension>
            <ns3:hr>149</ns3:hr>
            <ns3:cad>85</ns3:cad>
          </ns3:TrackPointExtension>
        </extensions>
      </trkpt>
      <trkpt lat="55.63247174955904483795166015625" lon="37.31866911984980106353759765625">
        <ele>189</ele>
        <time>2026-09-26T06:29:52.000Z</time>
        <extensions>
          <ns3:TrackPointExtension>
            <ns3:hr>149</ns3:hr>
            <ns3:cad>85</ns3:cad>
          </ns3:TrackPointExtension>
        </extensions>
      </trkpt>
      <trkpt lat="55.632474683225154876708984375" lon="37.3186212591826915740966796875">
        <ele>188.8000030517578125</ele>
        <time>2026-09-26T06:29:53.000Z</time>
        <extensions>
          <ns3:TrackPointExtension>
            <ns3:hr>149</ns3:hr>
            <ns3:cad>86</ns3:cad>
          </ns3:TrackPointExtension>
        </extensions>
      </trkpt>
      <trkpt lat="55.6324755214154720306396484375" lon="37.31857381761074066162109375">
        <ele>188.8000030517578125</ele>
        <time>2026-09-26T06:29:54.000Z</time>
        <extensions>
          <ns3:TrackPointExtension>
            <ns3:hr>149</ns3:hr>
            <ns3:cad>86</ns3:cad>
          </ns3:TrackPointExtension>
        </extensions>
      </trkpt>
      <trkpt lat="55.632478035986423492431640625" lon="37.3185236938297748565673828125">
        <ele>188.8000030517578125</ele>
        <time>2026-09-26T06:29:55.000Z</time>
        <extensions>
          <ns3:TrackPointExtension>
            <ns3:hr>149</ns3:hr>
            <ns3:cad>86</ns3:cad>
          </ns3:TrackPointExtension>
        </extensions>
      </trkpt>
      <trkpt lat="55.6324803829193115234375" lon="37.318478934466838836669921875">
        <ele>188.8000030517578125</ele>
        <time>2026-09-26T06:29:56.000Z</time>
        <extensions>
          <ns3:TrackPointExtension>
            <ns3:hr>149</ns3:hr>
            <ns3:cad>86</ns3:cad>
          </ns3:TrackPointExtension>
        </extensions>
      </trkpt>
      <trkpt lat="55.632480047643184661865234375" lon="37.31843895278871059417724609375">
        <ele>188.8000030517578125</ele>
        <time>2026-09-26T06:29:57.000Z</time>
        <extensions>
          <ns3:TrackPointExtension>
            <ns3:hr>149</ns3:hr>
            <ns3:cad>87</ns3:cad>
          </ns3:TrackPointExtension>
        </extensions>
      </trkpt>
      <trkpt lat="55.6324698217213153839111328125" lon="37.31840425170958042144775390625">
        <ele>189</ele>
        <time>2026-09-26T06:29:58.000Z</time>
        <extensions>
          <ns3:TrackPointExtension>
            <ns3:hr>150</ns3:hr>
            <ns3:cad>87</ns3:cad>
          </ns3:TrackPointExtension>
        </extensions>
      </trkpt>
      <trkpt lat="55.63245045952498912811279296875" lon="37.31836971826851367950439453125">
        <ele>189.1999969482421875</ele>
        <time>2026-09-26T06:29:59.000Z</time>
        <extensions>
          <ns3:TrackPointExtension>
            <ns3:hr>150</ns3:hr>
            <ns3:cad>86</ns3:cad>
          </ns3:TrackPointExtension>
        </extensions>
      </trkpt>
      <trkpt lat="55.6324319355189800262451171875" lon="37.31834541074931621551513671875">
        <ele>189.600006103515625</ele>
        <time>2026-09-26T06:30:00.000Z</time>
        <extensions>
          <ns3:TrackPointExtension>
            <ns3:hr>150</ns3:hr>
            <ns3:cad>86</ns3:cad>
          </ns3:TrackPointExtension>
        </extensions>
      </trkpt>
      <trkpt lat="55.6324114836752414703369140625" lon="37.3183121345937252044677734375">
        <ele>189.8000030517578125</ele>
        <time>2026-09-26T06:30:01.000Z</time>
        <extensions>
          <ns3:TrackPointExtension>
            <ns3:hr>150</ns3:hr>
            <ns3:cad>86</ns3:cad>
          </ns3:TrackPointExtension>
        </extensions>
      </trkpt>
      <trkpt lat="55.632391870021820068359375" lon="37.3182822950184345245361328125">
        <ele>190</ele>
        <time>2026-09-26T06:30:02.000Z</time>
        <extensions>
          <ns3:TrackPointExtension>
            <ns3:hr>150</ns3:hr>
            <ns3:cad>86</ns3:cad>
          </ns3:TrackPointExtension>
        </extensions>
      </trkpt>
      <trkpt lat="55.6323742680251598358154296875" lon="37.31825471855700016021728515625">
        <ele>190.399993896484375</ele>
        <time>2026-09-26T06:30:03.000Z</time>
        <extensions>
          <ns3:TrackPointExtension>
            <ns3:hr>151</ns3:hr>
            <ns3:cad>86</ns3:cad>
          </ns3:TrackPointExtension>
        </extensions>
      </trkpt>
      <trkpt lat="55.63235758803784847259521484375" lon="37.3182229511439800262451171875">
        <ele>190.600006103515625</ele>
        <time>2026-09-26T06:30:04.000Z</time>
        <extensions>
          <ns3:TrackPointExtension>
            <ns3:hr>151</ns3:hr>
            <ns3:cad>85</ns3:cad>
          </ns3:TrackPointExtension>
        </extensions>
      </trkpt>
      <trkpt lat="55.63234384171664714813232421875" lon="37.3181900940835475921630859375">
        <ele>190.8000030517578125</ele>
        <time>2026-09-26T06:30:05.000Z</time>
        <extensions>
          <ns3:TrackPointExtension>
            <ns3:hr>151</ns3:hr>
            <ns3:cad>85</ns3:cad>
          </ns3:TrackPointExtension>
        </extensions>
      </trkpt>
      <trkpt lat="55.6323288381099700927734375" lon="37.31815631501376628875732421875">
        <ele>191</ele>
        <time>2026-09-26T06:30:06.000Z</time>
        <extensions>
          <ns3:TrackPointExtension>
            <ns3:hr>151</ns3:hr>
            <ns3:cad>85</ns3:cad>
          </ns3:TrackPointExtension>
        </extensions>
      </trkpt>
      <trkpt lat="55.6323119066655635833740234375" lon="37.31812530197203159332275390625">
        <ele>191.1999969482421875</ele>
        <time>2026-09-26T06:30:07.000Z</time>
        <extensions>
          <ns3:TrackPointExtension>
            <ns3:hr>151</ns3:hr>
            <ns3:cad>85</ns3:cad>
          </ns3:TrackPointExtension>
        </extensions>
      </trkpt>
      <trkpt lat="55.632293634116649627685546875" lon="37.318091355264186859130859375">
        <ele>191.600006103515625</ele>
        <time>2026-09-26T06:30:08.000Z</time>
        <extensions>
          <ns3:TrackPointExtension>
            <ns3:hr>151</ns3:hr>
            <ns3:cad>85</ns3:cad>
          </ns3:TrackPointExtension>
        </extensions>
      </trkpt>
      <trkpt lat="55.63227863050997257232666015625" lon="37.31805606745183467864990234375">
        <ele>191.8000030517578125</ele>
        <time>2026-09-26T06:30:09.000Z</time>
        <extensions>
          <ns3:TrackPointExtension>
            <ns3:hr>151</ns3:hr>
            <ns3:cad>86</ns3:cad>
          </ns3:TrackPointExtension>
        </extensions>
      </trkpt>
      <trkpt lat="55.6322622857987880706787109375" lon="37.31802136637270450592041015625">
        <ele>192</ele>
        <time>2026-09-26T06:30:10.000Z</time>
        <extensions>
          <ns3:TrackPointExtension>
            <ns3:hr>151</ns3:hr>
            <ns3:cad>86</ns3:cad>
          </ns3:TrackPointExtension>
        </extensions>
      </trkpt>
      <trkpt lat="55.63224342651665210723876953125" lon="37.317984737455844879150390625">
        <ele>192.1999969482421875</ele>
        <time>2026-09-26T06:30:11.000Z</time>
        <extensions>
          <ns3:TrackPointExtension>
            <ns3:hr>151</ns3:hr>
            <ns3:cad>86</ns3:cad>
          </ns3:TrackPointExtension>
        </extensions>
      </trkpt>
      <trkpt lat="55.63222222030162811279296875" lon="37.3179495334625244140625">
        <ele>192.600006103515625</ele>
        <time>2026-09-26T06:30:12.000Z</time>
        <extensions>
          <ns3:TrackPointExtension>
            <ns3:hr>151</ns3:hr>
            <ns3:cad>86</ns3:cad>
          </ns3:TrackPointExtension>
        </extensions>
      </trkpt>
      <trkpt lat="55.63220285810530185699462890625" lon="37.3179118148982524871826171875">
        <ele>192.8000030517578125</ele>
        <time>2026-09-26T06:30:13.000Z</time>
        <extensions>
          <ns3:TrackPointExtension>
            <ns3:hr>152</ns3:hr>
            <ns3:cad>86</ns3:cad>
          </ns3:TrackPointExtension>
        </extensions>
      </trkpt>
      <trkpt lat="55.632189027965068817138671875" lon="37.31787686236202716827392578125">
        <ele>193</ele>
        <time>2026-09-26T06:30:14.000Z</time>
        <extensions>
          <ns3:TrackPointExtension>
            <ns3:hr>152</ns3:hr>
            <ns3:cad>86</ns3:cad>
          </ns3:TrackPointExtension>
        </extensions>
      </trkpt>
      <trkpt lat="55.632180310785770416259765625" lon="37.317837886512279510498046875">
        <ele>193.1999969482421875</ele>
        <time>2026-09-26T06:30:15.000Z</time>
        <extensions>
          <ns3:TrackPointExtension>
            <ns3:hr>153</ns3:hr>
            <ns3:cad>86</ns3:cad>
          </ns3:TrackPointExtension>
        </extensions>
      </trkpt>
      <trkpt lat="55.63217922113835811614990234375" lon="37.3177988268435001373291015625">
        <ele>193.1999969482421875</ele>
        <time>2026-09-26T06:30:16.000Z</time>
        <extensions>
          <ns3:TrackPointExtension>
            <ns3:hr>154</ns3:hr>
            <ns3:cad>86</ns3:cad>
          </ns3:TrackPointExtension>
        </extensions>
      </trkpt>
      <trkpt lat="55.6321824900805950164794921875" lon="37.3177636228501796722412109375">
        <ele>193.1999969482421875</ele>
        <time>2026-09-26T06:30:17.000Z</time>
        <extensions>
          <ns3:TrackPointExtension>
            <ns3:hr>154</ns3:hr>
            <ns3:cad>86</ns3:cad>
          </ns3:TrackPointExtension>
        </extensions>
      </trkpt>
      <trkpt lat="55.632193051278591156005859375" lon="37.31772263534367084503173828125">
        <ele>193</ele>
        <time>2026-09-26T06:30:18.000Z</time>
        <extensions>
          <ns3:TrackPointExtension>
            <ns3:hr>155</ns3:hr>
            <ns3:cad>86</ns3:cad>
          </ns3:TrackPointExtension>
        </extensions>
      </trkpt>
      <trkpt lat="55.63220537267625331878662109375" lon="37.31768491677939891815185546875">
        <ele>192.8000030517578125</ele>
        <time>2026-09-26T06:30:19.000Z</time>
        <extensions>
          <ns3:TrackPointExtension>
            <ns3:hr>155</ns3:hr>
            <ns3:cad>86</ns3:cad>
          </ns3:TrackPointExtension>
        </extensions>
      </trkpt>
      <trkpt lat="55.632215179502964019775390625" lon="37.31764703057706356048583984375">
        <ele>192.600006103515625</ele>
        <time>2026-09-26T06:30:20.000Z</time>
        <extensions>
          <ns3:TrackPointExtension>
            <ns3:hr>155</ns3:hr>
            <ns3:cad>85</ns3:cad>
          </ns3:TrackPointExtension>
        </extensions>
      </trkpt>
      <trkpt lat="55.63222087919712066650390625" lon="37.31760688126087188720703125">
        <ele>192.600006103515625</ele>
        <time>2026-09-26T06:30:21.000Z</time>
        <extensions>
          <ns3:TrackPointExtension>
            <ns3:hr>155</ns3:hr>
            <ns3:cad>85</ns3:cad>
          </ns3:TrackPointExtension>
        </extensions>
      </trkpt>
      <trkpt lat="55.6322243995964527130126953125" lon="37.31756237335503101348876953125">
        <ele>192.399993896484375</ele>
        <time>2026-09-26T06:30:22.000Z</time>
        <extensions>
          <ns3:TrackPointExtension>
            <ns3:hr>155</ns3:hr>
            <ns3:cad>85</ns3:cad>
          </ns3:TrackPointExtension>
        </extensions>
      </trkpt>
      <trkpt lat="55.63222632743418216705322265625" lon="37.31751878745853900909423828125">
        <ele>192.399993896484375</ele>
        <time>2026-09-26T06:30:23.000Z</time>
        <extensions>
          <ns3:TrackPointExtension>
            <ns3:hr>155</ns3:hr>
            <ns3:cad>86</ns3:cad>
          </ns3:TrackPointExtension>
        </extensions>
      </trkpt>
      <trkpt lat="55.6322257407009601593017578125" lon="37.3174746148288249969482421875">
        <ele>192.399993896484375</ele>
        <time>2026-09-26T06:30:24.000Z</time>
        <extensions>
          <ns3:TrackPointExtension>
            <ns3:hr>155</ns3:hr>
            <ns3:cad>86</ns3:cad>
          </ns3:TrackPointExtension>
        </extensions>
      </trkpt>
      <trkpt lat="55.63222783617675304412841796875" lon="37.317428849637508392333984375">
        <ele>192.399993896484375</ele>
        <time>2026-09-26T06:30:25.000Z</time>
        <extensions>
          <ns3:TrackPointExtension>
            <ns3:hr>156</ns3:hr>
            <ns3:cad>86</ns3:cad>
          </ns3:TrackPointExtension>
        </extensions>
      </trkpt>
      <trkpt lat="55.63223236240446567535400390625" lon="37.31737914495170116424560546875">
        <ele>192.399993896484375</ele>
        <time>2026-09-26T06:30:26.000Z</time>
        <extensions>
          <ns3:TrackPointExtension>
            <ns3:hr>155</ns3:hr>
            <ns3:cad>86</ns3:cad>
          </ns3:TrackPointExtension>
        </extensions>
      </trkpt>
      <trkpt lat="55.63223504461348056793212890625" lon="37.3173331283032894134521484375">
        <ele>192.399993896484375</ele>
        <time>2026-09-26T06:30:27.000Z</time>
        <extensions>
          <ns3:TrackPointExtension>
            <ns3:hr>155</ns3:hr>
            <ns3:cad>86</ns3:cad>
          </ns3:TrackPointExtension>
        </extensions>
      </trkpt>
      <trkpt lat="55.63223789446055889129638671875" lon="37.31728903949260711669921875">
        <ele>192.399993896484375</ele>
        <time>2026-09-26T06:30:28.000Z</time>
        <extensions>
          <ns3:TrackPointExtension>
            <ns3:hr>155</ns3:hr>
            <ns3:cad>86</ns3:cad>
          </ns3:TrackPointExtension>
        </extensions>
      </trkpt>
      <trkpt lat="55.63223923556506633758544921875" lon="37.31724620796740055084228515625">
        <ele>192.1999969482421875</ele>
        <time>2026-09-26T06:30:29.000Z</time>
        <extensions>
          <ns3:TrackPointExtension>
            <ns3:hr>155</ns3:hr>
            <ns3:cad>87</ns3:cad>
          </ns3:TrackPointExtension>
        </extensions>
      </trkpt>
      <trkpt lat="55.63224107958376407623291015625" lon="37.3172017000615596771240234375">
        <ele>192.1999969482421875</ele>
        <time>2026-09-26T06:30:30.000Z</time>
        <extensions>
          <ns3:TrackPointExtension>
            <ns3:hr>154</ns3:hr>
            <ns3:cad>86</ns3:cad>
          </ns3:TrackPointExtension>
        </extensions>
      </trkpt>
      <trkpt lat="55.632245354354381561279296875" lon="37.31715627014636993408203125">
        <ele>192.1999969482421875</ele>
        <time>2026-09-26T06:30:31.000Z</time>
        <extensions>
          <ns3:TrackPointExtension>
            <ns3:hr>154</ns3:hr>
            <ns3:cad>86</ns3:cad>
          </ns3:TrackPointExtension>
        </extensions>
      </trkpt>
      <trkpt lat="55.63225180841982364654541015625" lon="37.31711125932633876800537109375">
        <ele>192.1999969482421875</ele>
        <time>2026-09-26T06:30:32.000Z</time>
        <extensions>
          <ns3:TrackPointExtension>
            <ns3:hr>154</ns3:hr>
            <ns3:cad>86</ns3:cad>
          </ns3:TrackPointExtension>
        </extensions>
      </trkpt>
      <trkpt lat="55.63225499354302883148193359375" lon="37.3170669190585613250732421875">
        <ele>192</ele>
        <time>2026-09-26T06:30:33.000Z</time>
        <extensions>
          <ns3:TrackPointExtension>
            <ns3:hr>155</ns3:hr>
            <ns3:cad>86</ns3:cad>
          </ns3:TrackPointExtension>
        </extensions>
      </trkpt>
      <trkpt lat="55.63225717283785343170166015625" lon="37.31702425517141819000244140625">
        <ele>192</ele>
        <time>2026-09-26T06:30:34.000Z</time>
        <extensions>
          <ns3:TrackPointExtension>
            <ns3:hr>154</ns3:hr>
            <ns3:cad>87</ns3:cad>
          </ns3:TrackPointExtension>
        </extensions>
      </trkpt>
      <trkpt lat="55.63225884921848773956298828125" lon="37.3169839382171630859375">
        <ele>192</ele>
        <time>2026-09-26T06:30:35.000Z</time>
        <extensions>
          <ns3:TrackPointExtension>
            <ns3:hr>154</ns3:hr>
            <ns3:cad>87</ns3:cad>
          </ns3:TrackPointExtension>
        </extensions>
      </trkpt>
      <trkpt lat="55.63225708901882171630859375" lon="37.3169415257871150970458984375">
        <ele>192</ele>
        <time>2026-09-26T06:30:36.000Z</time>
        <extensions>
          <ns3:TrackPointExtension>
            <ns3:hr>153</ns3:hr>
            <ns3:cad>87</ns3:cad>
          </ns3:TrackPointExtension>
        </extensions>
      </trkpt>
      <trkpt lat="55.632252730429172515869140625" lon="37.31690414249897003173828125">
        <ele>192</ele>
        <time>2026-09-26T06:30:37.000Z</time>
        <extensions>
          <ns3:TrackPointExtension>
            <ns3:hr>153</ns3:hr>
            <ns3:cad>86</ns3:cad>
          </ns3:TrackPointExtension>
        </extensions>
      </trkpt>
      <trkpt lat="55.63224694691598415374755859375" lon="37.31685795821249485015869140625">
        <ele>192.1999969482421875</ele>
        <time>2026-09-26T06:30:38.000Z</time>
        <extensions>
          <ns3:TrackPointExtension>
            <ns3:hr>153</ns3:hr>
            <ns3:cad>86</ns3:cad>
          </ns3:TrackPointExtension>
        </extensions>
      </trkpt>
      <trkpt lat="55.63224443234503269195556640625" lon="37.3168127797544002532958984375">
        <ele>192.1999969482421875</ele>
        <time>2026-09-26T06:30:39.000Z</time>
        <extensions>
          <ns3:TrackPointExtension>
            <ns3:hr>153</ns3:hr>
            <ns3:cad>87</ns3:cad>
          </ns3:TrackPointExtension>
        </extensions>
      </trkpt>
      <trkpt lat="55.6322458572685718536376953125" lon="37.3167688585817813873291015625">
        <ele>192.1999969482421875</ele>
        <time>2026-09-26T06:30:40.000Z</time>
        <extensions>
          <ns3:TrackPointExtension>
            <ns3:hr>152</ns3:hr>
            <ns3:cad>87</ns3:cad>
          </ns3:TrackPointExtension>
        </extensions>
      </trkpt>
      <trkpt lat="55.63225080259144306182861328125" lon="37.3167224228382110595703125">
        <ele>192.1999969482421875</ele>
        <time>2026-09-26T06:30:41.000Z</time>
        <extensions>
          <ns3:TrackPointExtension>
            <ns3:hr>152</ns3:hr>
            <ns3:cad>87</ns3:cad>
          </ns3:TrackPointExtension>
        </extensions>
      </trkpt>
      <trkpt lat="55.63225197605788707733154296875" lon="37.316679172217845916748046875">
        <ele>192.1999969482421875</ele>
        <time>2026-09-26T06:30:42.000Z</time>
        <extensions>
          <ns3:TrackPointExtension>
            <ns3:hr>152</ns3:hr>
            <ns3:cad>86</ns3:cad>
          </ns3:TrackPointExtension>
        </extensions>
      </trkpt>
      <trkpt lat="55.63225247897207736968994140625" lon="37.31663181446492671966552734375">
        <ele>192</ele>
        <time>2026-09-26T06:30:43.000Z</time>
        <extensions>
          <ns3:TrackPointExtension>
            <ns3:hr>152</ns3:hr>
            <ns3:cad>86</ns3:cad>
          </ns3:TrackPointExtension>
        </extensions>
      </trkpt>
      <trkpt lat="55.6322512216866016387939453125" lon="37.316588647663593292236328125">
        <ele>192.1999969482421875</ele>
        <time>2026-09-26T06:30:44.000Z</time>
        <extensions>
          <ns3:TrackPointExtension>
            <ns3:hr>151</ns3:hr>
            <ns3:cad>87</ns3:cad>
          </ns3:TrackPointExtension>
        </extensions>
      </trkpt>
      <trkpt lat="55.632247366011142730712890625" lon="37.31654564850032329559326171875">
        <ele>192.1999969482421875</ele>
        <time>2026-09-26T06:30:45.000Z</time>
        <extensions>
          <ns3:TrackPointExtension>
            <ns3:hr>151</ns3:hr>
            <ns3:cad>87</ns3:cad>
          </ns3:TrackPointExtension>
        </extensions>
      </trkpt>
      <trkpt lat="55.6322441808879375457763671875" lon="37.31650155968964099884033203125">
        <ele>192.1999969482421875</ele>
        <time>2026-09-26T06:30:46.000Z</time>
        <extensions>
          <ns3:TrackPointExtension>
            <ns3:hr>151</ns3:hr>
            <ns3:cad>86</ns3:cad>
          </ns3:TrackPointExtension>
        </extensions>
      </trkpt>
      <trkpt lat="55.63224275596439838409423828125" lon="37.31645428575575351715087890625">
        <ele>192.1999969482421875</ele>
        <time>2026-09-26T06:30:47.000Z</time>
        <extensions>
          <ns3:TrackPointExtension>
            <ns3:hr>151</ns3:hr>
            <ns3:cad>86</ns3:cad>
          </ns3:TrackPointExtension>
        </extensions>
      </trkpt>
      <trkpt lat="55.63224661163985729217529296875" lon="37.31640986166894435882568359375">
        <ele>192.1999969482421875</ele>
        <time>2026-09-26T06:30:48.000Z</time>
        <extensions>
          <ns3:TrackPointExtension>
            <ns3:hr>151</ns3:hr>
            <ns3:cad>86</ns3:cad>
          </ns3:TrackPointExtension>
        </extensions>
      </trkpt>
      <trkpt lat="55.63225130550563335418701171875" lon="37.3163675330579280853271484375">
        <ele>192.1999969482421875</ele>
        <time>2026-09-26T06:30:49.000Z</time>
        <extensions>
          <ns3:TrackPointExtension>
            <ns3:hr>151</ns3:hr>
            <ns3:cad>86</ns3:cad>
          </ns3:TrackPointExtension>
        </extensions>
      </trkpt>
      <trkpt lat="55.63225868158042430877685546875" lon="37.3163227736949920654296875">
        <ele>192</ele>
        <time>2026-09-26T06:30:50.000Z</time>
        <extensions>
          <ns3:TrackPointExtension>
            <ns3:hr>151</ns3:hr>
            <ns3:cad>86</ns3:cad>
          </ns3:TrackPointExtension>
        </extensions>
      </trkpt>
      <trkpt lat="55.6322636269032955169677734375" lon="37.31628111563622951507568359375">
        <ele>191.8000030517578125</ele>
        <time>2026-09-26T06:30:51.000Z</time>
        <extensions>
          <ns3:TrackPointExtension>
            <ns3:hr>151</ns3:hr>
            <ns3:cad>86</ns3:cad>
          </ns3:TrackPointExtension>
        </extensions>
      </trkpt>
      <trkpt lat="55.6322710029780864715576171875" lon="37.31623895466327667236328125">
        <ele>191.600006103515625</ele>
        <time>2026-09-26T06:30:52.000Z</time>
        <extensions>
          <ns3:TrackPointExtension>
            <ns3:hr>151</ns3:hr>
            <ns3:cad>86</ns3:cad>
          </ns3:TrackPointExtension>
        </extensions>
      </trkpt>
      <trkpt lat="55.63227846287190914154052734375" lon="37.3162015713751316070556640625">
        <ele>191.1999969482421875</ele>
        <time>2026-09-26T06:30:53.000Z</time>
        <extensions>
          <ns3:TrackPointExtension>
            <ns3:hr>151</ns3:hr>
            <ns3:cad>86</ns3:cad>
          </ns3:TrackPointExtension>
        </extensions>
      </trkpt>
      <trkpt lat="55.632287599146366119384765625" lon="37.31615857221186161041259765625">
        <ele>191</ele>
        <time>2026-09-26T06:30:54.000Z</time>
        <extensions>
          <ns3:TrackPointExtension>
            <ns3:hr>151</ns3:hr>
            <ns3:cad>87</ns3:cad>
          </ns3:TrackPointExtension>
        </extensions>
      </trkpt>
      <trkpt lat="55.632292963564395904541015625" lon="37.316114902496337890625">
        <ele>190.8000030517578125</ele>
        <time>2026-09-26T06:30:55.000Z</time>
        <extensions>
          <ns3:TrackPointExtension>
            <ns3:hr>150</ns3:hr>
            <ns3:cad>87</ns3:cad>
          </ns3:TrackPointExtension>
        </extensions>
      </trkpt>
      <trkpt lat="55.63229908235371112823486328125" lon="37.31606788001954555511474609375">
        <ele>190.600006103515625</ele>
        <time>2026-09-26T06:30:56.000Z</time>
        <extensions>
          <ns3:TrackPointExtension>
            <ns3:hr>150</ns3:hr>
            <ns3:cad>87</ns3:cad>
          </ns3:TrackPointExtension>
        </extensions>
      </trkpt>
      <trkpt lat="55.6323046982288360595703125" lon="37.31602261774241924285888671875">
        <ele>190.600006103515625</ele>
        <time>2026-09-26T06:30:57.000Z</time>
        <extensions>
          <ns3:TrackPointExtension>
            <ns3:hr>150</ns3:hr>
            <ns3:cad>87</ns3:cad>
          </ns3:TrackPointExtension>
        </extensions>
      </trkpt>
      <trkpt lat="55.6323062069714069366455078125" lon="37.3159739188849925994873046875">
        <ele>190.399993896484375</ele>
        <time>2026-09-26T06:30:58.000Z</time>
        <extensions>
          <ns3:TrackPointExtension>
            <ns3:hr>150</ns3:hr>
            <ns3:cad>87</ns3:cad>
          </ns3:TrackPointExtension>
        </extensions>
      </trkpt>
      <trkpt lat="55.6323072127997875213623046875" lon="37.31592639349400997161865234375">
        <ele>190.399993896484375</ele>
        <time>2026-09-26T06:30:59.000Z</time>
        <extensions>
          <ns3:TrackPointExtension>
            <ns3:hr>151</ns3:hr>
            <ns3:cad>88</ns3:cad>
          </ns3:TrackPointExtension>
        </extensions>
      </trkpt>
      <trkpt lat="55.63230612315237522125244140625" lon="37.3158807121217250823974609375">
        <ele>190.399993896484375</ele>
        <time>2026-09-26T06:31:00.000Z</time>
        <extensions>
          <ns3:TrackPointExtension>
            <ns3:hr>150</ns3:hr>
            <ns3:cad>88</ns3:cad>
          </ns3:TrackPointExtension>
        </extensions>
      </trkpt>
      <trkpt lat="55.63230679370462894439697265625" lon="37.31582849286496639251708984375">
        <ele>190.399993896484375</ele>
        <time>2026-09-26T06:31:01.000Z</time>
        <extensions>
          <ns3:TrackPointExtension>
            <ns3:hr>150</ns3:hr>
            <ns3:cad>88</ns3:cad>
          </ns3:TrackPointExtension>
        </extensions>
      </trkpt>
      <trkpt lat="55.6323046982288360595703125" lon="37.31577937491238117218017578125">
        <ele>190.399993896484375</ele>
        <time>2026-09-26T06:31:02.000Z</time>
        <extensions>
          <ns3:TrackPointExtension>
            <ns3:hr>151</ns3:hr>
            <ns3:cad>87</ns3:cad>
          </ns3:TrackPointExtension>
        </extensions>
      </trkpt>
      <trkpt lat="55.632303021848201751708984375" lon="37.31572858057916164398193359375">
        <ele>190.399993896484375</ele>
        <time>2026-09-26T06:31:03.000Z</time>
        <extensions>
          <ns3:TrackPointExtension>
            <ns3:hr>151</ns3:hr>
            <ns3:cad>87</ns3:cad>
          </ns3:TrackPointExtension>
        </extensions>
      </trkpt>
      <trkpt lat="55.63230344094336032867431640625" lon="37.3156817257404327392578125">
        <ele>190.399993896484375</ele>
        <time>2026-09-26T06:31:04.000Z</time>
        <extensions>
          <ns3:TrackPointExtension>
            <ns3:hr>151</ns3:hr>
            <ns3:cad>87</ns3:cad>
          </ns3:TrackPointExtension>
        </extensions>
      </trkpt>
      <trkpt lat="55.63230511732399463653564453125" lon="37.31563369743525981903076171875">
        <ele>190.399993896484375</ele>
        <time>2026-09-26T06:31:05.000Z</time>
        <extensions>
          <ns3:TrackPointExtension>
            <ns3:hr>151</ns3:hr>
            <ns3:cad>87</ns3:cad>
          </ns3:TrackPointExtension>
        </extensions>
      </trkpt>
      <trkpt lat="55.6323055364191532135009765625" lon="37.31558625586330890655517578125">
        <ele>190.399993896484375</ele>
        <time>2026-09-26T06:31:06.000Z</time>
        <extensions>
          <ns3:TrackPointExtension>
            <ns3:hr>151</ns3:hr>
            <ns3:cad>87</ns3:cad>
          </ns3:TrackPointExtension>
        </extensions>
      </trkpt>
      <trkpt lat="55.63230402767658233642578125" lon="37.31553998775780200958251953125">
        <ele>190.399993896484375</ele>
        <time>2026-09-26T06:31:07.000Z</time>
        <extensions>
          <ns3:TrackPointExtension>
            <ns3:hr>151</ns3:hr>
            <ns3:cad>86</ns3:cad>
          </ns3:TrackPointExtension>
        </extensions>
      </trkpt>
      <trkpt lat="55.63230377621948719024658203125" lon="37.3154944740235805511474609375">
        <ele>190.399993896484375</ele>
        <time>2026-09-26T06:31:08.000Z</time>
        <extensions>
          <ns3:TrackPointExtension>
            <ns3:hr>151</ns3:hr>
            <ns3:cad>86</ns3:cad>
          </ns3:TrackPointExtension>
        </extensions>
      </trkpt>
      <trkpt lat="55.632305033504962921142578125" lon="37.31545281596481800079345703125">
        <ele>190.399993896484375</ele>
        <time>2026-09-26T06:31:09.000Z</time>
        <extensions>
          <ns3:TrackPointExtension>
            <ns3:hr>151</ns3:hr>
            <ns3:cad>85</ns3:cad>
          </ns3:TrackPointExtension>
        </extensions>
      </trkpt>
      <trkpt lat="55.632308386266231536865234375" lon="37.31540470384061336517333984375">
        <ele>190.1999969482421875</ele>
        <time>2026-09-26T06:31:10.000Z</time>
        <extensions>
          <ns3:TrackPointExtension>
            <ns3:hr>151</ns3:hr>
            <ns3:cad>85</ns3:cad>
          </ns3:TrackPointExtension>
        </extensions>
      </trkpt>
      <trkpt lat="55.63231366686522960662841796875" lon="37.3153610341250896453857421875">
        <ele>190.1999969482421875</ele>
        <time>2026-09-26T06:31:11.000Z</time>
        <extensions>
          <ns3:TrackPointExtension>
            <ns3:hr>150</ns3:hr>
            <ns3:cad>85</ns3:cad>
          </ns3:TrackPointExtension>
        </extensions>
      </trkpt>
      <trkpt lat="55.6323202885687351226806640625" lon="37.3153211362659931182861328125">
        <ele>190.1999969482421875</ele>
        <time>2026-09-26T06:31:12.000Z</time>
        <extensions>
          <ns3:TrackPointExtension>
            <ns3:hr>151</ns3:hr>
            <ns3:cad>85</ns3:cad>
          </ns3:TrackPointExtension>
        </extensions>
      </trkpt>
      <trkpt lat="55.632327497005462646484375" lon="37.31528132222592830657958984375">
        <ele>190</ele>
        <time>2026-09-26T06:31:13.000Z</time>
        <extensions>
          <ns3:TrackPointExtension>
            <ns3:hr>151</ns3:hr>
            <ns3:cad>85</ns3:cad>
          </ns3:TrackPointExtension>
        </extensions>
      </trkpt>
      <trkpt lat="55.63233730383217334747314453125" lon="37.31524385511875152587890625">
        <ele>189.8000030517578125</ele>
        <time>2026-09-26T06:31:14.000Z</time>
        <extensions>
          <ns3:TrackPointExtension>
            <ns3:hr>150</ns3:hr>
            <ns3:cad>85</ns3:cad>
          </ns3:TrackPointExtension>
        </extensions>
      </trkpt>
      <trkpt lat="55.632347948849201202392578125" lon="37.3152071423828601837158203125">
        <ele>189.8000030517578125</ele>
        <time>2026-09-26T06:31:15.000Z</time>
        <extensions>
          <ns3:TrackPointExtension>
            <ns3:hr>150</ns3:hr>
            <ns3:cad>85</ns3:cad>
          </ns3:TrackPointExtension>
        </extensions>
      </trkpt>
      <trkpt lat="55.63235742039978504180908203125" lon="37.315175123512744903564453125">
        <ele>189.8000030517578125</ele>
        <time>2026-09-26T06:31:16.000Z</time>
        <extensions>
          <ns3:TrackPointExtension>
            <ns3:hr>150</ns3:hr>
            <ns3:cad>86</ns3:cad>
          </ns3:TrackPointExtension>
        </extensions>
      </trkpt>
      <trkpt lat="55.6323663890361785888671875" lon="37.31514017097651958465576171875">
        <ele>189.8000030517578125</ele>
        <time>2026-09-26T06:31:17.000Z</time>
        <extensions>
          <ns3:TrackPointExtension>
            <ns3:hr>150</ns3:hr>
            <ns3:cad>86</ns3:cad>
          </ns3:TrackPointExtension>
        </extensions>
      </trkpt>
      <trkpt lat="55.63237535767257213592529296875" lon="37.3151035420596599578857421875">
        <ele>189.8000030517578125</ele>
        <time>2026-09-26T06:31:18.000Z</time>
        <extensions>
          <ns3:TrackPointExtension>
            <ns3:hr>150</ns3:hr>
            <ns3:cad>86</ns3:cad>
          </ns3:TrackPointExtension>
        </extensions>
      </trkpt>
      <trkpt lat="55.6323851644992828369140625" lon="37.31506892479956150054931640625">
        <ele>189.8000030517578125</ele>
        <time>2026-09-26T06:31:19.000Z</time>
        <extensions>
          <ns3:TrackPointExtension>
            <ns3:hr>150</ns3:hr>
            <ns3:cad>86</ns3:cad>
          </ns3:TrackPointExtension>
        </extensions>
      </trkpt>
      <trkpt lat="55.63239513896405696868896484375" lon="37.31503388844430446624755859375">
        <ele>189.8000030517578125</ele>
        <time>2026-09-26T06:31:20.000Z</time>
        <extensions>
          <ns3:TrackPointExtension>
            <ns3:hr>150</ns3:hr>
            <ns3:cad>86</ns3:cad>
          </ns3:TrackPointExtension>
        </extensions>
      </trkpt>
      <trkpt lat="55.6324064545333385467529296875" lon="37.315004132688045501708984375">
        <ele>189.600006103515625</ele>
        <time>2026-09-26T06:31:21.000Z</time>
        <extensions>
          <ns3:TrackPointExtension>
            <ns3:hr>150</ns3:hr>
            <ns3:cad>85</ns3:cad>
          </ns3:TrackPointExtension>
        </extensions>
      </trkpt>
      <trkpt lat="55.63241810537874698638916015625" lon="37.314971275627613067626953125">
        <ele>189.600006103515625</ele>
        <time>2026-09-26T06:31:22.000Z</time>
        <extensions>
          <ns3:TrackPointExtension>
            <ns3:hr>150</ns3:hr>
            <ns3:cad>85</ns3:cad>
          </ns3:TrackPointExtension>
        </extensions>
      </trkpt>
      <trkpt lat="55.6324292533099651336669921875" lon="37.314935065805912017822265625">
        <ele>189.600006103515625</ele>
        <time>2026-09-26T06:31:23.000Z</time>
        <extensions>
          <ns3:TrackPointExtension>
            <ns3:hr>149</ns3:hr>
            <ns3:cad>86</ns3:cad>
          </ns3:TrackPointExtension>
        </extensions>
      </trkpt>
      <trkpt lat="55.63243989832699298858642578125" lon="37.31490111909806728363037109375">
        <ele>189.8000030517578125</ele>
        <time>2026-09-26T06:31:24.000Z</time>
        <extensions>
          <ns3:TrackPointExtension>
            <ns3:hr>147</ns3:hr>
            <ns3:cad>86</ns3:cad>
          </ns3:TrackPointExtension>
        </extensions>
      </trkpt>
      <trkpt lat="55.63245154917240142822265625" lon="37.3148651607334613800048828125">
        <ele>189.8000030517578125</ele>
        <time>2026-09-26T06:31:25.000Z</time>
        <extensions>
          <ns3:TrackPointExtension>
            <ns3:hr>147</ns3:hr>
            <ns3:cad>86</ns3:cad>
          </ns3:TrackPointExtension>
        </extensions>
      </trkpt>
      <trkpt lat="55.63246487639844417572021484375" lon="37.314829789102077484130859375">
        <ele>189.8000030517578125</ele>
        <time>2026-09-26T06:31:26.000Z</time>
        <extensions>
          <ns3:TrackPointExtension>
            <ns3:hr>148</ns3:hr>
            <ns3:cad>86</ns3:cad>
          </ns3:TrackPointExtension>
        </extensions>
      </trkpt>
      <trkpt lat="55.63247811980545520782470703125" lon="37.31479517184197902679443359375">
        <ele>190</ele>
        <time>2026-09-26T06:31:27.000Z</time>
        <extensions>
          <ns3:TrackPointExtension>
            <ns3:hr>148</ns3:hr>
            <ns3:cad>86</ns3:cad>
          </ns3:TrackPointExtension>
        </extensions>
      </trkpt>
      <trkpt lat="55.63248817808926105499267578125" lon="37.31475644744932651519775390625">
        <ele>190</ele>
        <time>2026-09-26T06:31:28.000Z</time>
        <extensions>
          <ns3:TrackPointExtension>
            <ns3:hr>148</ns3:hr>
            <ns3:cad>85</ns3:cad>
          </ns3:TrackPointExtension>
        </extensions>
      </trkpt>
      <trkpt lat="55.63249857164919376373291015625" lon="37.3147152923047542572021484375">
        <ele>190.1999969482421875</ele>
        <time>2026-09-26T06:31:29.000Z</time>
        <extensions>
          <ns3:TrackPointExtension>
            <ns3:hr>148</ns3:hr>
            <ns3:cad>85</ns3:cad>
          </ns3:TrackPointExtension>
        </extensions>
      </trkpt>
      <trkpt lat="55.63250787556171417236328125" lon="37.31467514298856258392333984375">
        <ele>190.399993896484375</ele>
        <time>2026-09-26T06:31:30.000Z</time>
        <extensions>
          <ns3:TrackPointExtension>
            <ns3:hr>148</ns3:hr>
            <ns3:cad>86</ns3:cad>
          </ns3:TrackPointExtension>
        </extensions>
      </trkpt>
      <trkpt lat="55.63251818530261516571044921875" lon="37.31463843025267124176025390625">
        <ele>190.399993896484375</ele>
        <time>2026-09-26T06:31:31.000Z</time>
        <extensions>
          <ns3:TrackPointExtension>
            <ns3:hr>148</ns3:hr>
            <ns3:cad>86</ns3:cad>
          </ns3:TrackPointExtension>
        </extensions>
      </trkpt>
      <trkpt lat="55.6325301714241504669189453125" lon="37.3146021366119384765625">
        <ele>190.600006103515625</ele>
        <time>2026-09-26T06:31:32.000Z</time>
        <extensions>
          <ns3:TrackPointExtension>
            <ns3:hr>148</ns3:hr>
            <ns3:cad>86</ns3:cad>
          </ns3:TrackPointExtension>
        </extensions>
      </trkpt>
      <trkpt lat="55.632542409002780914306640625" lon="37.31456282548606395721435546875">
        <ele>190.600006103515625</ele>
        <time>2026-09-26T06:31:33.000Z</time>
        <extensions>
          <ns3:TrackPointExtension>
            <ns3:hr>148</ns3:hr>
            <ns3:cad>86</ns3:cad>
          </ns3:TrackPointExtension>
        </extensions>
      </trkpt>
      <trkpt lat="55.63255221582949161529541015625" lon="37.31452510692179203033447265625">
        <ele>190.8000030517578125</ele>
        <time>2026-09-26T06:31:34.000Z</time>
        <extensions>
          <ns3:TrackPointExtension>
            <ns3:hr>149</ns3:hr>
            <ns3:cad>86</ns3:cad>
          </ns3:TrackPointExtension>
        </extensions>
      </trkpt>
      <trkpt lat="55.632560513913631439208984375" lon="37.31448839418590068817138671875">
        <ele>191</ele>
        <time>2026-09-26T06:31:35.000Z</time>
        <extensions>
          <ns3:TrackPointExtension>
            <ns3:hr>148</ns3:hr>
            <ns3:cad>86</ns3:cad>
          </ns3:TrackPointExtension>
        </extensions>
      </trkpt>
      <trkpt lat="55.632570572197437286376953125" lon="37.31444950215518474578857421875">
        <ele>191.1999969482421875</ele>
        <time>2026-09-26T06:31:36.000Z</time>
        <extensions>
          <ns3:TrackPointExtension>
            <ns3:hr>148</ns3:hr>
            <ns3:cad>86</ns3:cad>
          </ns3:TrackPointExtension>
        </extensions>
      </trkpt>
      <trkpt lat="55.6325794570147991180419921875" lon="37.314413376152515411376953125">
        <ele>191.1999969482421875</ele>
        <time>2026-09-26T06:31:37.000Z</time>
        <extensions>
          <ns3:TrackPointExtension>
            <ns3:hr>149</ns3:hr>
            <ns3:cad>86</ns3:cad>
          </ns3:TrackPointExtension>
        </extensions>
      </trkpt>
      <trkpt lat="55.632585994899272918701171875" lon="37.3143736459314823150634765625">
        <ele>191.399993896484375</ele>
        <time>2026-09-26T06:31:38.000Z</time>
        <extensions>
          <ns3:TrackPointExtension>
            <ns3:hr>148</ns3:hr>
            <ns3:cad>86</ns3:cad>
          </ns3:TrackPointExtension>
        </extensions>
      </trkpt>
      <trkpt lat="55.6325935386121273040771484375" lon="37.3143360950052738189697265625">
        <ele>191.600006103515625</ele>
        <time>2026-09-26T06:31:39.000Z</time>
        <extensions>
          <ns3:TrackPointExtension>
            <ns3:hr>148</ns3:hr>
            <ns3:cad>86</ns3:cad>
          </ns3:TrackPointExtension>
        </extensions>
      </trkpt>
      <trkpt lat="55.6326015852391719818115234375" lon="37.3142975382506847381591796875">
        <ele>191.8000030517578125</ele>
        <time>2026-09-26T06:31:40.000Z</time>
        <extensions>
          <ns3:TrackPointExtension>
            <ns3:hr>148</ns3:hr>
            <ns3:cad>85</ns3:cad>
          </ns3:TrackPointExtension>
        </extensions>
      </trkpt>
      <trkpt lat="55.63261189498007297515869140625" lon="37.314255796372890472412109375">
        <ele>192</ele>
        <time>2026-09-26T06:31:41.000Z</time>
        <extensions>
          <ns3:TrackPointExtension>
            <ns3:hr>148</ns3:hr>
            <ns3:cad>85</ns3:cad>
          </ns3:TrackPointExtension>
        </extensions>
      </trkpt>
      <trkpt lat="55.63262195326387882232666015625" lon="37.31421698816120624542236328125">
        <ele>192</ele>
        <time>2026-09-26T06:31:42.000Z</time>
        <extensions>
          <ns3:TrackPointExtension>
            <ns3:hr>149</ns3:hr>
            <ns3:cad>85</ns3:cad>
          </ns3:TrackPointExtension>
        </extensions>
      </trkpt>
      <trkpt lat="55.63263393938541412353515625" lon="37.31417709030210971832275390625">
        <ele>192</ele>
        <time>2026-09-26T06:31:43.000Z</time>
        <extensions>
          <ns3:TrackPointExtension>
            <ns3:hr>149</ns3:hr>
            <ns3:cad>84</ns3:cad>
          </ns3:TrackPointExtension>
        </extensions>
      </trkpt>
      <trkpt lat="55.63264508731663227081298828125" lon="37.3141409642994403839111328125">
        <ele>192</ele>
        <time>2026-09-26T06:31:44.000Z</time>
        <extensions>
          <ns3:TrackPointExtension>
            <ns3:hr>149</ns3:hr>
            <ns3:cad>84</ns3:cad>
          </ns3:TrackPointExtension>
        </extensions>
      </trkpt>
      <trkpt lat="55.632657073438167572021484375" lon="37.3141020722687244415283203125">
        <ele>191.8000030517578125</ele>
        <time>2026-09-26T06:31:45.000Z</time>
        <extensions>
          <ns3:TrackPointExtension>
            <ns3:hr>150</ns3:hr>
            <ns3:cad>85</ns3:cad>
          </ns3:TrackPointExtension>
        </extensions>
      </trkpt>
      <trkpt lat="55.63267123885452747344970703125" lon="37.314064018428325653076171875">
        <ele>191.600006103515625</ele>
        <time>2026-09-26T06:31:46.000Z</time>
        <extensions>
          <ns3:TrackPointExtension>
            <ns3:hr>150</ns3:hr>
            <ns3:cad>86</ns3:cad>
          </ns3:TrackPointExtension>
        </extensions>
      </trkpt>
      <trkpt lat="55.63268548808991909027099609375" lon="37.31402688659727573394775390625">
        <ele>191.399993896484375</ele>
        <time>2026-09-26T06:31:47.000Z</time>
        <extensions>
          <ns3:TrackPointExtension>
            <ns3:hr>150</ns3:hr>
            <ns3:cad>86</ns3:cad>
          </ns3:TrackPointExtension>
        </extensions>
      </trkpt>
      <trkpt lat="55.63269923441112041473388671875" lon="37.31399151496589183807373046875">
        <ele>191.1999969482421875</ele>
        <time>2026-09-26T06:31:48.000Z</time>
        <extensions>
          <ns3:TrackPointExtension>
            <ns3:hr>149</ns3:hr>
            <ns3:cad>86</ns3:cad>
          </ns3:TrackPointExtension>
        </extensions>
      </trkpt>
      <trkpt lat="55.63271398656070232391357421875" lon="37.31395714916288852691650390625">
        <ele>191</ele>
        <time>2026-09-26T06:31:49.000Z</time>
        <extensions>
          <ns3:TrackPointExtension>
            <ns3:hr>150</ns3:hr>
            <ns3:cad>86</ns3:cad>
          </ns3:TrackPointExtension>
        </extensions>
      </trkpt>
      <trkpt lat="55.63273024745285511016845703125" lon="37.3139220289885997772216796875">
        <ele>191</ele>
        <time>2026-09-26T06:31:50.000Z</time>
        <extensions>
          <ns3:TrackPointExtension>
            <ns3:hr>150</ns3:hr>
            <ns3:cad>86</ns3:cad>
          </ns3:TrackPointExtension>
        </extensions>
      </trkpt>
      <trkpt lat="55.63274256885051727294921875" lon="37.3138905130326747894287109375">
        <ele>190.8000030517578125</ele>
        <time>2026-09-26T06:31:51.000Z</time>
        <extensions>
          <ns3:TrackPointExtension>
            <ns3:hr>150</ns3:hr>
            <ns3:cad>87</ns3:cad>
          </ns3:TrackPointExtension>
        </extensions>
      </trkpt>
      <trkpt lat="55.6327561475336551666259765625" lon="37.31385648250579833984375">
        <ele>190.8000030517578125</ele>
        <time>2026-09-26T06:31:52.000Z</time>
        <extensions>
          <ns3:TrackPointExtension>
            <ns3:hr>150</ns3:hr>
            <ns3:cad>87</ns3:cad>
          </ns3:TrackPointExtension>
        </extensions>
      </trkpt>
      <trkpt lat="55.6327698938548564910888671875" lon="37.313819937407970428466796875">
        <ele>190.8000030517578125</ele>
        <time>2026-09-26T06:31:53.000Z</time>
        <extensions>
          <ns3:TrackPointExtension>
            <ns3:hr>150</ns3:hr>
            <ns3:cad>87</ns3:cad>
          </ns3:TrackPointExtension>
        </extensions>
      </trkpt>
      <trkpt lat="55.632783807814121246337890625" lon="37.313781045377254486083984375">
        <ele>190.8000030517578125</ele>
        <time>2026-09-26T06:31:54.000Z</time>
        <extensions>
          <ns3:TrackPointExtension>
            <ns3:hr>149</ns3:hr>
            <ns3:cad>86</ns3:cad>
          </ns3:TrackPointExtension>
        </extensions>
      </trkpt>
      <trkpt lat="55.63279445283114910125732421875" lon="37.313735783100128173828125">
        <ele>191</ele>
        <time>2026-09-26T06:31:55.000Z</time>
        <extensions>
          <ns3:TrackPointExtension>
            <ns3:hr>149</ns3:hr>
            <ns3:cad>86</ns3:cad>
          </ns3:TrackPointExtension>
        </extensions>
      </trkpt>
      <trkpt lat="55.6328047625720500946044921875" lon="37.313689850270748138427734375">
        <ele>191.1999969482421875</ele>
        <time>2026-09-26T06:31:56.000Z</time>
        <extensions>
          <ns3:TrackPointExtension>
            <ns3:hr>149</ns3:hr>
            <ns3:cad>86</ns3:cad>
          </ns3:TrackPointExtension>
        </extensions>
      </trkpt>
      <trkpt lat="55.63281322829425334930419921875" lon="37.3136434145271778106689453125">
        <ele>191.399993896484375</ele>
        <time>2026-09-26T06:31:57.000Z</time>
        <extensions>
          <ns3:TrackPointExtension>
            <ns3:hr>149</ns3:hr>
            <ns3:cad>86</ns3:cad>
          </ns3:TrackPointExtension>
        </extensions>
      </trkpt>
      <trkpt lat="55.6328170001506805419921875" lon="37.313603349030017852783203125">
        <ele>191.600006103515625</ele>
        <time>2026-09-26T06:31:58.000Z</time>
        <extensions>
          <ns3:TrackPointExtension>
            <ns3:hr>149</ns3:hr>
            <ns3:cad>87</ns3:cad>
          </ns3:TrackPointExtension>
        </extensions>
      </trkpt>
      <trkpt lat="55.6328141503036022186279296875" lon="37.31355716474354267120361328125">
        <ele>192</ele>
        <time>2026-09-26T06:31:59.000Z</time>
        <extensions>
          <ns3:TrackPointExtension>
            <ns3:hr>149</ns3:hr>
            <ns3:cad>87</ns3:cad>
          </ns3:TrackPointExtension>
        </extensions>
      </trkpt>
      <trkpt lat="55.6328128091990947723388671875" lon="37.3135166801512241363525390625">
        <ele>192</ele>
        <time>2026-09-26T06:32:00.000Z</time>
        <extensions>
          <ns3:TrackPointExtension>
            <ns3:hr>149</ns3:hr>
            <ns3:cad>86</ns3:cad>
          </ns3:TrackPointExtension>
        </extensions>
      </trkpt>
      <trkpt lat="55.63280534930527210235595703125" lon="37.31347016058862209320068359375">
        <ele>192</ele>
        <time>2026-09-26T06:32:01.000Z</time>
        <extensions>
          <ns3:TrackPointExtension>
            <ns3:hr>149</ns3:hr>
            <ns3:cad>86</ns3:cad>
          </ns3:TrackPointExtension>
        </extensions>
      </trkpt>
      <trkpt lat="55.63279897905886173248291015625" lon="37.31342154555022716522216796875">
        <ele>192.1999969482421875</ele>
        <time>2026-09-26T06:32:02.000Z</time>
        <extensions>
          <ns3:TrackPointExtension>
            <ns3:hr>149</ns3:hr>
            <ns3:cad>87</ns3:cad>
          </ns3:TrackPointExtension>
        </extensions>
      </trkpt>
      <trkpt lat="55.63279545865952968597412109375" lon="37.31337410397827625274658203125">
        <ele>192.1999969482421875</ele>
        <time>2026-09-26T06:32:03.000Z</time>
        <extensions>
          <ns3:TrackPointExtension>
            <ns3:hr>149</ns3:hr>
            <ns3:cad>87</ns3:cad>
          </ns3:TrackPointExtension>
        </extensions>
      </trkpt>
      <trkpt lat="55.6327896751463413238525390625" lon="37.31332833878695964813232421875">
        <ele>192.1999969482421875</ele>
        <time>2026-09-26T06:32:04.000Z</time>
        <extensions>
          <ns3:TrackPointExtension>
            <ns3:hr>149</ns3:hr>
            <ns3:cad>87</ns3:cad>
          </ns3:TrackPointExtension>
        </extensions>
      </trkpt>
      <trkpt lat="55.6327807903289794921875" lon="37.31329062022268772125244140625">
        <ele>192.1999969482421875</ele>
        <time>2026-09-26T06:32:05.000Z</time>
        <extensions>
          <ns3:TrackPointExtension>
            <ns3:hr>148</ns3:hr>
            <ns3:cad>86</ns3:cad>
          </ns3:TrackPointExtension>
        </extensions>
      </trkpt>
      <trkpt lat="55.6327735818922519683837890625" lon="37.31325097382068634033203125">
        <ele>192.1999969482421875</ele>
        <time>2026-09-26T06:32:06.000Z</time>
        <extensions>
          <ns3:TrackPointExtension>
            <ns3:hr>148</ns3:hr>
            <ns3:cad>86</ns3:cad>
          </ns3:TrackPointExtension>
        </extensions>
      </trkpt>
      <trkpt lat="55.6327660381793975830078125" lon="37.313213087618350982666015625">
        <ele>192.399993896484375</ele>
        <time>2026-09-26T06:32:07.000Z</time>
        <extensions>
          <ns3:TrackPointExtension>
            <ns3:hr>148</ns3:hr>
            <ns3:cad>87</ns3:cad>
          </ns3:TrackPointExtension>
        </extensions>
      </trkpt>
      <trkpt lat="55.63275857828557491302490234375" lon="37.31316916644573211669921875">
        <ele>192.600006103515625</ele>
        <time>2026-09-26T06:32:08.000Z</time>
        <extensions>
          <ns3:TrackPointExtension>
            <ns3:hr>148</ns3:hr>
            <ns3:cad>87</ns3:cad>
          </ns3:TrackPointExtension>
        </extensions>
      </trkpt>
      <trkpt lat="55.632754303514957427978515625" lon="37.313119880855083465576171875">
        <ele>192.8000030517578125</ele>
        <time>2026-09-26T06:32:09.000Z</time>
        <extensions>
          <ns3:TrackPointExtension>
            <ns3:hr>149</ns3:hr>
            <ns3:cad>87</ns3:cad>
          </ns3:TrackPointExtension>
        </extensions>
      </trkpt>
      <trkpt lat="55.6327538006007671356201171875" lon="37.3130721040070056915283203125">
        <ele>193</ele>
        <time>2026-09-26T06:32:10.000Z</time>
        <extensions>
          <ns3:TrackPointExtension>
            <ns3:hr>148</ns3:hr>
            <ns3:cad>86</ns3:cad>
          </ns3:TrackPointExtension>
        </extensions>
      </trkpt>
      <trkpt lat="55.63275690190494060516357421875" lon="37.3130328767001628875732421875">
        <ele>193.1999969482421875</ele>
        <time>2026-09-26T06:32:11.000Z</time>
        <extensions>
          <ns3:TrackPointExtension>
            <ns3:hr>148</ns3:hr>
            <ns3:cad>86</ns3:cad>
          </ns3:TrackPointExtension>
        </extensions>
      </trkpt>
      <trkpt lat="55.63276696018874645233154296875" lon="37.31298468075692653656005859375">
        <ele>193.1999969482421875</ele>
        <time>2026-09-26T06:32:12.000Z</time>
        <extensions>
          <ns3:TrackPointExtension>
            <ns3:hr>148</ns3:hr>
            <ns3:cad>87</ns3:cad>
          </ns3:TrackPointExtension>
        </extensions>
      </trkpt>
      <trkpt lat="55.6327772699296474456787109375" lon="37.3129426874220371246337890625">
        <ele>193.1999969482421875</ele>
        <time>2026-09-26T06:32:13.000Z</time>
        <extensions>
          <ns3:TrackPointExtension>
            <ns3:hr>148</ns3:hr>
            <ns3:cad>87</ns3:cad>
          </ns3:TrackPointExtension>
        </extensions>
      </trkpt>
      <trkpt lat="55.632785819470882415771484375" lon="37.31290362775325775146484375">
        <ele>193.1999969482421875</ele>
        <time>2026-09-26T06:32:14.000Z</time>
        <extensions>
          <ns3:TrackPointExtension>
            <ns3:hr>148</ns3:hr>
            <ns3:cad>87</ns3:cad>
          </ns3:TrackPointExtension>
        </extensions>
      </trkpt>
      <trkpt lat="55.632794536650180816650390625" lon="37.3128655739128589630126953125">
        <ele>193.1999969482421875</ele>
        <time>2026-09-26T06:32:15.000Z</time>
        <extensions>
          <ns3:TrackPointExtension>
            <ns3:hr>149</ns3:hr>
            <ns3:cad>86</ns3:cad>
          </ns3:TrackPointExtension>
        </extensions>
      </trkpt>
      <trkpt lat="55.63280233182013034820556640625" lon="37.31283145956695079803466796875">
        <ele>193</ele>
        <time>2026-09-26T06:32:16.000Z</time>
        <extensions>
          <ns3:TrackPointExtension>
            <ns3:hr>148</ns3:hr>
            <ns3:cad>86</ns3:cad>
          </ns3:TrackPointExtension>
        </extensions>
      </trkpt>
      <trkpt lat="55.63281004317104816436767578125" lon="37.312791310250759124755859375">
        <ele>193</ele>
        <time>2026-09-26T06:32:17.000Z</time>
        <extensions>
          <ns3:TrackPointExtension>
            <ns3:hr>148</ns3:hr>
            <ns3:cad>86</ns3:cad>
          </ns3:TrackPointExtension>
        </extensions>
      </trkpt>
      <trkpt lat="55.63281624577939510345458984375" lon="37.312751077115535736083984375">
        <ele>193</ele>
        <time>2026-09-26T06:32:18.000Z</time>
        <extensions>
          <ns3:TrackPointExtension>
            <ns3:hr>149</ns3:hr>
            <ns3:cad>86</ns3:cad>
          </ns3:TrackPointExtension>
        </extensions>
      </trkpt>
      <trkpt lat="55.63282295130193233489990234375" lon="37.31270673684775829315185546875">
        <ele>193</ele>
        <time>2026-09-26T06:32:19.000Z</time>
        <extensions>
          <ns3:TrackPointExtension>
            <ns3:hr>149</ns3:hr>
            <ns3:cad>86</ns3:cad>
          </ns3:TrackPointExtension>
        </extensions>
      </trkpt>
      <trkpt lat="55.63282831571996212005615234375" lon="37.3126577027142047882080078125">
        <ele>193.1999969482421875</ele>
        <time>2026-09-26T06:32:20.000Z</time>
        <extensions>
          <ns3:TrackPointExtension>
            <ns3:hr>149</ns3:hr>
            <ns3:cad>86</ns3:cad>
          </ns3:TrackPointExtension>
        </extensions>
      </trkpt>
      <trkpt lat="55.63283284194767475128173828125" lon="37.3126161284744739532470703125">
        <ele>193.1999969482421875</ele>
        <time>2026-09-26T06:32:21.000Z</time>
        <extensions>
          <ns3:TrackPointExtension>
            <ns3:hr>149</ns3:hr>
            <ns3:cad>86</ns3:cad>
          </ns3:TrackPointExtension>
        </extensions>
      </trkpt>
      <trkpt lat="55.63284155912697315216064453125" lon="37.31256432831287384033203125">
        <ele>193.399993896484375</ele>
        <time>2026-09-26T06:32:22.000Z</time>
        <extensions>
          <ns3:TrackPointExtension>
            <ns3:hr>148</ns3:hr>
            <ns3:cad>86</ns3:cad>
          </ns3:TrackPointExtension>
        </extensions>
      </trkpt>
      <trkpt lat="55.63284692354500293731689453125" lon="37.3125168867409229278564453125">
        <ele>193.600006103515625</ele>
        <time>2026-09-26T06:32:23.000Z</time>
        <extensions>
          <ns3:TrackPointExtension>
            <ns3:hr>149</ns3:hr>
            <ns3:cad>86</ns3:cad>
          </ns3:TrackPointExtension>
        </extensions>
      </trkpt>
      <trkpt lat="55.632850192487239837646484375" lon="37.31246701441705226898193359375">
        <ele>193.8000030517578125</ele>
        <time>2026-09-26T06:32:24.000Z</time>
        <extensions>
          <ns3:TrackPointExtension>
            <ns3:hr>149</ns3:hr>
            <ns3:cad>86</ns3:cad>
          </ns3:TrackPointExtension>
        </extensions>
      </trkpt>
      <trkpt lat="55.63285388052463531494140625" lon="37.3124230094254016876220703125">
        <ele>193.8000030517578125</ele>
        <time>2026-09-26T06:32:25.000Z</time>
        <extensions>
          <ns3:TrackPointExtension>
            <ns3:hr>149</ns3:hr>
            <ns3:cad>86</ns3:cad>
          </ns3:TrackPointExtension>
        </extensions>
      </trkpt>
      <trkpt lat="55.6328543834388256072998046875" lon="37.312378250062465667724609375">
        <ele>193.8000030517578125</ele>
        <time>2026-09-26T06:32:26.000Z</time>
        <extensions>
          <ns3:TrackPointExtension>
            <ns3:hr>149</ns3:hr>
            <ns3:cad>86</ns3:cad>
          </ns3:TrackPointExtension>
        </extensions>
      </trkpt>
      <trkpt lat="55.63285924494266510009765625" lon="37.31233541853725910186767578125">
        <ele>193.8000030517578125</ele>
        <time>2026-09-26T06:32:27.000Z</time>
        <extensions>
          <ns3:TrackPointExtension>
            <ns3:hr>149</ns3:hr>
            <ns3:cad>86</ns3:cad>
          </ns3:TrackPointExtension>
        </extensions>
      </trkpt>
      <trkpt lat="55.63286326825618743896484375" lon="37.3122952692210674285888671875">
        <ele>193.8000030517578125</ele>
        <time>2026-09-26T06:32:28.000Z</time>
        <extensions>
          <ns3:TrackPointExtension>
            <ns3:hr>149</ns3:hr>
            <ns3:cad>87</ns3:cad>
          </ns3:TrackPointExtension>
        </extensions>
      </trkpt>
      <trkpt lat="55.632866956293582916259765625" lon="37.3122560419142246246337890625">
        <ele>193.8000030517578125</ele>
        <time>2026-09-26T06:32:29.000Z</time>
        <extensions>
          <ns3:TrackPointExtension>
            <ns3:hr>149</ns3:hr>
            <ns3:cad>87</ns3:cad>
          </ns3:TrackPointExtension>
        </extensions>
      </trkpt>
      <trkpt lat="55.63286854885518550872802734375" lon="37.31221321038901805877685546875">
        <ele>193.8000030517578125</ele>
        <time>2026-09-26T06:32:30.000Z</time>
        <extensions>
          <ns3:TrackPointExtension>
            <ns3:hr>149</ns3:hr>
            <ns3:cad>87</ns3:cad>
          </ns3:TrackPointExtension>
        </extensions>
      </trkpt>
      <trkpt lat="55.63287240453064441680908203125" lon="37.3121707141399383544921875">
        <ele>193.8000030517578125</ele>
        <time>2026-09-26T06:32:31.000Z</time>
        <extensions>
          <ns3:TrackPointExtension>
            <ns3:hr>149</ns3:hr>
            <ns3:cad>87</ns3:cad>
          </ns3:TrackPointExtension>
        </extensions>
      </trkpt>
      <trkpt lat="55.63287592492997646331787109375" lon="37.31212704442441463470458984375">
        <ele>194</ele>
        <time>2026-09-26T06:32:32.000Z</time>
        <extensions>
          <ns3:TrackPointExtension>
            <ns3:hr>149</ns3:hr>
            <ns3:cad>87</ns3:cad>
          </ns3:TrackPointExtension>
        </extensions>
      </trkpt>
      <trkpt lat="55.63287810422480106353759765625" lon="37.31208044104278087615966796875">
        <ele>194</ele>
        <time>2026-09-26T06:32:33.000Z</time>
        <extensions>
          <ns3:TrackPointExtension>
            <ns3:hr>149</ns3:hr>
            <ns3:cad>88</ns3:cad>
          </ns3:TrackPointExtension>
        </extensions>
      </trkpt>
      <trkpt lat="55.63286988995969295501708984375" lon="37.31204171665012836456298828125">
        <ele>194.1999969482421875</ele>
        <time>2026-09-26T06:32:34.000Z</time>
        <extensions>
          <ns3:TrackPointExtension>
            <ns3:hr>149</ns3:hr>
            <ns3:cad>88</ns3:cad>
          </ns3:TrackPointExtension>
        </extensions>
      </trkpt>
      <trkpt lat="55.632856898009777069091796875" lon="37.31200483627617359161376953125">
        <ele>194.399993896484375</ele>
        <time>2026-09-26T06:32:35.000Z</time>
        <extensions>
          <ns3:TrackPointExtension>
            <ns3:hr>149</ns3:hr>
            <ns3:cad>88</ns3:cad>
          </ns3:TrackPointExtension>
        </extensions>
      </trkpt>
      <trkpt lat="55.63283971510827541351318359375" lon="37.3119717277586460113525390625">
        <ele>194.600006103515625</ele>
        <time>2026-09-26T06:32:36.000Z</time>
        <extensions>
          <ns3:TrackPointExtension>
            <ns3:hr>149</ns3:hr>
            <ns3:cad>87</ns3:cad>
          </ns3:TrackPointExtension>
        </extensions>
      </trkpt>
      <trkpt lat="55.63281976617872714996337890625" lon="37.311943732202053070068359375">
        <ele>194.8000030517578125</ele>
        <time>2026-09-26T06:32:37.000Z</time>
        <extensions>
          <ns3:TrackPointExtension>
            <ns3:hr>149</ns3:hr>
            <ns3:cad>87</ns3:cad>
          </ns3:TrackPointExtension>
        </extensions>
      </trkpt>
      <trkpt lat="55.63280291855335235595703125" lon="37.3119080252945423126220703125">
        <ele>195</ele>
        <time>2026-09-26T06:32:38.000Z</time>
        <extensions>
          <ns3:TrackPointExtension>
            <ns3:hr>150</ns3:hr>
            <ns3:cad>87</ns3:cad>
          </ns3:TrackPointExtension>
        </extensions>
      </trkpt>
      <trkpt lat="55.63278489746153354644775390625" lon="37.31187097728252410888671875">
        <ele>195.1999969482421875</ele>
        <time>2026-09-26T06:32:39.000Z</time>
        <extensions>
          <ns3:TrackPointExtension>
            <ns3:hr>150</ns3:hr>
            <ns3:cad>87</ns3:cad>
          </ns3:TrackPointExtension>
        </extensions>
      </trkpt>
      <trkpt lat="55.63276360742747783660888671875" lon="37.31184189207851886749267578125">
        <ele>195.1999969482421875</ele>
        <time>2026-09-26T06:32:40.000Z</time>
        <extensions>
          <ns3:TrackPointExtension>
            <ns3:hr>150</ns3:hr>
            <ns3:cad>87</ns3:cad>
          </ns3:TrackPointExtension>
        </extensions>
      </trkpt>
      <trkpt lat="55.63274013809859752655029296875" lon="37.31181289069354534149169921875">
        <ele>195.1999969482421875</ele>
        <time>2026-09-26T06:32:41.000Z</time>
        <extensions>
          <ns3:TrackPointExtension>
            <ns3:hr>150</ns3:hr>
            <ns3:cad>86</ns3:cad>
          </ns3:TrackPointExtension>
        </extensions>
      </trkpt>
      <trkpt lat="55.63271415419876575469970703125" lon="37.311778105795383453369140625">
        <ele>195.399993896484375</ele>
        <time>2026-09-26T06:32:42.000Z</time>
        <extensions>
          <ns3:TrackPointExtension>
            <ns3:hr>150</ns3:hr>
            <ns3:cad>86</ns3:cad>
          </ns3:TrackPointExtension>
        </extensions>
      </trkpt>
      <trkpt lat="55.632693953812122344970703125" lon="37.311748601496219635009765625">
        <ele>195.399993896484375</ele>
        <time>2026-09-26T06:32:43.000Z</time>
        <extensions>
          <ns3:TrackPointExtension>
            <ns3:hr>149</ns3:hr>
            <ns3:cad>86</ns3:cad>
          </ns3:TrackPointExtension>
        </extensions>
      </trkpt>
      <trkpt lat="55.63267459161579608917236328125" lon="37.311714403331279754638671875">
        <ele>195.600006103515625</ele>
        <time>2026-09-26T06:32:44.000Z</time>
        <extensions>
          <ns3:TrackPointExtension>
            <ns3:hr>150</ns3:hr>
            <ns3:cad>86</ns3:cad>
          </ns3:TrackPointExtension>
        </extensions>
      </trkpt>
      <trkpt lat="55.63265271484851837158203125" lon="37.311687581241130828857421875">
        <ele>195.600006103515625</ele>
        <time>2026-09-26T06:32:45.000Z</time>
        <extensions>
          <ns3:TrackPointExtension>
            <ns3:hr>150</ns3:hr>
            <ns3:cad>86</ns3:cad>
          </ns3:TrackPointExtension>
        </extensions>
      </trkpt>
      <trkpt lat="55.6326263956725597381591796875" lon="37.31165816076099872589111328125">
        <ele>195.600006103515625</ele>
        <time>2026-09-26T06:32:46.000Z</time>
        <extensions>
          <ns3:TrackPointExtension>
            <ns3:hr>150</ns3:hr>
            <ns3:cad>86</ns3:cad>
          </ns3:TrackPointExtension>
        </extensions>
      </trkpt>
      <trkpt lat="55.6326066143810749053955078125" lon="37.311631254851818084716796875">
        <ele>195.8000030517578125</ele>
        <time>2026-09-26T06:32:47.000Z</time>
        <extensions>
          <ns3:TrackPointExtension>
            <ns3:hr>150</ns3:hr>
            <ns3:cad>86</ns3:cad>
          </ns3:TrackPointExtension>
        </extensions>
      </trkpt>
      <trkpt lat="55.63260443508625030517578125" lon="37.3116032592952251434326171875">
        <ele>195.8000030517578125</ele>
        <time>2026-09-26T06:32:48.000Z</time>
        <extensions>
          <ns3:TrackPointExtension>
            <ns3:hr>150</ns3:hr>
            <ns3:cad>86</ns3:cad>
          </ns3:TrackPointExtension>
        </extensions>
      </trkpt>
      <trkpt lat="55.63261826522648334503173828125" lon="37.31158188544213771820068359375">
        <ele>195.8000030517578125</ele>
        <time>2026-09-26T06:32:49.000Z</time>
        <extensions>
          <ns3:TrackPointExtension>
            <ns3:hr>150</ns3:hr>
            <ns3:cad>86</ns3:cad>
          </ns3:TrackPointExtension>
        </extensions>
      </trkpt>
      <trkpt lat="55.6326394714415073394775390625" lon="37.31155606918036937713623046875">
        <ele>195.8000030517578125</ele>
        <time>2026-09-26T06:32:50.000Z</time>
        <extensions>
          <ns3:TrackPointExtension>
            <ns3:hr>150</ns3:hr>
            <ns3:cad>85</ns3:cad>
          </ns3:TrackPointExtension>
        </extensions>
      </trkpt>
      <trkpt lat="55.63265816308557987213134765625" lon="37.31152363121509552001953125">
        <ele>195.8000030517578125</ele>
        <time>2026-09-26T06:32:51.000Z</time>
        <extensions>
          <ns3:TrackPointExtension>
            <ns3:hr>150</ns3:hr>
            <ns3:cad>84</ns3:cad>
          </ns3:TrackPointExtension>
        </extensions>
      </trkpt>
      <trkpt lat="55.63267819583415985107421875" lon="37.31149018742144107818603515625">
        <ele>196</ele>
        <time>2026-09-26T06:32:52.000Z</time>
        <extensions>
          <ns3:TrackPointExtension>
            <ns3:hr>150</ns3:hr>
            <ns3:cad>83</ns3:cad>
          </ns3:TrackPointExtension>
        </extensions>
      </trkpt>
      <trkpt lat="55.632699988782405853271484375" lon="37.31145464815199375152587890625">
        <ele>196</ele>
        <time>2026-09-26T06:32:53.000Z</time>
        <extensions>
          <ns3:TrackPointExtension>
            <ns3:hr>151</ns3:hr>
            <ns3:cad>83</ns3:cad>
          </ns3:TrackPointExtension>
        </extensions>
      </trkpt>
      <trkpt lat="55.63272069208323955535888671875" lon="37.3114185221493244171142578125">
        <ele>196</ele>
        <time>2026-09-26T06:32:54.000Z</time>
        <extensions>
          <ns3:TrackPointExtension>
            <ns3:hr>150</ns3:hr>
            <ns3:cad>85</ns3:cad>
          </ns3:TrackPointExtension>
        </extensions>
      </trkpt>
      <trkpt lat="55.63274131156504154205322265625" lon="37.31138038448989391326904296875">
        <ele>196.1999969482421875</ele>
        <time>2026-09-26T06:32:55.000Z</time>
        <extensions>
          <ns3:TrackPointExtension>
            <ns3:hr>150</ns3:hr>
            <ns3:cad>86</ns3:cad>
          </ns3:TrackPointExtension>
        </extensions>
      </trkpt>
      <trkpt lat="55.63276193104684352874755859375" lon="37.31134392321109771728515625">
        <ele>196.1999969482421875</ele>
        <time>2026-09-26T06:32:56.000Z</time>
        <extensions>
          <ns3:TrackPointExtension>
            <ns3:hr>150</ns3:hr>
            <ns3:cad>88</ns3:cad>
          </ns3:TrackPointExtension>
        </extensions>
      </trkpt>
      <trkpt lat="55.63278338871896266937255859375" lon="37.31131366454064846038818359375">
        <ele>196</ele>
        <time>2026-09-26T06:32:57.000Z</time>
        <extensions>
          <ns3:TrackPointExtension>
            <ns3:hr>150</ns3:hr>
            <ns3:cad>88</ns3:cad>
          </ns3:TrackPointExtension>
        </extensions>
      </trkpt>
      <trkpt lat="55.63280769623816013336181640625" lon="37.311277203261852264404296875">
        <ele>196</ele>
        <time>2026-09-26T06:32:58.000Z</time>
        <extensions>
          <ns3:TrackPointExtension>
            <ns3:hr>150</ns3:hr>
            <ns3:cad>88</ns3:cad>
          </ns3:TrackPointExtension>
        </extensions>
      </trkpt>
      <trkpt lat="55.6328357756137847900390625" lon="37.3112482018768787384033203125">
        <ele>196</ele>
        <time>2026-09-26T06:32:59.000Z</time>
        <extensions>
          <ns3:TrackPointExtension>
            <ns3:hr>150</ns3:hr>
            <ns3:cad>88</ns3:cad>
          </ns3:TrackPointExtension>
        </extensions>
      </trkpt>
      <trkpt lat="55.6328590773046016693115234375" lon="37.3112250678241252899169921875">
        <ele>195.8000030517578125</ele>
        <time>2026-09-26T06:33:00.000Z</time>
        <extensions>
          <ns3:TrackPointExtension>
            <ns3:hr>150</ns3:hr>
            <ns3:cad>89</ns3:cad>
          </ns3:TrackPointExtension>
        </extensions>
      </trkpt>
      <trkpt lat="55.63289143145084381103515625" lon="37.31119849719107151031494140625">
        <ele>195.8000030517578125</ele>
        <time>2026-09-26T06:33:01.000Z</time>
        <extensions>
          <ns3:TrackPointExtension>
            <ns3:hr>150</ns3:hr>
            <ns3:cad>89</ns3:cad>
          </ns3:TrackPointExtension>
        </extensions>
      </trkpt>
      <trkpt lat="55.6329217739403247833251953125" lon="37.31116848997771739959716796875">
        <ele>195.600006103515625</ele>
        <time>2026-09-26T06:33:02.000Z</time>
        <extensions>
          <ns3:TrackPointExtension>
            <ns3:hr>151</ns3:hr>
            <ns3:cad>89</ns3:cad>
          </ns3:TrackPointExtension>
        </extensions>
      </trkpt>
      <trkpt lat="55.6329499371349811553955078125" lon="37.311143763363361358642578125">
        <ele>195.600006103515625</ele>
        <time>2026-09-26T06:33:03.000Z</time>
        <extensions>
          <ns3:TrackPointExtension>
            <ns3:hr>151</ns3:hr>
            <ns3:cad>91</ns3:cad>
          </ns3:TrackPointExtension>
        </extensions>
      </trkpt>
      <trkpt lat="55.63297214917838573455810546875" lon="37.311120964586734771728515625">
        <ele>195.399993896484375</ele>
        <time>2026-09-26T06:33:04.000Z</time>
        <extensions>
          <ns3:TrackPointExtension>
            <ns3:hr>151</ns3:hr>
            <ns3:cad>91</ns3:cad>
          </ns3:TrackPointExtension>
        </extensions>
      </trkpt>
      <trkpt lat="55.6329972110688686370849609375" lon="37.311094142496585845947265625">
        <ele>195.399993896484375</ele>
        <time>2026-09-26T06:33:05.000Z</time>
        <extensions>
          <ns3:TrackPointExtension>
            <ns3:hr>152</ns3:hr>
            <ns3:cad>91</ns3:cad>
          </ns3:TrackPointExtension>
        </extensions>
      </trkpt>
      <trkpt lat="55.63301841728389263153076171875" lon="37.31106606312096118927001953125">
        <ele>195.1999969482421875</ele>
        <time>2026-09-26T06:33:06.000Z</time>
        <extensions>
          <ns3:TrackPointExtension>
            <ns3:hr>152</ns3:hr>
            <ns3:cad>91</ns3:cad>
          </ns3:TrackPointExtension>
        </extensions>
      </trkpt>
      <trkpt lat="55.63303367234766483306884765625" lon="37.3110379837453365325927734375">
        <ele>195.1999969482421875</ele>
        <time>2026-09-26T06:33:07.000Z</time>
        <extensions>
          <ns3:TrackPointExtension>
            <ns3:hr>153</ns3:hr>
            <ns3:cad>90</ns3:cad>
          </ns3:TrackPointExtension>
        </extensions>
      </trkpt>
      <trkpt lat="55.63305211253464221954345703125" lon="37.31101141311228275299072265625">
        <ele>195.1999969482421875</ele>
        <time>2026-09-26T06:33:08.000Z</time>
        <extensions>
          <ns3:TrackPointExtension>
            <ns3:hr>153</ns3:hr>
            <ns3:cad>90</ns3:cad>
          </ns3:TrackPointExtension>
        </extensions>
      </trkpt>
      <trkpt lat="55.6330760009586811065673828125" lon="37.31098224408924579620361328125">
        <ele>194.8000030517578125</ele>
        <time>2026-09-26T06:33:09.000Z</time>
        <extensions>
          <ns3:TrackPointExtension>
            <ns3:hr>154</ns3:hr>
            <ns3:cad>90</ns3:cad>
          </ns3:TrackPointExtension>
        </extensions>
      </trkpt>
      <trkpt lat="55.633099637925624847412109375" lon="37.3109635524451732635498046875">
        <ele>194.600006103515625</ele>
        <time>2026-09-26T06:33:10.000Z</time>
        <extensions>
          <ns3:TrackPointExtension>
            <ns3:hr>154</ns3:hr>
            <ns3:cad>84</ns3:cad>
          </ns3:TrackPointExtension>
        </extensions>
      </trkpt>
      <trkpt lat="55.63312344253063201904296875" lon="37.31093949638307094573974609375">
        <ele>194.399993896484375</ele>
        <time>2026-09-26T06:33:11.000Z</time>
        <extensions>
          <ns3:TrackPointExtension>
            <ns3:hr>155</ns3:hr>
            <ns3:cad>82</ns3:cad>
          </ns3:TrackPointExtension>
        </extensions>
      </trkpt>
      <trkpt lat="55.6331487558782100677490234375" lon="37.31092021800577640533447265625">
        <ele>194</ele>
        <time>2026-09-26T06:33:12.000Z</time>
        <extensions>
          <ns3:TrackPointExtension>
            <ns3:hr>155</ns3:hr>
            <ns3:cad>81</ns3:cad>
          </ns3:TrackPointExtension>
        </extensions>
      </trkpt>
      <trkpt lat="55.633169375360012054443359375" lon="37.31089808978140354156494140625">
        <ele>193.8000030517578125</ele>
        <time>2026-09-26T06:33:13.000Z</time>
        <extensions>
          <ns3:TrackPointExtension>
            <ns3:hr>155</ns3:hr>
            <ns3:cad>81</ns3:cad>
          </ns3:TrackPointExtension>
        </extensions>
      </trkpt>
      <trkpt lat="55.633190162479877471923828125" lon="37.31088099069893360137939453125">
        <ele>193.600006103515625</ele>
        <time>2026-09-26T06:33:14.000Z</time>
        <extensions>
          <ns3:TrackPointExtension>
            <ns3:hr>155</ns3:hr>
            <ns3:cad>85</ns3:cad>
          </ns3:TrackPointExtension>
        </extensions>
      </trkpt>
      <trkpt lat="55.63321120105683803558349609375" lon="37.3108519054949283599853515625">
        <ele>193.600006103515625</ele>
        <time>2026-09-26T06:33:15.000Z</time>
        <extensions>
          <ns3:TrackPointExtension>
            <ns3:hr>155</ns3:hr>
            <ns3:cad>86</ns3:cad>
          </ns3:TrackPointExtension>
        </extensions>
      </trkpt>
      <trkpt lat="55.63323182053864002227783203125" lon="37.31082919053733348846435546875">
        <ele>193.399993896484375</ele>
        <time>2026-09-26T06:33:16.000Z</time>
        <extensions>
          <ns3:TrackPointExtension>
            <ns3:hr>156</ns3:hr>
            <ns3:cad>87</ns3:cad>
          </ns3:TrackPointExtension>
        </extensions>
      </trkpt>
      <trkpt lat="55.63325596041977405548095703125" lon="37.310804463922977447509765625">
        <ele>193.399993896484375</ele>
        <time>2026-09-26T06:33:17.000Z</time>
        <extensions>
          <ns3:TrackPointExtension>
            <ns3:hr>155</ns3:hr>
            <ns3:cad>87</ns3:cad>
          </ns3:TrackPointExtension>
        </extensions>
      </trkpt>
      <trkpt lat="55.63327775336802005767822265625" lon="37.31078577227890491485595703125">
        <ele>193.399993896484375</ele>
        <time>2026-09-26T06:33:18.000Z</time>
        <extensions>
          <ns3:TrackPointExtension>
            <ns3:hr>155</ns3:hr>
            <ns3:cad>86</ns3:cad>
          </ns3:TrackPointExtension>
        </extensions>
      </trkpt>
      <trkpt lat="55.63329921104013919830322265625" lon="37.31077068485319614410400390625">
        <ele>193.1999969482421875</ele>
        <time>2026-09-26T06:33:19.000Z</time>
        <extensions>
          <ns3:TrackPointExtension>
            <ns3:hr>155</ns3:hr>
            <ns3:cad>86</ns3:cad>
          </ns3:TrackPointExtension>
        </extensions>
      </trkpt>
      <trkpt lat="55.63332200981676578521728515625" lon="37.31074436567723751068115234375">
        <ele>193.1999969482421875</ele>
        <time>2026-09-26T06:33:20.000Z</time>
        <extensions>
          <ns3:TrackPointExtension>
            <ns3:hr>154</ns3:hr>
            <ns3:cad>87</ns3:cad>
          </ns3:TrackPointExtension>
        </extensions>
      </trkpt>
      <trkpt lat="55.63334665261209011077880859375" lon="37.31072257272899150848388671875">
        <ele>193</ele>
        <time>2026-09-26T06:33:21.000Z</time>
        <extensions>
          <ns3:TrackPointExtension>
            <ns3:hr>154</ns3:hr>
            <ns3:cad>87</ns3:cad>
          </ns3:TrackPointExtension>
        </extensions>
      </trkpt>
      <trkpt lat="55.633371211588382720947265625" lon="37.31069826520979404449462890625">
        <ele>193</ele>
        <time>2026-09-26T06:33:22.000Z</time>
        <extensions>
          <ns3:TrackPointExtension>
            <ns3:hr>154</ns3:hr>
            <ns3:cad>87</ns3:cad>
          </ns3:TrackPointExtension>
        </extensions>
      </trkpt>
      <trkpt lat="55.63339208252727985382080078125" lon="37.31067379005253314971923828125">
        <ele>192.8000030517578125</ele>
        <time>2026-09-26T06:33:23.000Z</time>
        <extensions>
          <ns3:TrackPointExtension>
            <ns3:hr>155</ns3:hr>
            <ns3:cad>86</ns3:cad>
          </ns3:TrackPointExtension>
        </extensions>
      </trkpt>
      <trkpt lat="55.63341169618070125579833984375" lon="37.310638837516307830810546875">
        <ele>192.600006103515625</ele>
        <time>2026-09-26T06:33:24.000Z</time>
        <extensions>
          <ns3:TrackPointExtension>
            <ns3:hr>154</ns3:hr>
            <ns3:cad>86</ns3:cad>
          </ns3:TrackPointExtension>
        </extensions>
      </trkpt>
      <trkpt lat="55.63342845998704433441162109375" lon="37.310602627694606781005859375">
        <ele>192.399993896484375</ele>
        <time>2026-09-26T06:33:25.000Z</time>
        <extensions>
          <ns3:TrackPointExtension>
            <ns3:hr>154</ns3:hr>
            <ns3:cad>87</ns3:cad>
          </ns3:TrackPointExtension>
        </extensions>
      </trkpt>
      <trkpt lat="55.6334434635937213897705078125" lon="37.310578823089599609375">
        <ele>192.1999969482421875</ele>
        <time>2026-09-26T06:33:26.000Z</time>
        <extensions>
          <ns3:TrackPointExtension>
            <ns3:hr>154</ns3:hr>
            <ns3:cad>87</ns3:cad>
          </ns3:TrackPointExtension>
        </extensions>
      </trkpt>
    </trkseg>
  </trk>
</gpx>
